q,spatial_dimension,region,direction,layers,event_count,draws,statistic,estimate,reference,signed_deviation,relative_deviation,marginal_standard_error,standard_error_over_reference,reference_kind,uncertainty
55,1,centre,null,8,231,4000,C2_coefficient,0.2529391304347826,0.25,0.002939130434782611,0.011756521739130443,0.0035714912273291924,0.01428596490931677,analytic_flat,reported_marginal_not_reconstructed
55,1,centre,null,8,231,4000,C2_count,13438.656,13282.5,156.15600000000086,0.011756521739130443,189.753328908,0.01428596490931677,analytic_flat,reported_marginal_not_reconstructed
55,1,centre,null,8,231,4000,C2_dimension,1.9844026406,2,-0.015597359400000066,-0.007798679700000033,,,analytic_flat,not_retained
55,1,centre,null,8,231,4000,C3_N_over_C2_squared,0.4080659291735348,0.4444444444444444,-0.03637851527090963,-0.08185165935954664,,,analytic_flat,not_retained
55,1,centre,null,8,231,4000,C3_coefficient,0.026221330928422253,0.027777777777777776,-0.001556446849355523,-0.05603208657679881,0.0003065552074823474,0.011035987469364508,analytic_flat,reported_marginal_not_reconstructed
55,1,centre,null,8,231,4000,C3_count,319028.9025,337965.8333333333,-18936.93083333329,-0.05603208657679881,3729.78670174,0.011035987469364508,analytic_flat,reported_marginal_not_reconstructed
55,1,centre,null,8,231,4000,C3_dimension,2.03004356302,2,0.030043563019999997,0.015021781509999999,,,analytic_flat,not_retained
55,1,centre,null,8,231,4000,C4_N2_over_C2_cubed,0.08962684866563511,0.1111111111111111,-0.021484262445475993,-0.1933583620092839,,,analytic_flat,not_retained
55,1,centre,null,8,231,4000,C4_coefficient,0.0014695065727019275,0.001736111111111111,-0.0002666045384091835,-0.1535642141236897,3.9938240628352845e-05,0.02300442660193124,analytic_flat,reported_marginal_not_reconstructed
55,1,centre,null,8,231,4000,C4_count,4076445.85425,4816013.125,-739567.2707500001,-0.1535642141236897,110789.620448,0.02300442660193124,analytic_flat,reported_marginal_not_reconstructed
55,1,centre,null,8,231,4000,C4_dimension,2.04930021626,2,0.04930021625999981,0.024650108129999904,,,analytic_flat,not_retained
55,1,centre,null,8,231,4000,cdf_grid_distance_d2,0.200577860561,0.0,0.200577860561,,,,sampled_flat_reference_25_point_grid,source_and_reference_joint_uncertainty_unavailable
55,1,centre,null,8,231,4000,cdf_grid_distance_d3,0.339358127063,0.0,0.339358127063,,,,sampled_flat_reference_25_point_grid,source_and_reference_joint_uncertainty_unavailable
55,1,centre,null,8,231,4000,cdf_grid_distance_d4,0.556072127063,0.0,0.556072127063,,,,sampled_flat_reference_25_point_grid,source_and_reference_joint_uncertainty_unavailable
55,1,centre,null,8,231,4000,cdf_grid_distance_d5,0.6866297062710001,0.0,0.6866297062710001,,,,sampled_flat_reference_25_point_grid,source_and_reference_joint_uncertainty_unavailable
55,1,centre,null,8,231,4000,cdf_grid_distance_d6,0.752536972772,0.0,0.752536972772,,,,sampled_flat_reference_25_point_grid,source_and_reference_joint_uncertainty_unavailable
55,1,centre,null,8,231,4000,count_volume_coefficient,0.973376051431,1.0,-0.026623948568999967,-0.026623948568999967,,,supplied_continuum_volume,deterministic_finite_geometry_not_sampling_error
55,1,centre,null,8,231,4000,empty_interval_weight,0.200636860561,0.0,0.200636860561,,,,continuum_zero_lattice_sensitive_control,not_retained
55,1,centre,null,8,231,4000,interval_mean,0.104189120549,0.1111111111111111,-0.0069219905621111105,-0.06229791505899995,,,analytic_flat,not_retained
55,1,centre,null,8,231,4000,interval_mean_sampled_reference_d2,0.104189120549,0.111230923338,-0.007041802789000004,-0.06330795949254076,,,sampled_flat_reference,source_and_reference_joint_uncertainty_unavailable
55,1,centre,null,8,231,4000,interval_mean_sampled_reference_d3,0.104189120549,0.0334036486429,0.07078547190609999,2.1190940146338044,,,sampled_flat_reference,source_and_reference_joint_uncertainty_unavailable
55,1,centre,null,8,231,4000,interval_mean_sampled_reference_d4,0.104189120549,0.00953169216111,0.09465742838789,9.930810478133067,,,sampled_flat_reference,source_and_reference_joint_uncertainty_unavailable
55,1,centre,null,8,231,4000,interval_mean_sampled_reference_d5,0.104189120549,0.00264783067105,0.10154128987795,38.34886081959451,,,sampled_flat_reference,source_and_reference_joint_uncertainty_unavailable
55,1,centre,null,8,231,4000,interval_mean_sampled_reference_d6,0.104189120549,0.000728317610158,0.103460802938842,142.05451233891952,,,sampled_flat_reference,source_and_reference_joint_uncertainty_unavailable
55,1,centre,null,8,231,4000,interval_second_moment_d2,0.0262538692509,0.0278764142498,-0.0016225449988999975,-0.05820493928524684,,,sampled_flat_reference,source_and_reference_joint_uncertainty_unavailable
55,1,centre,null,8,231,4000,interval_second_moment_d3,0.0262538692509,0.00409438370913,0.02215948554177,5.412166302918049,,,sampled_flat_reference,source_and_reference_joint_uncertainty_unavailable
55,1,centre,null,8,231,4000,interval_second_moment_d4,0.0262538692509,0.000567225438714,0.025686643812186,45.284717607909386,,,sampled_flat_reference,source_and_reference_joint_uncertainty_unavailable
55,1,centre,null,8,231,4000,interval_second_moment_d5,0.0262538692509,7.71570990227e-05,0.0261767121518773,339.26511602225975,,,sampled_flat_reference,source_and_reference_joint_uncertainty_unavailable
55,1,centre,null,8,231,4000,interval_second_moment_d6,0.0262538692509,1.05269535255e-05,0.026243342297374503,2492.966482069466,,,sampled_flat_reference,source_and_reference_joint_uncertainty_unavailable
89,1,centre,null,10,459,4000,C2_coefficient,0.2518144104803493,0.25,0.0018144104803493044,0.007257641921397218,0.003543463172018152,0.014173852688072608,analytic_flat,reported_marginal_not_reconstructed
89,1,centre,null,10,459,4000,C2_count,52936.929,52555.5,381.42899999999645,0.007257641921397218,744.913914948,0.014173852688072608,analytic_flat,reported_marginal_not_reconstructed
89,1,centre,null,10,459,4000,C2_dimension,1.99035296309,2,-0.009647036909999906,-0.004823518454999953,,,analytic_flat,not_retained
89,1,centre,null,10,459,4000,C3_N_over_C2_squared,0.4234895345029415,0.4444444444444444,-0.020954909941502897,-0.04714854736838148,,,analytic_flat,not_retained
89,1,centre,null,10,459,4000,C3_coefficient,0.026912442787115517,0.027777777777777776,-0.0008653349906622594,-0.03115205966384138,0.00030064035073935696,0.010823052626616852,analytic_flat,reported_marginal_not_reconstructed
89,1,centre,null,10,459,4000,C3_count,2585517.50925,2668651.5,-83133.99074999988,-0.03115205966384138,28882.9556266,0.010823052626616852,analytic_flat,reported_marginal_not_reconstructed
89,1,centre,null,10,459,4000,C3_dimension,2.01649922003,2,0.01649922003000004,0.00824961001500002,,,analytic_flat,not_retained
89,1,centre,null,10,459,4000,C4_N2_over_C2_cubed,0.09500702656450423,0.1111111111111111,-0.016104084546606875,-0.14493676091946184,,,analytic_flat,not_retained
89,1,centre,null,10,459,4000,C4_coefficient,0.001527029329151123,0.001736111111111111,-0.00020908178195998793,-0.12043110640895305,3.885236208638712e-05,0.022378960561758983,analytic_flat,reported_marginal_not_reconstructed
89,1,centre,null,10,459,4000,C4_count,66896991.1462,76056567.75,-9159576.603799999,-0.12043110640895305,1702066.93014,0.022378960561758983,analytic_flat,reported_marginal_not_reconstructed
89,1,centre,null,10,459,4000,C4_dimension,2.03796310445,2,0.037963104450000174,0.018981552225000087,,,analytic_flat,not_retained
89,1,centre,null,10,459,4000,cdf_grid_distance_d2,0.13535558931299999,0.0,0.13535558931299999,,,,sampled_flat_reference_25_point_grid,source_and_reference_joint_uncertainty_unavailable
89,1,centre,null,10,459,4000,cdf_grid_distance_d3,0.34765002818,0.0,0.34765002818,,,,sampled_flat_reference_25_point_grid,source_and_reference_joint_uncertainty_unavailable
89,1,centre,null,10,459,4000,cdf_grid_distance_d4,0.6045413759789999,0.0,0.6045413759789999,,,,sampled_flat_reference_25_point_grid,source_and_reference_joint_uncertainty_unavailable
89,1,centre,null,10,459,4000,cdf_grid_distance_d5,0.743332639767,0.0,0.743332639767,,,,sampled_flat_reference_25_point_grid,source_and_reference_joint_uncertainty_unavailable
89,1,centre,null,10,459,4000,cdf_grid_distance_d6,0.809696693803,0.0,0.809696693803,,,,sampled_flat_reference_25_point_grid,source_and_reference_joint_uncertainty_unavailable
89,1,centre,null,10,459,4000,count_volume_coefficient,0.973078053846,1.0,-0.02692194615400001,-0.02692194615400001,,,supplied_continuum_volume,deterministic_finite_geometry_not_sampling_error
89,1,centre,null,10,459,4000,empty_interval_weight,0.135414589313,0.0,0.135414589313,,,,continuum_zero_lattice_sensitive_control,not_retained
89,1,centre,null,10,459,4000,interval_mean,0.10546239847,0.1111111111111111,-0.005648712641111109,-0.05083841376999998,,,analytic_flat,not_retained
89,1,centre,null,10,459,4000,interval_mean_sampled_reference_d2,0.10546239847,0.111230923338,-0.005768524868000002,-0.05186080178864516,,,sampled_flat_reference,source_and_reference_joint_uncertainty_unavailable
89,1,centre,null,10,459,4000,interval_mean_sampled_reference_d3,0.10546239847,0.0334036486429,0.0720587498271,2.1572119440436097,,,sampled_flat_reference,source_and_reference_joint_uncertainty_unavailable
89,1,centre,null,10,459,4000,interval_mean_sampled_reference_d4,0.10546239847,0.00953169216111,0.09593070630889,10.064394095761326,,,sampled_flat_reference,source_and_reference_joint_uncertainty_unavailable
89,1,centre,null,10,459,4000,interval_mean_sampled_reference_d5,0.10546239847,0.00264783067105,0.10281456779895,38.82973670600272,,,sampled_flat_reference,source_and_reference_joint_uncertainty_unavailable
89,1,centre,null,10,459,4000,interval_mean_sampled_reference_d6,0.10546239847,0.000728317610158,0.104734080859842,143.80275775169181,,,sampled_flat_reference,source_and_reference_joint_uncertainty_unavailable
89,1,centre,null,10,459,4000,interval_second_moment_d2,0.0259609817385,0.0278764142498,-0.0019154325113000005,-0.06871158155908608,,,sampled_flat_reference,source_and_reference_joint_uncertainty_unavailable
89,1,centre,null,10,459,4000,interval_second_moment_d3,0.0259609817385,0.00409438370913,0.021866598029369997,5.3406323351204295,,,sampled_flat_reference,source_and_reference_joint_uncertainty_unavailable
89,1,centre,null,10,459,4000,interval_second_moment_d4,0.0259609817385,0.000567225438714,0.025393756299785998,44.76836644942814,,,sampled_flat_reference,source_and_reference_joint_uncertainty_unavailable
89,1,centre,null,10,459,4000,interval_second_moment_d5,0.0259609817385,7.71570990227e-05,0.025883824639477297,335.4691268506887,,,sampled_flat_reference,source_and_reference_joint_uncertainty_unavailable
89,1,centre,null,10,459,4000,interval_second_moment_d6,0.0259609817385,1.05269535255e-05,0.0259504547849745,2465.14385402323,,,sampled_flat_reference,source_and_reference_joint_uncertainty_unavailable
144,1,centre,null,12,837,2000,C2_coefficient,0.25056937799043066,0.25,0.000569377990430664,0.002277511961722656,0.005048519803410449,0.020194079213641795,analytic_flat,reported_marginal_not_reconstructed
144,1,centre,null,12,837,2000,C2_count,175331.412,174933.0,398.4120000000112,0.002277511961722656,3532.61085908,0.020194079213641795,analytic_flat,reported_marginal_not_reconstructed
144,1,centre,null,12,837,2000,C2_dimension,1.99696626399,2,-0.003033736009999899,-0.0015168680049999494,,,analytic_flat,not_retained
144,1,centre,null,12,837,2000,C3_N_over_C2_squared,0.430632149255217,0.4444444444444444,-0.013812295189227441,-0.031077664175761743,,,analytic_flat,not_retained
144,1,centre,null,12,837,2000,C3_coefficient,0.02706962510385927,0.027777777777777776,-0.0007081526739185079,-0.02549349626106634,0.0004240966833478179,0.015267480600521445,analytic_flat,reported_marginal_not_reconstructed
144,1,centre,null,12,837,2000,C3_count,15816138.2325,16229895.0,-413756.7675000001,-0.02549349626106634,247789.607061,0.015267480600521445,analytic_flat,reported_marginal_not_reconstructed
144,1,centre,null,12,837,2000,C3_dimension,2.01346505519,2,0.013465055190000186,0.006732527595000093,,,analytic_flat,not_retained
144,1,centre,null,12,837,2000,C4_N2_over_C2_cubed,0.09990528358014512,0.1111111111111111,-0.011205827530965981,-0.10085244777869384,,,analytic_flat,not_retained
144,1,centre,null,12,837,2000,C4_coefficient,0.0015773659816094637,0.001736111111111111,-0.00015874512950164732,-0.09143719459294886,5.4701428853935725e-05,0.03150802301986698,analytic_flat,reported_marginal_not_reconstructed
144,1,centre,null,12,837,2000,C4_count,768628939.365,845983276.875,-77354337.50999999,-0.09143719459294897,26655260.5622,0.03150802301986698,analytic_flat,reported_marginal_not_reconstructed
144,1,centre,null,12,837,2000,C4_dimension,2.02837936841,2,0.028379368409999994,0.014189684204999997,,,analytic_flat,not_retained
144,1,centre,null,12,837,2000,cdf_grid_distance_d2,0.0865165504211,0.0,0.0865165504211,,,,sampled_flat_reference_25_point_grid,source_and_reference_joint_uncertainty_unavailable
144,1,centre,null,12,837,2000,cdf_grid_distance_d3,0.38507128413799996,0.0,0.38507128413799996,,,,sampled_flat_reference_25_point_grid,source_and_reference_joint_uncertainty_unavailable
144,1,centre,null,12,837,2000,cdf_grid_distance_d4,0.625352587733,0.0,0.625352587733,,,,sampled_flat_reference_25_point_grid,source_and_reference_joint_uncertainty_unavailable
144,1,centre,null,12,837,2000,cdf_grid_distance_d5,0.7725651477590001,0.0,0.7725651477590001,,,,sampled_flat_reference_25_point_grid,source_and_reference_joint_uncertainty_unavailable
144,1,centre,null,12,837,2000,cdf_grid_distance_d6,0.849866403922,0.0,0.849866403922,,,,sampled_flat_reference_25_point_grid,source_and_reference_joint_uncertainty_unavailable
144,1,centre,null,12,837,2000,count_volume_coefficient,0.96875,1.0,-0.03125,-0.03125,,,supplied_continuum_volume,deterministic_finite_geometry_not_sampling_error
144,1,centre,null,12,837,2000,empty_interval_weight,0.0865755504211,0.0,0.0865755504211,,,,continuum_zero_lattice_sensitive_control,not_retained
144,1,centre,null,12,837,2000,interval_mean,0.110106815885,0.1111111111111111,-0.0010042952261111043,-0.009038657034999953,,,analytic_flat,not_retained
144,1,centre,null,12,837,2000,interval_mean_sampled_reference_d2,0.110106815885,0.111230923338,-0.0011241074529999978,-0.010106069600664402,,,sampled_flat_reference,source_and_reference_joint_uncertainty_unavailable
144,1,centre,null,12,837,2000,interval_mean_sampled_reference_d3,0.110106815885,0.0334036486429,0.0767031672421,2.2962511689094596,,,sampled_flat_reference,source_and_reference_joint_uncertainty_unavailable
144,1,centre,null,12,837,2000,interval_mean_sampled_reference_d4,0.110106815885,0.00953169216111,0.10057512372389,10.551654630039758,,,sampled_flat_reference,source_and_reference_joint_uncertainty_unavailable
144,1,centre,null,12,837,2000,interval_mean_sampled_reference_d5,0.110106815885,0.00264783067105,0.10745898521395,40.583782939313494,,,sampled_flat_reference,source_and_reference_joint_uncertainty_unavailable
144,1,centre,null,12,837,2000,interval_mean_sampled_reference_d6,0.110106815885,0.000728317610158,0.109378498274842,150.17966989856748,,,sampled_flat_reference,source_and_reference_joint_uncertainty_unavailable
144,1,centre,null,12,837,2000,interval_second_moment_d2,0.0276518348049,0.0278764142498,-0.00022457944489999784,-0.00805625296307999,,,sampled_flat_reference,source_and_reference_joint_uncertainty_unavailable
144,1,centre,null,12,837,2000,interval_second_moment_d3,0.0276518348049,0.00409438370913,0.02355745109577,5.753601217990297,,,sampled_flat_reference,source_and_reference_joint_uncertainty_unavailable
144,1,centre,null,12,837,2000,interval_second_moment_d4,0.0276518348049,0.000567225438714,0.027084609366186,47.749285412148616,,,sampled_flat_reference,source_and_reference_joint_uncertainty_unavailable
144,1,centre,null,12,837,2000,interval_second_moment_d5,0.0276518348049,7.71570990227e-05,0.0275746777058773,357.38354675264156,,,sampled_flat_reference,source_and_reference_joint_uncertainty_unavailable
144,1,centre,null,12,837,2000,interval_second_moment_d6,0.0276518348049,1.05269535255e-05,0.027641307851374503,2625.7651641016073,,,sampled_flat_reference,source_and_reference_joint_uncertainty_unavailable
55,1,centre_reference_for_tips,null,5,90,800,C2_coefficient,0.2457443820224719,0.25,-0.004255617977528103,-0.017022471910112413,0.008433570028451935,0.03373428011380774,analytic_flat,reported_marginal_not_reconstructed
55,1,centre_reference_for_tips,null,5,90,800,C2_count,1968.4125,2002.5,-34.08750000000009,-0.017022471910112413,67.5528959279,0.03373428011380774,analytic_flat,reported_marginal_not_reconstructed
55,1,centre_reference_for_tips,null,5,90,800,C2_dimension,2.02286347136,2,0.02286347136,0.01143173568,,,analytic_flat,not_retained
55,1,centre_reference_for_tips,null,5,90,800,C3_N_over_C2_squared,0.3534900025105423,0.4444444444444444,-0.09095444193390212,-0.20464749435127982,,,analytic_flat,not_retained
55,1,centre_reference_for_tips,null,5,90,800,C3_coefficient,0.021589951481103167,0.027777777777777776,-0.006187826296674609,-0.22276174668028592,0.0006634090003532516,0.02388272401271706,analytic_flat,reported_marginal_not_reconstructed
55,1,centre_reference_for_tips,null,5,90,800,C3_count,15218.325,19580.0,-4361.674999999999,-0.22276174668028592,467.623736169,0.023882724012717058,analytic_flat,reported_marginal_not_reconstructed
55,1,centre_reference_for_tips,null,5,90,800,C3_dimension,2.13071737245,2,0.13071737244999992,0.06535868622499996,,,analytic_flat,not_retained
55,1,centre_reference_for_tips,null,5,90,800,C4_N2_over_C2_cubed,0.05752523881242769,0.1111111111111111,-0.05358587229868342,-0.48227285068815073,,,analytic_flat,not_retained
55,1,centre_reference_for_tips,null,5,90,800,C4_coefficient,0.0008832574583494769,0.001736111111111111,-0.0008528536527616341,-0.4912437039907013,6.622013655784893e-05,0.03814279865732099,analytic_flat,reported_marginal_not_reconstructed
55,1,centre_reference_for_tips,null,5,90,800,C4_count,54165.375,106466.25,-52300.875,-0.4912437039907013,4060.92073755,0.03814279865732098,analytic_flat,reported_marginal_not_reconstructed
55,1,centre_reference_for_tips,null,5,90,800,C4_dimension,2.19869527008,2,0.19869527007999999,0.09934763503999999,,,analytic_flat,not_retained
55,1,centre_reference_for_tips,null,5,90,800,cdf_grid_distance_d2,0.385549961536,0.0,0.385549961536,,,,sampled_flat_reference_25_point_grid,source_and_reference_joint_uncertainty_unavailable
55,1,centre_reference_for_tips,null,5,90,800,cdf_grid_distance_d3,0.383587961536,0.0,0.383587961536,,,,sampled_flat_reference_25_point_grid,source_and_reference_joint_uncertainty_unavailable
55,1,centre_reference_for_tips,null,5,90,800,cdf_grid_distance_d4,0.49901323987,0.0,0.49901323987,,,,sampled_flat_reference_25_point_grid,source_and_reference_joint_uncertainty_unavailable
55,1,centre_reference_for_tips,null,5,90,800,cdf_grid_distance_d5,0.5647622398700001,0.0,0.5647622398700001,,,,sampled_flat_reference_25_point_grid,source_and_reference_joint_uncertainty_unavailable
55,1,centre_reference_for_tips,null,5,90,800,cdf_grid_distance_d6,0.600566038464,0.0,0.600566038464,,,,sampled_flat_reference_25_point_grid,source_and_reference_joint_uncertainty_unavailable
55,1,centre_reference_for_tips,null,5,90,800,count_volume_coefficient,0.970847801947,1.0,-0.029152198052999956,-0.029152198052999956,,,supplied_continuum_volume,deterministic_finite_geometry_not_sampling_error
55,1,centre_reference_for_tips,null,5,90,800,empty_interval_weight,0.385608961536,0.0,0.385608961536,,,,continuum_zero_lattice_sensitive_control,not_retained
55,1,centre_reference_for_tips,null,5,90,800,interval_mean,0.094927384377,0.1111111111111111,-0.0161837267341111,-0.14565354060699987,,,analytic_flat,not_retained
55,1,centre_reference_for_tips,null,5,90,800,interval_mean_sampled_reference_d2,0.094927384377,0.111230923338,-0.016303538960999994,-0.14657379865002151,,,sampled_flat_reference,source_and_reference_joint_uncertainty_unavailable
55,1,centre_reference_for_tips,null,5,90,800,interval_mean_sampled_reference_d3,0.094927384377,0.0334036486429,0.061523735734100006,1.841826813346541,,,sampled_flat_reference,source_and_reference_joint_uncertainty_unavailable
55,1,centre_reference_for_tips,null,5,90,800,interval_mean_sampled_reference_d4,0.094927384377,0.00953169216111,0.08539569221589001,8.959132415575764,,,sampled_flat_reference,source_and_reference_joint_uncertainty_unavailable
55,1,centre_reference_for_tips,null,5,90,800,interval_mean_sampled_reference_d5,0.094927384377,0.00264783067105,0.09227955370595001,34.85100263958965,,,sampled_flat_reference,source_and_reference_joint_uncertainty_unavailable
55,1,centre_reference_for_tips,null,5,90,800,interval_mean_sampled_reference_d6,0.094927384377,0.000728317610158,0.094199066766842,129.33789524381623,,,sampled_flat_reference,source_and_reference_joint_uncertainty_unavailable
55,1,centre_reference_for_tips,null,5,90,800,interval_second_moment_d2,0.0252913973965,0.0278764142498,-0.002585016853299999,-0.09273132584900312,,,sampled_flat_reference,source_and_reference_joint_uncertainty_unavailable
55,1,centre_reference_for_tips,null,5,90,800,interval_second_moment_d3,0.0252913973965,0.00409438370913,0.02119701368737,5.177095063196719,,,sampled_flat_reference,source_and_reference_joint_uncertainty_unavailable
55,1,centre_reference_for_tips,null,5,90,800,interval_second_moment_d4,0.0252913973965,0.000567225438714,0.024724171957786,43.58791103205817,,,sampled_flat_reference,source_and_reference_joint_uncertainty_unavailable
55,1,centre_reference_for_tips,null,5,90,800,interval_second_moment_d5,0.0252913973965,7.71570990227e-05,0.0252142402974773,326.79093196672864,,,sampled_flat_reference,source_and_reference_joint_uncertainty_unavailable
55,1,centre_reference_for_tips,null,5,90,800,interval_second_moment_d6,0.0252913973965,1.05269535255e-05,0.0252808704429745,2401.537195137729,,,sampled_flat_reference,source_and_reference_joint_uncertainty_unavailable
89,1,centre_reference_for_tips,null,6,169,800,C2_coefficient,0.23302083333333332,0.25,-0.016979166666666684,-0.06791666666666674,0.007842018899373063,0.03136807559749225,analytic_flat,reported_marginal_not_reconstructed
89,1,centre_reference_for_tips,null,6,169,800,C2_count,6615.9275,7098.0,-482.0725000000002,-0.06791666666666674,222.650600591,0.03136807559749225,analytic_flat,reported_marginal_not_reconstructed
89,1,centre_reference_for_tips,null,6,169,800,C2_dimension,2.09331042341,2,0.09331042341000018,0.04665521170500009,,,analytic_flat,not_retained
89,1,centre_reference_for_tips,null,6,169,800,C3_N_over_C2_squared,0.4071576548045667,0.4444444444444444,-0.03728678963987769,-0.08389527668972485,,,analytic_flat,not_retained
89,1,centre_reference_for_tips,null,6,169,800,C3_coefficient,0.022240518962075847,0.027777777777777776,-0.005537258815701929,-0.1993413173652695,0.000653636978456443,0.02353093122443195,analytic_flat,reported_marginal_not_reconstructed
89,1,centre_reference_for_tips,null,6,169,800,C3_count,105452.62,131707.3333333333,-26254.71333333332,-0.1993413173652694,3099.19620242,0.023530931224431954,analytic_flat,reported_marginal_not_reconstructed
89,1,centre_reference_for_tips,null,6,169,800,C3_dimension,2.11539454083,2,0.11539454083000011,0.05769727041500006,,,analytic_flat,not_retained
89,1,centre_reference_for_tips,null,6,169,800,C4_N2_over_C2_cubed,0.07288634130583467,0.1111111111111111,-0.038224769805276435,-0.3440229282474879,,,analytic_flat,not_retained
89,1,centre_reference_for_tips,null,6,169,800,C4_coefficient,0.0009389109582040738,0.001736111111111111,-0.0007972001529070373,-0.4591872880744535,6.434007542258972e-05,0.037059883443411684,analytic_flat,reported_marginal_not_reconstructed
89,1,centre_reference_for_tips,null,6,169,800,C4_count,739000.87625,1366463.5833333333,-627462.7070833333,-0.4591872880744535,50640.981128,0.037059883443411684,analytic_flat,reported_marginal_not_reconstructed
89,1,centre_reference_for_tips,null,6,169,800,C4_dimension,2.1808481811,2,0.1808481811,0.09042409055,,,analytic_flat,not_retained
89,1,centre_reference_for_tips,null,6,169,800,cdf_grid_distance_d2,0.34108666702900003,0.0,0.34108666702900003,,,,sampled_flat_reference_25_point_grid,source_and_reference_joint_uncertainty_unavailable
89,1,centre_reference_for_tips,null,6,169,800,cdf_grid_distance_d3,0.339124667029,0.0,0.339124667029,,,,sampled_flat_reference_25_point_grid,source_and_reference_joint_uncertainty_unavailable
89,1,centre_reference_for_tips,null,6,169,800,cdf_grid_distance_d4,0.462006841178,0.0,0.462006841178,,,,sampled_flat_reference_25_point_grid,source_and_reference_joint_uncertainty_unavailable
89,1,centre_reference_for_tips,null,6,169,800,cdf_grid_distance_d5,0.570495220193,0.0,0.570495220193,,,,sampled_flat_reference_25_point_grid,source_and_reference_joint_uncertainty_unavailable
89,1,centre_reference_for_tips,null,6,169,800,cdf_grid_distance_d6,0.630257332971,0.0,0.630257332971,,,,sampled_flat_reference_25_point_grid,source_and_reference_joint_uncertainty_unavailable
89,1,centre_reference_for_tips,null,6,169,800,count_volume_coefficient,0.995220231784,1.0,-0.004779768216000013,-0.004779768216000013,,,supplied_continuum_volume,deterministic_finite_geometry_not_sampling_error
89,1,centre_reference_for_tips,null,6,169,800,empty_interval_weight,0.341145667029,0.0,0.341145667029,,,,continuum_zero_lattice_sensitive_control,not_retained
89,1,centre_reference_for_tips,null,6,169,800,interval_mean,0.0998319963452,0.1111111111111111,-0.011279114765911105,-0.10151203289319999,,,analytic_flat,not_retained
89,1,centre_reference_for_tips,null,6,169,800,interval_mean_sampled_reference_d2,0.0998319963452,0.111230923338,-0.011398926992799999,-0.10247983789689319,,,sampled_flat_reference,source_and_reference_joint_uncertainty_unavailable
89,1,centre_reference_for_tips,null,6,169,800,interval_mean_sampled_reference_d3,0.0998319963452,0.0334036486429,0.0664283477023,1.988655443375329,,,sampled_flat_reference,source_and_reference_joint_uncertainty_unavailable
89,1,centre_reference_for_tips,null,6,169,800,interval_mean_sampled_reference_d4,0.0998319963452,0.00953169216111,0.09030030418409,9.473690784152874,,,sampled_flat_reference,source_and_reference_joint_uncertainty_unavailable
89,1,centre_reference_for_tips,null,6,169,800,interval_mean_sampled_reference_d5,0.0998319963452,0.00264783067105,0.09718416567415,36.70331593961464,,,sampled_flat_reference,source_and_reference_joint_uncertainty_unavailable
89,1,centre_reference_for_tips,null,6,169,800,interval_mean_sampled_reference_d6,0.0998319963452,0.000728317610158,0.099103678735042,136.0720616291876,,,sampled_flat_reference,source_and_reference_joint_uncertainty_unavailable
89,1,centre_reference_for_tips,null,6,169,800,interval_second_moment_d2,0.0279413508058,0.0278764142498,6.493655600000106e-05,0.002329444361749866,,,sampled_flat_reference,source_and_reference_joint_uncertainty_unavailable
89,1,centre_reference_for_tips,null,6,169,800,interval_second_moment_d3,0.0279413508058,0.00409438370913,0.02384696709667,5.8243117379287215,,,sampled_flat_reference,source_and_reference_joint_uncertainty_unavailable
89,1,centre_reference_for_tips,null,6,169,800,interval_second_moment_d4,0.0279413508058,0.000567225438714,0.027374125367086,48.25969270551047,,,sampled_flat_reference,source_and_reference_joint_uncertainty_unavailable
89,1,centre_reference_for_tips,null,6,169,800,interval_second_moment_d5,0.0279413508058,7.71570990227e-05,0.0278641937067773,361.1358392126629,,,sampled_flat_reference,source_and_reference_joint_uncertainty_unavailable
89,1,centre_reference_for_tips,null,6,169,800,interval_second_moment_d6,0.0279413508058,1.05269535255e-05,0.0279308238522745,2653.26751795913,,,sampled_flat_reference,source_and_reference_joint_uncertainty_unavailable
144,1,centre_reference_for_tips,null,8,377,400,C2_coefficient,0.24464095744680853,0.25,-0.005359042553191473,-0.021436170212765893,0.011192500275198938,0.04477000110079575,analytic_flat,reported_marginal_not_reconstructed
144,1,centre_reference_for_tips,null,8,377,400,C2_count,34678.345,35438.0,-759.6549999999988,-0.021436170212765893,1586.55929901,0.04477000110079575,analytic_flat,reported_marginal_not_reconstructed
144,1,centre_reference_for_tips,null,8,377,400,C2_dimension,2.02884696429,2,0.02884696429,0.014423482145,,,analytic_flat,not_retained
144,1,centre_reference_for_tips,null,8,377,400,C3_N_over_C2_squared,0.4212384833926635,0.4444444444444444,-0.02320596105178091,-0.052213412366507006,,,analytic_flat,not_retained
144,1,centre_reference_for_tips,null,8,377,400,C3_coefficient,0.025278014184397162,0.027777777777777776,-0.002499763593380614,-0.08999148936170209,0.000985487269110371,0.03547754168797336,analytic_flat,reported_marginal_not_reconstructed
144,1,centre_reference_for_tips,null,8,377,400,C3_count,1343703.4,1476583.3333333333,-132879.93333333335,-0.08999148936170209,52385.5467641,0.03547754168797336,analytic_flat,reported_marginal_not_reconstructed
144,1,centre_reference_for_tips,null,8,377,400,C3_dimension,2.04909037598,2,0.0490903759800001,0.02454518799000005,,,analytic_flat,not_retained
144,1,centre_reference_for_tips,null,8,377,400,C4_N2_over_C2_cubed,0.08771675126534341,0.1111111111111111,-0.023394359845767695,-0.21054923861190922,,,analytic_flat,not_retained
144,1,centre_reference_for_tips,null,8,377,400,C4_coefficient,0.0012946216387909129,0.001736111111111111,-0.00044148947232019813,-0.25429793605643414,0.00011209073741501691,0.06456426475104975,analytic_flat,reported_marginal_not_reconstructed
144,1,centre_reference_for_tips,null,8,377,400,C4_count,25738007.7175,34515135.416666664,-8777127.699166663,-0.25429793605643414,2228444.34096,0.06456426475104975,analytic_flat,reported_marginal_not_reconstructed
144,1,centre_reference_for_tips,null,8,377,400,C4_dimension,2.0866406292,2,0.08664062920000015,0.043320314600000076,,,analytic_flat,not_retained
144,1,centre_reference_for_tips,null,8,377,400,cdf_grid_distance_d2,0.168120594499,0.0,0.168120594499,,,,sampled_flat_reference_25_point_grid,source_and_reference_joint_uncertainty_unavailable
144,1,centre_reference_for_tips,null,8,377,400,cdf_grid_distance_d3,0.385956938631,0.0,0.385956938631,,,,sampled_flat_reference_25_point_grid,source_and_reference_joint_uncertainty_unavailable
144,1,centre_reference_for_tips,null,8,377,400,cdf_grid_distance_d4,0.615306977822,0.0,0.615306977822,,,,sampled_flat_reference_25_point_grid,source_and_reference_joint_uncertainty_unavailable
144,1,centre_reference_for_tips,null,8,377,400,cdf_grid_distance_d5,0.735512806381,0.0,0.735512806381,,,,sampled_flat_reference_25_point_grid,source_and_reference_joint_uncertainty_unavailable
144,1,centre_reference_for_tips,null,8,377,400,cdf_grid_distance_d6,0.793140239767,0.0,0.793140239767,,,,sampled_flat_reference_25_point_grid,source_and_reference_joint_uncertainty_unavailable
144,1,centre_reference_for_tips,null,8,377,400,count_volume_coefficient,0.981770833333,1.0,-0.01822916666700003,-0.01822916666700003,,,supplied_continuum_volume,deterministic_finite_geometry_not_sampling_error
144,1,centre_reference_for_tips,null,8,377,400,empty_interval_weight,0.168179594499,0.0,0.168179594499,,,,continuum_zero_lattice_sensitive_control,not_retained
144,1,centre_reference_for_tips,null,8,377,400,interval_mean,0.125490129359,0.1111111111111111,0.014379018247888897,0.12941116423100008,,,analytic_flat,not_retained
144,1,centre_reference_for_tips,null,8,377,400,interval_mean_sampled_reference_d2,0.125490129359,0.111230923338,0.014259206021000004,0.12819462064223108,,,sampled_flat_reference,source_and_reference_joint_uncertainty_unavailable
144,1,centre_reference_for_tips,null,8,377,400,interval_mean_sampled_reference_d3,0.125490129359,0.0334036486429,0.09208648071610001,2.756779108191019,,,sampled_flat_reference,source_and_reference_joint_uncertainty_unavailable
144,1,centre_reference_for_tips,null,8,377,400,interval_mean_sampled_reference_d4,0.125490129359,0.00953169216111,0.11595843719789001,12.165566747005206,,,sampled_flat_reference,source_and_reference_joint_uncertainty_unavailable
144,1,centre_reference_for_tips,null,8,377,400,interval_mean_sampled_reference_d5,0.125490129359,0.00264783067105,0.12284229868795,46.39356286300466,,,sampled_flat_reference,source_and_reference_joint_uncertainty_unavailable
144,1,centre_reference_for_tips,null,8,377,400,interval_mean_sampled_reference_d6,0.125490129359,0.000728317610158,0.124761811748842,171.30138006930298,,,sampled_flat_reference,source_and_reference_joint_uncertainty_unavailable
144,1,centre_reference_for_tips,null,8,377,400,interval_second_moment_d2,0.0389017903889,0.0278764142498,0.011025376139100002,0.39550912252565285,,,sampled_flat_reference,source_and_reference_joint_uncertainty_unavailable
144,1,centre_reference_for_tips,null,8,377,400,interval_second_moment_d3,0.0389017903889,0.00409438370913,0.03480740667977,8.501256636536905,,,sampled_flat_reference,source_and_reference_joint_uncertainty_unavailable
144,1,centre_reference_for_tips,null,8,377,400,interval_second_moment_d4,0.0389017903889,0.000567225438714,0.038334564950186,67.58259121293504,,,sampled_flat_reference,source_and_reference_joint_uncertainty_unavailable
144,1,centre_reference_for_tips,null,8,377,400,interval_second_moment_d5,0.0389017903889,7.71570990227e-05,0.0388246332898773,503.1893860920679,,,sampled_flat_reference,source_and_reference_joint_uncertainty_unavailable
144,1,centre_reference_for_tips,null,8,377,400,interval_second_moment_d6,0.0389017903889,1.05269535255e-05,0.0388912634353745,3694.4461986239535,,,sampled_flat_reference,source_and_reference_joint_uncertainty_unavailable
55,1,tip,[-1],5,90,800,C2_coefficient,0.24751404494382023,0.25,-0.002485955056179767,-0.009943820224719069,0.007981335188002496,0.031925340752009986,analytic_flat,reported_marginal_not_reconstructed
55,1,tip,[-1],5,90,800,C2_count,1982.5875,2002.5,-19.91249999999991,-0.009943820224719069,63.9304948559,0.031925340752009986,analytic_flat,reported_marginal_not_reconstructed
55,1,tip,[-1],5,90,800,C2_dimension,2.01331507796,2,0.013315077960000199,0.0066575389800000995,,,analytic_flat,not_retained
55,1,tip,[-1],5,90,800,C3_N_over_C2_squared,0.38503123396004385,0.4444444444444444,-0.05941321048440057,-0.13367972358990132,,,analytic_flat,not_retained
55,1,tip,[-1],5,90,800,C3_coefficient,0.02385629468845761,0.027777777777777776,-0.003921483089320166,-0.14117339121552597,0.0006802265515633867,0.02448815585628192,analytic_flat,reported_marginal_not_reconstructed
55,1,tip,[-1],5,90,800,C3_count,16815.825,19580.0,-2764.1749999999993,-0.14117339121552597,479.478091666,0.02448815585628192,analytic_flat,reported_marginal_not_reconstructed
55,1,tip,[-1],5,90,800,C3_dimension,2.07911832372,2,0.07911832371999994,0.03955916185999997,,,analytic_flat,not_retained
55,1,tip,[-1],5,90,800,C4_N2_over_C2_cubed,0.05938336312426552,0.1111111111111111,-0.05172774798684558,-0.4655497318816103,,,analytic_flat,not_retained
55,1,tip,[-1],5,90,800,C4_coefficient,0.0009316277605579233,0.001736111111111111,-0.0008044833505531878,-0.4633824099186362,6.529206039309536e-05,0.03760822678642293,analytic_flat,reported_marginal_not_reconstructed
55,1,tip,[-1],5,90,800,C4_count,57131.6625,106466.25,-49334.5875,-0.4633824099186362,4004.0068751,0.03760822678642293,analytic_flat,reported_marginal_not_reconstructed
55,1,tip,[-1],5,90,800,C4_dimension,2.18312391331,2,0.18312391331000022,0.09156195665500011,,,analytic_flat,not_retained
55,1,tip,[-1],5,90,800,cdf_grid_distance_d2,0.420527733246,0.0,0.420527733246,,,,sampled_flat_reference_25_point_grid,source_and_reference_joint_uncertainty_unavailable
55,1,tip,[-1],5,90,800,cdf_grid_distance_d3,0.418565733246,0.0,0.418565733246,,,,sampled_flat_reference_25_point_grid,source_and_reference_joint_uncertainty_unavailable
55,1,tip,[-1],5,90,800,cdf_grid_distance_d4,0.452656699881,0.0,0.452656699881,,,,sampled_flat_reference_25_point_grid,source_and_reference_joint_uncertainty_unavailable
55,1,tip,[-1],5,90,800,cdf_grid_distance_d5,0.536051573852,0.0,0.536051573852,,,,sampled_flat_reference_25_point_grid,source_and_reference_joint_uncertainty_unavailable
55,1,tip,[-1],5,90,800,cdf_grid_distance_d6,0.565588266754,0.0,0.565588266754,,,,sampled_flat_reference_25_point_grid,source_and_reference_joint_uncertainty_unavailable
55,1,tip,[-1],5,90,800,count_volume_coefficient,0.970847801947,1.0,-0.029152198052999956,-0.029152198052999956,,,supplied_continuum_volume,deterministic_finite_geometry_not_sampling_error
55,1,tip,[-1],5,90,800,empty_interval_weight,0.420586733246,0.0,0.420586733246,,,,continuum_zero_lattice_sensitive_control,not_retained
55,1,tip,[-1],5,90,800,interval_mean,0.0957448284124,0.1111111111111111,-0.015366282698711112,-0.1382965442884,,,analytic_flat,not_retained
55,1,tip,[-1],5,90,800,interval_mean_sampled_reference_d2,0.0957448284124,0.111230923338,-0.015486094925600005,-0.13922472690927912,,,sampled_flat_reference,source_and_reference_joint_uncertainty_unavailable
55,1,tip,[-1],5,90,800,interval_mean_sampled_reference_d3,0.0957448284124,0.0334036486429,0.062341179769499995,1.866298512355797,,,sampled_flat_reference,source_and_reference_joint_uncertainty_unavailable
55,1,tip,[-1],5,90,800,interval_mean_sampled_reference_d4,0.0957448284124,0.00953169216111,0.08621313625129,9.04489305718935,,,sampled_flat_reference,source_and_reference_joint_uncertainty_unavailable
55,1,tip,[-1],5,90,800,interval_mean_sampled_reference_d5,0.0957448284124,0.00264783067105,0.09309699774135,35.159724811417895,,,sampled_flat_reference,source_and_reference_joint_uncertainty_unavailable
55,1,tip,[-1],5,90,800,interval_mean_sampled_reference_d6,0.0957448284124,0.000728317610158,0.095016510802242,130.4602682634974,,,sampled_flat_reference,source_and_reference_joint_uncertainty_unavailable
55,1,tip,[-1],5,90,800,interval_second_moment_d2,0.0279987362194,0.0278764142498,0.0001223219696000026,0.004388009465775555,,,sampled_flat_reference,source_and_reference_joint_uncertainty_unavailable
55,1,tip,[-1],5,90,800,interval_second_moment_d3,0.0279987362194,0.00409438370913,0.02390435251027,5.838327379274705,,,sampled_flat_reference,source_and_reference_joint_uncertainty_unavailable
55,1,tip,[-1],5,90,800,interval_second_moment_d4,0.0279987362194,0.000567225438714,0.027431510780686,48.3608613232828,,,sampled_flat_reference,source_and_reference_joint_uncertainty_unavailable
55,1,tip,[-1],5,90,800,interval_second_moment_d5,0.0279987362194,7.71570990227e-05,0.0279215791203773,361.8795868953372,,,sampled_flat_reference,source_and_reference_joint_uncertainty_unavailable
55,1,tip,[-1],5,90,800,interval_second_moment_d6,0.0279987362194,1.05269535255e-05,0.027988209265874503,2658.71880198551,,,sampled_flat_reference,source_and_reference_joint_uncertainty_unavailable
89,1,tip,[-1],6,169,800,C2_coefficient,0.23344494047619047,0.25,-0.016555059523809534,-0.06622023809523814,0.007620551392152719,0.030482205568610875,analytic_flat,reported_marginal_not_reconstructed
89,1,tip,[-1],6,169,800,C2_count,6627.96875,7098.0,-470.03125,-0.06622023809523814,216.362695126,0.030482205568610875,analytic_flat,reported_marginal_not_reconstructed
89,1,tip,[-1],6,169,800,C2_dimension,2.09090935943,2,0.09090935942999989,0.045454679714999946,,,analytic_flat,not_retained
89,1,tip,[-1],6,169,800,C3_N_over_C2_squared,0.43109959524451996,0.4444444444444444,-0.013344849199924458,-0.030025910699830072,,,analytic_flat,not_retained
89,1,tip,[-1],6,169,800,C3_coefficient,0.023634115697177074,0.027777777777777776,-0.0041436620806007025,-0.14917183490162533,0.0006748477360621108,0.02429451849823599,analytic_flat,reported_marginal_not_reconstructed
89,1,tip,[-1],6,169,800,C3_count,112060.30875,131707.3333333333,-19647.024583333317,-0.14917183490162522,3199.76624602,0.02429451849823599,analytic_flat,reported_marginal_not_reconstructed
89,1,tip,[-1],6,169,800,C3_dimension,2.08396469469,2,0.08396469469000012,0.04198234734500006,,,analytic_flat,not_retained
89,1,tip,[-1],6,169,800,C4_N2_over_C2_cubed,0.08580817241944744,0.1111111111111111,-0.025302938691663668,-0.227726448224973,,,analytic_flat,not_retained
89,1,tip,[-1],6,169,800,C4_coefficient,0.0011114144881493467,0.001736111111111111,-0.0006246966229617643,-0.35982525482597627,7.567006234224154e-05,0.043585955909131134,analytic_flat,reported_marginal_not_reconstructed
89,1,tip,[-1],6,169,800,C4_count,874775.47625,1366463.5833333333,-491688.1070833333,-0.35982525482597627,59558.6214946,0.043585955909131134,analytic_flat,reported_marginal_not_reconstructed
89,1,tip,[-1],6,169,800,C4_dimension,2.13146694078,2,0.1314669407800002,0.0657334703900001,,,analytic_flat,not_retained
89,1,tip,[-1],6,169,800,cdf_grid_distance_d2,0.32249080079700004,0.0,0.32249080079700004,,,,sampled_flat_reference_25_point_grid,source_and_reference_joint_uncertainty_unavailable
89,1,tip,[-1],6,169,800,cdf_grid_distance_d3,0.32911291235099993,0.0,0.32911291235099993,,,,sampled_flat_reference_25_point_grid,source_and_reference_joint_uncertainty_unavailable
89,1,tip,[-1],6,169,800,cdf_grid_distance_d4,0.495667784861,0.0,0.495667784861,,,,sampled_flat_reference_25_point_grid,source_and_reference_joint_uncertainty_unavailable
89,1,tip,[-1],6,169,800,cdf_grid_distance_d5,0.587634729084,0.0,0.587634729084,,,,sampled_flat_reference_25_point_grid,source_and_reference_joint_uncertainty_unavailable
89,1,tip,[-1],6,169,800,cdf_grid_distance_d6,0.648853199203,0.0,0.648853199203,,,,sampled_flat_reference_25_point_grid,source_and_reference_joint_uncertainty_unavailable
89,1,tip,[-1],6,169,800,count_volume_coefficient,0.995220231784,1.0,-0.004779768216000013,-0.004779768216000013,,,supplied_continuum_volume,deterministic_finite_geometry_not_sampling_error
89,1,tip,[-1],6,169,800,empty_interval_weight,0.322549800797,0.0,0.322549800797,,,,continuum_zero_lattice_sensitive_control,not_retained
89,1,tip,[-1],6,169,800,interval_mean,0.0966102925576,0.1111111111111111,-0.01450081855351111,-0.13050736698160004,,,analytic_flat,not_retained
89,1,tip,[-1],6,169,800,interval_mean_sampled_reference_d2,0.0966102925576,0.111230923338,-0.014620630780400004,-0.1314439397034578,,,sampled_flat_reference,source_and_reference_joint_uncertainty_unavailable
89,1,tip,[-1],6,169,800,interval_mean_sampled_reference_d3,0.0966102925576,0.0334036486429,0.06320664391469999,1.892207782161985,,,sampled_flat_reference,source_and_reference_joint_uncertainty_unavailable
89,1,tip,[-1],6,169,800,interval_mean_sampled_reference_d4,0.0966102925576,0.00953169216111,0.08707860039649,9.135691640543852,,,sampled_flat_reference,source_and_reference_joint_uncertainty_unavailable
89,1,tip,[-1],6,169,800,interval_mean_sampled_reference_d5,0.0966102925576,0.00264783067105,0.09396246188655,35.4865826255004,,,sampled_flat_reference,source_and_reference_joint_uncertainty_unavailable
89,1,tip,[-1],6,169,800,interval_mean_sampled_reference_d6,0.0966102925576,0.000728317610158,0.095881974947442,131.64857420740043,,,sampled_flat_reference,source_and_reference_joint_uncertainty_unavailable
89,1,tip,[-1],6,169,800,interval_second_moment_d2,0.0233805020107,0.0278764142498,-0.004495912239099998,-0.161280148831633,,,sampled_flat_reference,source_and_reference_joint_uncertainty_unavailable
89,1,tip,[-1],6,169,800,interval_second_moment_d3,0.0233805020107,0.00409438370913,0.01928611830157,4.710383704039315,,,sampled_flat_reference,source_and_reference_joint_uncertainty_unavailable
89,1,tip,[-1],6,169,800,interval_second_moment_d4,0.0233805020107,0.000567225438714,0.022813276571986,40.2190646168968,,,sampled_flat_reference,source_and_reference_joint_uncertainty_unavailable
89,1,tip,[-1],6,169,800,interval_second_moment_d5,0.0233805020107,7.71570990227e-05,0.0233033449116773,302.0246381324075,,,sampled_flat_reference,source_and_reference_joint_uncertainty_unavailable
89,1,tip,[-1],6,169,800,interval_second_moment_d6,0.0233805020107,1.05269535255e-05,0.023369975057174502,2220.0131311080804,,,sampled_flat_reference,source_and_reference_joint_uncertainty_unavailable
144,1,tip,[-1],8,376,400,C2_coefficient,0.2500066666666667,0.25,6.666666666710341e-06,2.6666666666841365e-05,0.011263151903900709,0.045052607615602834,analytic_flat,reported_marginal_not_reconstructed
144,1,tip,[-1],8,376,400,C2_count,35250.94,35250.0,0.9400000000023283,2.6666666666841365e-05,1588.10441845,0.045052607615602834,analytic_flat,reported_marginal_not_reconstructed
144,1,tip,[-1],8,376,400,C2_dimension,1.99996444485,2,-3.555514999997733e-05,-1.7777574999988666e-05,,,analytic_flat,not_retained
144,1,tip,[-1],8,376,400,C3_N_over_C2_squared,0.39535242536728527,0.4444444444444444,-0.049092019077159155,-0.11045704292360814,,,analytic_flat,not_retained
144,1,tip,[-1],8,376,400,C3_coefficient,0.024776916221033868,0.027777777777777776,-0.0030008615567439084,-0.10803101604278076,0.0009609690058994197,0.034594884212379114,analytic_flat,reported_marginal_not_reconstructed
144,1,tip,[-1],8,376,400,C3_count,1306585.9,1464833.3333333333,-158247.43333333335,-0.10803101604278076,50675.7395571,0.034594884212379114,analytic_flat,reported_marginal_not_reconstructed
144,1,tip,[-1],8,376,400,C3_dimension,2.05948573403,2,0.059485734029999904,0.029742867014999952,,,analytic_flat,not_retained
144,1,tip,[-1],8,376,400,C4_N2_over_C2_cubed,0.08133603886337248,0.1111111111111111,-0.02977507224773862,-0.26797565022964764,,,analytic_flat,not_retained
144,1,tip,[-1],8,376,400,C4_coefficient,0.0012812087281902768,0.001736111111111111,-0.00045490238292083423,-0.2620237725624005,0.00011181541675500012,0.06440568005088007,analytic_flat,reported_marginal_not_reconstructed
144,1,tip,[-1],8,376,400,C4_count,25201096.38,34148927.08333333,-8947830.70333333,-0.2620237725624005,2199384.87181,0.06440568005088008,analytic_flat,reported_marginal_not_reconstructed
144,1,tip,[-1],8,376,400,C4_dimension,2.0897049949,2,0.08970499489999995,0.04485249744999997,,,analytic_flat,not_retained
144,1,tip,[-1],8,376,400,cdf_grid_distance_d2,0.170923107144,0.0,0.170923107144,,,,sampled_flat_reference_25_point_grid,source_and_reference_joint_uncertainty_unavailable
144,1,tip,[-1],8,376,400,cdf_grid_distance_d3,0.36324907069100004,0.0,0.36324907069100004,,,,sampled_flat_reference_25_point_grid,source_and_reference_joint_uncertainty_unavailable
144,1,tip,[-1],8,376,400,cdf_grid_distance_d4,0.623262546145,0.0,0.623262546145,,,,sampled_flat_reference_25_point_grid,source_and_reference_joint_uncertainty_unavailable
144,1,tip,[-1],8,376,400,cdf_grid_distance_d5,0.733701546145,0.0,0.733701546145,,,,sampled_flat_reference_25_point_grid,source_and_reference_joint_uncertainty_unavailable
144,1,tip,[-1],8,376,400,cdf_grid_distance_d6,0.793701072051,0.0,0.793701072051,,,,sampled_flat_reference_25_point_grid,source_and_reference_joint_uncertainty_unavailable
144,1,tip,[-1],8,376,400,count_volume_coefficient,0.979166666667,1.0,-0.02083333333299997,-0.02083333333299997,,,supplied_continuum_volume,deterministic_finite_geometry_not_sampling_error
144,1,tip,[-1],8,376,400,empty_interval_weight,0.170982107144,0.0,0.170982107144,,,,continuum_zero_lattice_sensitive_control,not_retained
144,1,tip,[-1],8,376,400,interval_mean,0.115569258579,0.1111111111111111,0.00445814746788889,0.04012332721099998,,,analytic_flat,not_retained
144,1,tip,[-1],8,376,400,interval_mean_sampled_reference_d2,0.115569258579,0.111230923338,0.0043383352409999965,0.03900295988568758,,,sampled_flat_reference,source_and_reference_joint_uncertainty_unavailable
144,1,tip,[-1],8,376,400,interval_mean_sampled_reference_d3,0.115569258579,0.0334036486429,0.0821656099361,2.459779493386703,,,sampled_flat_reference,source_and_reference_joint_uncertainty_unavailable
144,1,tip,[-1],8,376,400,interval_mean_sampled_reference_d4,0.115569258579,0.00953169216111,0.10603756641789,11.124736786037952,,,sampled_flat_reference,source_and_reference_joint_uncertainty_unavailable
144,1,tip,[-1],8,376,400,interval_mean_sampled_reference_d5,0.115569258579,0.00264783067105,0.11292142790795,42.64677086135983,,,sampled_flat_reference,source_and_reference_joint_uncertainty_unavailable
144,1,tip,[-1],8,376,400,interval_mean_sampled_reference_d6,0.115569258579,0.000728317610158,0.114840940968842,157.67975312848552,,,sampled_flat_reference,source_and_reference_joint_uncertainty_unavailable
144,1,tip,[-1],8,376,400,interval_second_moment_d2,0.0307228490506,0.0278764142498,0.002846434800800001,0.10210907239694289,,,sampled_flat_reference,source_and_reference_joint_uncertainty_unavailable
144,1,tip,[-1],8,376,400,interval_second_moment_d3,0.0307228490506,0.00409438370913,0.02662846534147,6.503656528842574,,,sampled_flat_reference,source_and_reference_joint_uncertainty_unavailable
144,1,tip,[-1],8,376,400,interval_second_moment_d4,0.0307228490506,0.000567225438714,0.030155623611886,53.1633836455821,,,sampled_flat_reference,source_and_reference_joint_uncertainty_unavailable
144,1,tip,[-1],8,376,400,interval_second_moment_d5,0.0307228490506,7.71570990227e-05,0.0306456919515773,397.18564253642023,,,sampled_flat_reference,source_and_reference_joint_uncertainty_unavailable
144,1,tip,[-1],8,376,400,interval_second_moment_d6,0.0307228490506,1.05269535255e-05,0.0307123220970745,2917.4938430837,,,sampled_flat_reference,source_and_reference_joint_uncertainty_unavailable
55,1,tip,[1],5,90,800,C2_coefficient,0.26005617977528095,0.25,0.010056179775280949,0.040224719101123796,0.008196845548414482,0.03278738219365793,analytic_flat,reported_marginal_not_reconstructed
55,1,tip,[1],5,90,800,C2_count,2083.05,2002.5,80.55000000000018,0.040224719101123796,65.6567328428,0.03278738219365793,analytic_flat,reported_marginal_not_reconstructed
55,1,tip,[1],5,90,800,C2_dimension,1.94726263119,2,-0.05273736880999991,-0.026368684404999954,,,analytic_flat,not_retained
55,1,tip,[1],5,90,800,C3_N_over_C2_squared,0.3455863386921592,0.4444444444444444,-0.09885810575228521,-0.22243073794264168,,,analytic_flat,not_retained
55,1,tip,[1],5,90,800,C3_coefficient,0.02363732124616956,0.027777777777777776,-0.0041404565316082165,-0.1490564351378958,0.0006971579065344455,0.02509768463524004,analytic_flat,reported_marginal_not_reconstructed
55,1,tip,[1],5,90,800,C3_count,16661.475,19580.0,-2918.5250000000015,-0.1490564351378959,491.412665158,0.02509768463524004,analytic_flat,reported_marginal_not_reconstructed
55,1,tip,[1],5,90,800,C3_dimension,2.08389446339,2,0.08389446339000006,0.04194723169500003,,,analytic_flat,not_retained
55,1,tip,[1],5,90,800,C4_N2_over_C2_cubed,0.054242954350558405,0.1111111111111111,-0.0568681567605527,-0.5118134108449743,,,analytic_flat,not_retained
55,1,tip,[1],5,90,800,C4_coefficient,0.0009870131966703063,0.001736111111111111,-0.0007490979144408048,-0.43148039871790356,6.659402482300729e-05,0.038358158298052204,analytic_flat,reported_marginal_not_reconstructed
55,1,tip,[1],5,90,800,C4_count,60528.15,106466.25,-45938.1,-0.43148039871790356,4083.8492709,0.038358158298052204,analytic_flat,reported_marginal_not_reconstructed
55,1,tip,[1],5,90,800,C4_dimension,2.16623861124,2,0.16623861123999983,0.08311930561999992,,,analytic_flat,not_retained
55,1,tip,[1],5,90,800,cdf_grid_distance_d2,0.434430090516,0.0,0.434430090516,,,,sampled_flat_reference_25_point_grid,source_and_reference_joint_uncertainty_unavailable
55,1,tip,[1],5,90,800,cdf_grid_distance_d3,0.432468090516,0.0,0.432468090516,,,,sampled_flat_reference_25_point_grid,source_and_reference_joint_uncertainty_unavailable
55,1,tip,[1],5,90,800,cdf_grid_distance_d4,0.43869252668,0.0,0.43869252668,,,,sampled_flat_reference_25_point_grid,source_and_reference_joint_uncertainty_unavailable
55,1,tip,[1],5,90,800,cdf_grid_distance_d5,0.509671846619,0.0,0.509671846619,,,,sampled_flat_reference_25_point_grid,source_and_reference_joint_uncertainty_unavailable
55,1,tip,[1],5,90,800,cdf_grid_distance_d6,0.5516859094840001,0.0,0.5516859094840001,,,,sampled_flat_reference_25_point_grid,source_and_reference_joint_uncertainty_unavailable
55,1,tip,[1],5,90,800,count_volume_coefficient,0.970847801947,1.0,-0.029152198052999956,-0.029152198052999956,,,supplied_continuum_volume,deterministic_finite_geometry_not_sampling_error
55,1,tip,[1],5,90,800,empty_interval_weight,0.434489090516,0.0,0.434489090516,,,,continuum_zero_lattice_sensitive_control,not_retained
55,1,tip,[1],5,90,800,interval_mean,0.0902630757783,0.1111111111111111,-0.0208480353328111,-0.1876323179952999,,,analytic_flat,not_retained
55,1,tip,[1],5,90,800,interval_mean_sampled_reference_d2,0.0902630757783,0.111230923338,-0.020967847559699992,-0.18850735865946655,,,sampled_flat_reference,source_and_reference_joint_uncertainty_unavailable
55,1,tip,[1],5,90,800,interval_mean_sampled_reference_d3,0.0902630757783,0.0334036486429,0.05685942713540001,1.7021921091091818,,,sampled_flat_reference,source_and_reference_joint_uncertainty_unavailable
55,1,tip,[1],5,90,800,interval_mean_sampled_reference_d4,0.0902630757783,0.00953169216111,0.08073138361719001,8.469785034243966,,,sampled_flat_reference,source_and_reference_joint_uncertainty_unavailable
55,1,tip,[1],5,90,800,interval_mean_sampled_reference_d5,0.0902630757783,0.00264783067105,0.08761524510725001,33.089444149578526,,,sampled_flat_reference,source_and_reference_joint_uncertainty_unavailable
55,1,tip,[1],5,90,800,interval_mean_sampled_reference_d6,0.0902630757783,0.000728317610158,0.089534758168142,122.93367195764837,,,sampled_flat_reference,source_and_reference_joint_uncertainty_unavailable
55,1,tip,[1],5,90,800,interval_second_moment_d2,0.0237615782413,0.0278764142498,-0.0041148360084999995,-0.14760994623006518,,,sampled_flat_reference,source_and_reference_joint_uncertainty_unavailable
55,1,tip,[1],5,90,800,interval_second_moment_d3,0.0237615782413,0.00409438370913,0.019667194532169998,4.803456619933896,,,sampled_flat_reference,source_and_reference_joint_uncertainty_unavailable
55,1,tip,[1],5,90,800,interval_second_moment_d4,0.0237615782413,0.000567225438714,0.023194352802586,40.890889617312794,,,sampled_flat_reference,source_and_reference_joint_uncertainty_unavailable
55,1,tip,[1],5,90,800,interval_second_moment_d5,0.0237615782413,7.71570990227e-05,0.023684421142277298,306.9636033789869,,,sampled_flat_reference,source_and_reference_joint_uncertainty_unavailable
55,1,tip,[1],5,90,800,interval_second_moment_d6,0.0237615782413,1.05269535255e-05,0.0237510512877745,2256.2131798379332,,,sampled_flat_reference,source_and_reference_joint_uncertainty_unavailable
89,1,tip,[1],6,169,800,C2_coefficient,0.21542410714285715,0.25,-0.034575892857142854,-0.13830357142857141,0.007557925377712031,0.030231701510848124,analytic_flat,reported_marginal_not_reconstructed
89,1,tip,[1],6,169,800,C2_count,6116.32125,7098.0,-981.67875,-0.13830357142857141,214.584617324,0.030231701510848124,analytic_flat,reported_marginal_not_reconstructed
89,1,tip,[1],6,169,800,C2_dimension,2.19645303259,2,0.19645303259000002,0.09822651629500001,,,analytic_flat,not_retained
89,1,tip,[1],6,169,800,C3_N_over_C2_squared,0.45564647534927244,0.4444444444444444,0.01120203090482802,0.02520456953586314,,,analytic_flat,not_retained
89,1,tip,[1],6,169,800,C3_coefficient,0.02127205410607357,0.027777777777777776,-0.006505723671704208,-0.2342060521813515,0.0006425531262179782,0.023131912543847215,analytic_flat,reported_marginal_not_reconstructed
89,1,tip,[1],6,169,800,C3_count,100860.67875,131707.3333333333,-30846.654583333308,-0.23420605218135138,3046.64251605,0.023131912543847218,analytic_flat,reported_marginal_not_reconstructed
89,1,tip,[1],6,169,800,C3_dimension,2.13836630286,2,0.13836630286000018,0.06918315143000009,,,analytic_flat,not_retained
89,1,tip,[1],6,169,800,C4_N2_over_C2_cubed,0.08522096099074143,0.1111111111111111,-0.025890150120369673,-0.23301135108332705,,,analytic_flat,not_retained
89,1,tip,[1],6,169,800,C4_coefficient,0.0008674078263438699,0.001736111111111111,-0.0008687032847672411,-0.5003730920259308,6.412593766664696e-05,0.03693654009598865,analytic_flat,reported_marginal_not_reconstructed
89,1,tip,[1],6,169,800,C4_count,682721.975,1366463.5833333333,-683741.6083333333,-0.5003730920259308,50472.4369355,0.03693654009598866,analytic_flat,reported_marginal_not_reconstructed
89,1,tip,[1],6,169,800,C4_dimension,2.20397983131,2,0.20397983130999986,0.10198991565499993,,,analytic_flat,not_retained
89,1,tip,[1],6,169,800,cdf_grid_distance_d2,0.32077131119400004,0.0,0.32077131119400004,,,,sampled_flat_reference_25_point_grid,source_and_reference_joint_uncertainty_unavailable
89,1,tip,[1],6,169,800,cdf_grid_distance_d3,0.32323808320399994,0.0,0.32323808320399994,,,,sampled_flat_reference_25_point_grid,source_and_reference_joint_uncertainty_unavailable
89,1,tip,[1],6,169,800,cdf_grid_distance_d4,0.510173752012,0.0,0.510173752012,,,,sampled_flat_reference_25_point_grid,source_and_reference_joint_uncertainty_unavailable
89,1,tip,[1],6,169,800,cdf_grid_distance_d5,0.594913078127,0.0,0.594913078127,,,,sampled_flat_reference_25_point_grid,source_and_reference_joint_uncertainty_unavailable
89,1,tip,[1],6,169,800,cdf_grid_distance_d6,0.6505726888059999,0.0,0.6505726888059999,,,,sampled_flat_reference_25_point_grid,source_and_reference_joint_uncertainty_unavailable
89,1,tip,[1],6,169,800,count_volume_coefficient,0.995220231784,1.0,-0.004779768216000013,-0.004779768216000013,,,supplied_continuum_volume,deterministic_finite_geometry_not_sampling_error
89,1,tip,[1],6,169,800,empty_interval_weight,0.320830311194,0.0,0.320830311194,,,,continuum_zero_lattice_sensitive_control,not_retained
89,1,tip,[1],6,169,800,interval_mean,0.0934990129892,0.1111111111111111,-0.0176120981219111,-0.1585088830971999,,,analytic_flat,not_retained
89,1,tip,[1],6,169,800,interval_mean_sampled_reference_d2,0.0934990129892,0.111230923338,-0.017731910348799992,-0.15941529402680243,,,sampled_flat_reference,source_and_reference_joint_uncertainty_unavailable
89,1,tip,[1],6,169,800,interval_mean_sampled_reference_d3,0.0934990129892,0.0334036486429,0.06009536434630001,1.7990658741728018,,,sampled_flat_reference,source_and_reference_joint_uncertainty_unavailable
89,1,tip,[1],6,169,800,interval_mean_sampled_reference_d4,0.0934990129892,0.00953169216111,0.08396732082809001,8.809277451351482,,,sampled_flat_reference,source_and_reference_joint_uncertainty_unavailable
89,1,tip,[1],6,169,800,interval_mean_sampled_reference_d5,0.0934990129892,0.00264783067105,0.09085118231815001,34.31155296729109,,,sampled_flat_reference,source_and_reference_joint_uncertainty_unavailable
89,1,tip,[1],6,169,800,interval_mean_sampled_reference_d6,0.0934990129892,0.000728317610158,0.092770695379042,127.3767022589451,,,sampled_flat_reference,source_and_reference_joint_uncertainty_unavailable
89,1,tip,[1],6,169,800,interval_second_moment_d2,0.0224990939432,0.0278764142498,-0.0053773203066,-0.19289856501678937,,,sampled_flat_reference,source_and_reference_joint_uncertainty_unavailable
89,1,tip,[1],6,169,800,interval_second_moment_d3,0.0224990939432,0.00409438370913,0.018404710234069997,4.495111240558532,,,sampled_flat_reference,source_and_reference_joint_uncertainty_unavailable
89,1,tip,[1],6,169,800,interval_second_moment_d4,0.0224990939432,0.000567225438714,0.021931868504486,38.66517086082988,,,sampled_flat_reference,source_and_reference_joint_uncertainty_unavailable
89,1,tip,[1],6,169,800,interval_second_moment_d5,0.0224990939432,7.71570990227e-05,0.022421936844177297,290.6010869794451,,,sampled_flat_reference,source_and_reference_joint_uncertainty_unavailable
89,1,tip,[1],6,169,800,interval_second_moment_d6,0.0224990939432,1.05269535255e-05,0.0224885669896745,2136.2844373919997,,,sampled_flat_reference,source_and_reference_joint_uncertainty_unavailable
144,1,tip,[1],8,376,400,C2_coefficient,0.23235999999999998,0.25,-0.017640000000000017,-0.07056000000000007,0.010159077156737589,0.040636308626950356,analytic_flat,reported_marginal_not_reconstructed
144,1,tip,[1],8,376,400,C2_count,32762.76,35250.0,-2487.2400000000016,-0.07056000000000007,1432.4298791,0.040636308626950356,analytic_flat,reported_marginal_not_reconstructed
144,1,tip,[1],8,376,400,C2_dimension,2.09705925963,2,0.09705925962999995,0.048529629814999975,,,analytic_flat,not_retained
144,1,tip,[1],8,376,400,C3_N_over_C2_squared,0.4807169635960454,0.4444444444444444,0.03627251915160096,0.08161316809110208,,,analytic_flat,not_retained
144,1,tip,[1],8,376,400,C3_coefficient,0.02602386809269162,0.027777777777777776,-0.0017539096850861559,-0.0631407486631016,0.0009578620952269884,0.034483035428171584,analytic_flat,reported_marginal_not_reconstructed
144,1,tip,[1],8,376,400,C3_count,1372342.66,1464833.3333333333,-92490.67333333334,-0.0631407486631016,50511.8997297,0.034483035428171584,analytic_flat,reported_marginal_not_reconstructed
144,1,tip,[1],8,376,400,C3_dimension,2.03397592275,2,0.03397592274999983,0.016987961374999916,,,analytic_flat,not_retained
144,1,tip,[1],8,376,400,C4_N2_over_C2_cubed,0.09713727383975665,0.1111111111111111,-0.013973837271354456,-0.12576453544219013,,,analytic_flat,not_retained
144,1,tip,[1],8,376,400,C4_coefficient,0.001228434813359904,0.001736111111111111,-0.000507676297751207,-0.2924215475046953,0.00010977663636994044,0.0632313425490857,analytic_flat,reported_marginal_not_reconstructed
144,1,tip,[1],8,376,400,C4_count,24163044.98,34148927.08333333,-9985882.103333328,-0.2924215475046952,2159282.50609,0.0632313425490857,analytic_flat,reported_marginal_not_reconstructed
144,1,tip,[1],8,376,400,C4_dimension,2.10207440237,2,0.10207440236999998,0.05103720118499999,,,analytic_flat,not_retained
144,1,tip,[1],8,376,400,cdf_grid_distance_d2,0.184654375796,0.0,0.184654375796,,,,sampled_flat_reference_25_point_grid,source_and_reference_joint_uncertainty_unavailable
144,1,tip,[1],8,376,400,cdf_grid_distance_d3,0.34920822861100004,0.0,0.34920822861100004,,,,sampled_flat_reference_25_point_grid,source_and_reference_joint_uncertainty_unavailable
144,1,tip,[1],8,376,400,cdf_grid_distance_d4,0.601121636598,0.0,0.601121636598,,,,sampled_flat_reference_25_point_grid,source_and_reference_joint_uncertainty_unavailable
144,1,tip,[1],8,376,400,cdf_grid_distance_d5,0.7115606365980001,0.0,0.7115606365980001,,,,sampled_flat_reference_25_point_grid,source_and_reference_joint_uncertainty_unavailable
144,1,tip,[1],8,376,400,cdf_grid_distance_d6,0.773147419579,0.0,0.773147419579,,,,sampled_flat_reference_25_point_grid,source_and_reference_joint_uncertainty_unavailable
144,1,tip,[1],8,376,400,count_volume_coefficient,0.979166666667,1.0,-0.02083333333299997,-0.02083333333299997,,,supplied_continuum_volume,deterministic_finite_geometry_not_sampling_error
144,1,tip,[1],8,376,400,empty_interval_weight,0.184713375796,0.0,0.184713375796,,,,continuum_zero_lattice_sensitive_control,not_retained
144,1,tip,[1],8,376,400,interval_mean,0.108486891825,0.1111111111111111,-0.002624219286111104,-0.02361797357499995,,,analytic_flat,not_retained
144,1,tip,[1],8,376,400,interval_mean_sampled_reference_d2,0.108486891825,0.111230923338,-0.0027440315129999976,-0.024669682051111308,,,sampled_flat_reference,source_and_reference_joint_uncertainty_unavailable
144,1,tip,[1],8,376,400,interval_mean_sampled_reference_d3,0.108486891825,0.0334036486429,0.0750832431821,2.2477557462292093,,,sampled_flat_reference,source_and_reference_joint_uncertainty_unavailable
144,1,tip,[1],8,376,400,interval_mean_sampled_reference_d4,0.108486891825,0.00953169216111,0.09895519966389,10.381703268558592,,,sampled_flat_reference,source_and_reference_joint_uncertainty_unavailable
144,1,tip,[1],8,376,400,interval_mean_sampled_reference_d5,0.108486891825,0.00264783067105,0.10583906115395,39.97199001852313,,,sampled_flat_reference,source_and_reference_joint_uncertainty_unavailable
144,1,tip,[1],8,376,400,interval_mean_sampled_reference_d6,0.108486891825,0.000728317610158,0.107758574214842,147.95546985533556,,,sampled_flat_reference,source_and_reference_joint_uncertainty_unavailable
144,1,tip,[1],8,376,400,interval_second_moment_d2,0.0297830894011,0.0278764142498,0.0019066751513000003,0.06839743211642357,,,sampled_flat_reference,source_and_reference_joint_uncertainty_unavailable
144,1,tip,[1],8,376,400,interval_second_moment_d3,0.0297830894011,0.00409438370913,0.025688705691969998,6.274132449942873,,,sampled_flat_reference,source_and_reference_joint_uncertainty_unavailable
144,1,tip,[1],8,376,400,interval_second_moment_d4,0.0297830894011,0.000567225438714,0.029215863962386,51.50661794827734,,,sampled_flat_reference,source_and_reference_joint_uncertainty_unavailable
144,1,tip,[1],8,376,400,interval_second_moment_d5,0.0297830894011,7.71570990227e-05,0.029705932302077298,385.0058216073892,,,sampled_flat_reference,source_and_reference_joint_uncertainty_unavailable
144,1,tip,[1],8,376,400,interval_second_moment_d6,0.0297830894011,1.05269535255e-05,0.0297725624475745,2828.222084903751,,,sampled_flat_reference,source_and_reference_joint_uncertainty_unavailable
55,2,centre,null,8,7040,4000,C2_coefficient,0.11414824548941611,0.11428571428571424,-0.00013746879629812636,-0.0012028519676086091,0.002227685384432835,0.019492247113787314,analytic_flat,reported_marginal_not_reconstructed
55,2,centre,null,8,7040,4000,C2_count,5656566.08,5663378.285714284,-6812.205714283511,-0.0012028519676086091,110391.969044,0.019492247113787314,analytic_flat,reported_marginal_not_reconstructed
55,2,centre,null,8,7040,4000,C2_dimension,3.00148777886,3,0.0014877788600000663,0.0004959262866666148,,,analytic_flat,not_retained
55,2,centre,null,8,7040,4000,C3_N_over_C2_squared,0.29746761935988586,0.2916666666666668,0.005800952693219064,0.01988898066246536,,,analytic_flat,not_retained
55,2,centre,null,8,7040,4000,C3_coefficient,0.0038765008331973837,0.0038095238095238082,6.697702367357544e-05,0.017581468714313653,6.342192986422195e-05,0.016648256589358267,analytic_flat,reported_marginal_not_reconstructed
55,2,centre,null,8,7040,4000,C3_count,1351987787.04,1328628545.828571,23359241.21142888,0.01758146871431343,22119348.9429,0.016648256589358264,analytic_flat,reported_marginal_not_reconstructed
55,2,centre,null,8,7040,4000,C3_dimension,2.99146446022,3,-0.00853553977999999,-0.0028451799266666633,,,analytic_flat,not_retained
55,2,centre,null,8,7040,4000,C4_N2_over_C2_cubed,0.03470615033500527,0.035693473193473234,-0.0009873228584679622,-0.02766115959397586,,,analytic_flat,not_retained
55,2,centre,null,8,7040,4000,C4_coefficient,5.164155158171387e-05,5.328005328005328e-05,-1.6385016983394075e-06,-0.030752628750707722,2.119730498110171e-06,0.03978469178640527,analytic_flat,reported_marginal_not_reconstructed
55,2,centre,null,8,7040,4000,C4_count,126741756052.0,130763064013.92528,-4021307961.9252777,-0.030752628750707722,5202368198.84,0.03978469178640528,analytic_flat,reported_marginal_not_reconstructed
55,2,centre,null,8,7040,4000,C4_dimension,3.00874857546,3,0.008748575459999852,0.0029161918200000247,,,analytic_flat,not_retained
55,2,centre,null,8,7040,4000,cdf_grid_distance_d2,0.36602966044499996,0.0,0.36602966044499996,,,,sampled_flat_reference_25_point_grid,source_and_reference_joint_uncertainty_unavailable
55,2,centre,null,8,7040,4000,cdf_grid_distance_d3,0.131841359122,0.0,0.131841359122,,,,sampled_flat_reference_25_point_grid,source_and_reference_joint_uncertainty_unavailable
55,2,centre,null,8,7040,4000,cdf_grid_distance_d4,0.33031749699699997,0.0,0.33031749699699997,,,,sampled_flat_reference_25_point_grid,source_and_reference_joint_uncertainty_unavailable
55,2,centre,null,8,7040,4000,cdf_grid_distance_d5,0.542194035576,0.0,0.542194035576,,,,sampled_flat_reference_25_point_grid,source_and_reference_joint_uncertainty_unavailable
55,2,centre,null,8,7040,4000,cdf_grid_distance_d6,0.675045776218,0.0,0.675045776218,,,,sampled_flat_reference_25_point_grid,source_and_reference_joint_uncertainty_unavailable
55,2,centre,null,8,7040,4000,count_volume_coefficient,0.954929658551,1.0,-0.04507034144900002,-0.04507034144900002,,,supplied_continuum_volume,deterministic_finite_geometry_not_sampling_error
55,2,centre,null,8,7040,4000,empty_interval_weight,0.133862359122,0.0,0.133862359122,,,,continuum_zero_lattice_sensitive_control,not_retained
55,2,centre,null,8,7040,4000,interval_mean,0.0348616022444,0.03333333333333333,0.0015282689110666658,0.045848067332000086,,,analytic_flat,not_retained
55,2,centre,null,8,7040,4000,interval_mean_sampled_reference_d2,0.0348616022444,0.111230923338,-0.0763693210936,-0.686583539916636,,,sampled_flat_reference,source_and_reference_joint_uncertainty_unavailable
55,2,centre,null,8,7040,4000,interval_mean_sampled_reference_d3,0.0348616022444,0.0334036486429,0.0014579536015000005,0.04364653745122804,,,sampled_flat_reference,source_and_reference_joint_uncertainty_unavailable
55,2,centre,null,8,7040,4000,interval_mean_sampled_reference_d4,0.0348616022444,0.00953169216111,0.025329910083289997,2.657441056126202,,,sampled_flat_reference,source_and_reference_joint_uncertainty_unavailable
55,2,centre,null,8,7040,4000,interval_mean_sampled_reference_d5,0.0348616022444,0.00264783067105,0.03221377157335,12.166099564280518,,,sampled_flat_reference,source_and_reference_joint_uncertainty_unavailable
55,2,centre,null,8,7040,4000,interval_mean_sampled_reference_d6,0.0348616022444,0.000728317610158,0.034133284634242,46.86593343093432,,,sampled_flat_reference,source_and_reference_joint_uncertainty_unavailable
55,2,centre,null,8,7040,4000,interval_second_moment_d2,0.00411279007961,0.0278764142498,-0.023763624170189998,-0.8524634465984265,,,sampled_flat_reference,source_and_reference_joint_uncertainty_unavailable
55,2,centre,null,8,7040,4000,interval_second_moment_d3,0.00411279007961,0.00409438370913,1.8406370479999434e-05,0.004495516734046134,,,sampled_flat_reference,source_and_reference_joint_uncertainty_unavailable
55,2,centre,null,8,7040,4000,interval_second_moment_d4,0.00411279007961,0.000567225438714,0.0035455646408959996,6.250715145876425,,,sampled_flat_reference,source_and_reference_joint_uncertainty_unavailable
55,2,centre,null,8,7040,4000,interval_second_moment_d5,0.00411279007961,7.71570990227e-05,0.0040356329805873,52.3041046346234,,,sampled_flat_reference,source_and_reference_joint_uncertainty_unavailable
55,2,centre,null,8,7040,4000,interval_second_moment_d6,0.00411279007961,1.05269535255e-05,0.0041022631260845,389.69138755551353,,,sampled_flat_reference,source_and_reference_joint_uncertainty_unavailable
89,2,centre,null,10,22561,4000,C2_coefficient,0.11360445478723404,0.11428571428571424,-0.0006812594984802051,-0.005961020611701784,0.002276117504305113,0.019916028162669748,analytic_flat,reported_marginal_not_reconstructed
89,2,centre,null,10,22561,4000,C2_count,57821959.1565,58168703.99999998,-346744.84349998087,-0.005961020611701784,1158489.54705,0.019916028162669748,analytic_flat,reported_marginal_not_reconstructed
89,2,centre,null,10,22561,4000,C2_dimension,3.00738952554,3,0.0073895255399998305,0.0024631751799999435,,,analytic_flat,not_retained
89,2,centre,null,10,22561,4000,C3_N_over_C2_squared,0.2971302236172857,0.2916666666666668,0.0054635569506188975,0.018732195259264728,,,analytic_flat,not_retained
89,2,centre,null,10,22561,4000,C3_coefficient,0.003834924377969245,0.0038095238095238082,2.540056844543663e-05,0.006667649216927085,6.186210222618972e-05,0.01623880183437481,analytic_flat,reported_marginal_not_reconstructed
89,2,centre,null,10,22561,4000,C3_count,44032575605.2,43740926451.19998,291649154.00001526,0.006667649216927307,710300236.693,0.01623880183437481,analytic_flat,reported_marginal_not_reconstructed
89,2,centre,null,10,22561,4000,C3_dimension,2.99674579491,3,-0.003254205090000184,-0.0010847350300000613,,,analytic_flat,not_retained
89,2,centre,null,10,22561,4000,C4_N2_over_C2_cubed,0.034573349104816374,0.035693473193473234,-0.0011201240886568598,-0.03138176222261502,,,analytic_flat,not_retained
89,2,centre,null,10,22561,4000,C4_coefficient,5.069735372349413e-05,5.328005328005328e-05,-2.582699556559148e-06,-0.04847404230216956,2.110129562277343e-06,0.03960449422199288,analytic_flat,reported_marginal_not_reconstructed
89,2,centre,null,10,22561,4000,C4_count,13131162270400.0,13800109355051.322,-668947084651.3223,-0.04847404230216945,546546351215.0,0.03960449422199288,analytic_flat,reported_marginal_not_reconstructed
89,2,centre,null,10,22561,4000,C4_dimension,3.01391558911,3,0.013915589109999793,0.004638529703333338,,,analytic_flat,not_retained
89,2,centre,null,10,22561,4000,cdf_grid_distance_d2,0.37940517309800004,0.0,0.37940517309800004,,,,sampled_flat_reference_25_point_grid,source_and_reference_joint_uncertainty_unavailable
89,2,centre,null,10,22561,4000,cdf_grid_distance_d3,0.0759022370622,0.0,0.0759022370622,,,,sampled_flat_reference_25_point_grid,source_and_reference_joint_uncertainty_unavailable
89,2,centre,null,10,22561,4000,cdf_grid_distance_d4,0.32201797081399997,0.0,0.32201797081399997,,,,sampled_flat_reference_25_point_grid,source_and_reference_joint_uncertainty_unavailable
89,2,centre,null,10,22561,4000,cdf_grid_distance_d5,0.550779891423,0.0,0.550779891423,,,,sampled_flat_reference_25_point_grid,source_and_reference_joint_uncertainty_unavailable
89,2,centre,null,10,22561,4000,cdf_grid_distance_d6,0.6961463114320001,0.0,0.6961463114320001,,,,sampled_flat_reference_25_point_grid,source_and_reference_joint_uncertainty_unavailable
89,2,centre,null,10,22561,4000,count_volume_coefficient,0.968277214678,1.0,-0.03172278532200001,-0.03172278532200001,,,supplied_continuum_volume,deterministic_finite_geometry_not_sampling_error
89,2,centre,null,10,22561,4000,empty_interval_weight,0.0779232370622,0.0,0.0779232370622,,,,continuum_zero_lattice_sensitive_control,not_retained
89,2,centre,null,10,22561,4000,interval_mean,0.0363440096013,0.03333333333333333,0.0030106762679666665,0.09032028803899994,,,analytic_flat,not_retained
89,2,centre,null,10,22561,4000,interval_mean_sampled_reference_d2,0.0363440096013,0.111230923338,-0.0748869137367,-0.673256244660843,,,sampled_flat_reference,source_and_reference_joint_uncertainty_unavailable
89,2,centre,null,10,22561,4000,interval_mean_sampled_reference_d3,0.0363440096013,0.0334036486429,0.0029403609584000012,0.08802514329598488,,,sampled_flat_reference,source_and_reference_joint_uncertainty_unavailable
89,2,centre,null,10,22561,4000,interval_mean_sampled_reference_d4,0.0363440096013,0.00953169216111,0.026812317440189998,2.812965104935534,,,sampled_flat_reference,source_and_reference_joint_uncertainty_unavailable
89,2,centre,null,10,22561,4000,interval_mean_sampled_reference_d5,0.0363440096013,0.00264783067105,0.03369617893025,12.725956874307126,,,sampled_flat_reference,source_and_reference_joint_uncertainty_unavailable
89,2,centre,null,10,22561,4000,interval_mean_sampled_reference_d6,0.0363440096013,0.000728317610158,0.035615691991142,48.90131927939459,,,sampled_flat_reference,source_and_reference_joint_uncertainty_unavailable
89,2,centre,null,10,22561,4000,interval_second_moment_d2,0.00519484600797,0.0278764142498,-0.02268156824183,-0.813647266057281,,,sampled_flat_reference,source_and_reference_joint_uncertainty_unavailable
89,2,centre,null,10,22561,4000,interval_second_moment_d3,0.00519484600797,0.00409438370913,0.0011004622988399996,0.26877361210335415,,,sampled_flat_reference,source_and_reference_joint_uncertainty_unavailable
89,2,centre,null,10,22561,4000,interval_second_moment_d4,0.00519484600797,0.000567225438714,0.004627620569256,8.15834455476403,,,sampled_flat_reference,source_and_reference_joint_uncertainty_unavailable
89,2,centre,null,10,22561,4000,interval_second_moment_d5,0.00519484600797,7.71570990227e-05,0.0051176889089473,66.32816647813121,,,sampled_flat_reference,source_and_reference_joint_uncertainty_unavailable
89,2,centre,null,10,22561,4000,interval_second_moment_d6,0.00519484600797,1.05269535255e-05,0.0051843190544445,492.480473280921,,,sampled_flat_reference,source_and_reference_joint_uncertainty_unavailable
144,2,centre,null,12,62993,2000,C2_coefficient,0.11060154464046328,0.11428571428571424,-0.003684169645250965,-0.03223648439594595,0.0031600150738684708,0.027650131896349132,analytic_flat,reported_marginal_not_reconstructed
144,2,centre,null,12,62993,2000,C2_count,438873018.412,453492006.3999998,-14618987.987999797,-0.03223648439594595,12539113.7909,0.027650131896349132,analytic_flat,reported_marginal_not_reconstructed
144,2,centre,null,12,62993,2000,C2_dimension,3.04046426637,3,0.04046426636999989,0.013488088789999964,,,analytic_flat,not_retained
144,2,centre,null,12,62993,2000,C3_N_over_C2_squared,0.29596590328711836,0.2916666666666668,0.004299236620451563,0.014740239841548153,,,analytic_flat,not_retained
144,2,centre,null,12,62993,2000,C3_coefficient,0.003620520077303828,0.0038095238095238082,-0.00018900373221998005,-0.04961347970774477,8.41836126270878e-05,0.022098198314610556,analytic_flat,reported_marginal_not_reconstructed
144,2,centre,null,12,62993,2000,C3_count,904955351073.0,952197165838.0797,-47241814765.07971,-0.04961347970774488,21041841805.3,0.022098198314610552,analytic_flat,reported_marginal_not_reconstructed
144,2,centre,null,12,62993,2000,C3_dimension,3.02490316403,3,0.024903164029999925,0.008301054676666642,,,analytic_flat,not_retained
144,2,centre,null,12,62993,2000,C4_N2_over_C2_cubed,0.039849672518389244,0.035693473193473234,0.00415619932491601,0.11644143741315705,,,analytic_flat,not_retained
144,2,centre,null,12,62993,2000,C4_coefficient,5.391740939483394e-05,5.328005328005328e-05,6.373561147806568e-07,0.011962377579289418,3.2737268760771513e-06,0.06144376130537303,analytic_flat,reported_marginal_not_reconstructed
144,2,centre,null,12,62993,2000,C4_count,848900555503000.0,838865726939030.1,10034828563969.875,0.01196237757928964,51543065493300.0,0.06144376130537303,analytic_flat,reported_marginal_not_reconstructed
144,2,centre,null,12,62993,2000,C4_dimension,2.99666862863,3,-0.003331371369999836,-0.0011104571233332416,,,analytic_flat,not_retained
144,2,centre,null,12,62993,2000,cdf_grid_distance_d2,0.383715119337,0.0,0.383715119337,,,,sampled_flat_reference_25_point_grid,source_and_reference_joint_uncertainty_unavailable
144,2,centre,null,12,62993,2000,cdf_grid_distance_d3,0.0453197360759,0.0,0.0453197360759,,,,sampled_flat_reference_25_point_grid,source_and_reference_joint_uncertainty_unavailable
144,2,centre,null,12,62993,2000,cdf_grid_distance_d4,0.31245710448499997,0.0,0.31245710448499997,,,,sampled_flat_reference_25_point_grid,source_and_reference_joint_uncertainty_unavailable
144,2,centre,null,12,62993,2000,cdf_grid_distance_d5,0.550494400545,0.0,0.550494400545,,,,sampled_flat_reference_25_point_grid,source_and_reference_joint_uncertainty_unavailable
144,2,centre,null,12,62993,2000,cdf_grid_distance_d6,0.716809370826,0.0,0.716809370826,,,,sampled_flat_reference_25_point_grid,source_and_reference_joint_uncertainty_unavailable
144,2,centre,null,12,62993,2000,count_volume_coefficient,0.966979873668,1.0,-0.03302012633200002,-0.03302012633200002,,,supplied_continuum_volume,deterministic_finite_geometry_not_sampling_error
144,2,centre,null,12,62993,2000,empty_interval_weight,0.0473407360759,0.0,0.0473407360759,,,,continuum_zero_lattice_sensitive_control,not_retained
144,2,centre,null,12,62993,2000,interval_mean,0.03391462213,0.03333333333333333,0.0005812887966666694,0.01743866390000015,,,analytic_flat,not_retained
144,2,centre,null,12,62993,2000,interval_mean_sampled_reference_d2,0.03391462213,0.111230923338,-0.077316301208,-0.695097180601991,,,sampled_flat_reference,source_and_reference_joint_uncertainty_unavailable
144,2,centre,null,12,62993,2000,interval_mean_sampled_reference_d3,0.03391462213,0.0334036486429,0.0005109734871000041,0.01529693634855711,,,sampled_flat_reference,source_and_reference_joint_uncertainty_unavailable
144,2,centre,null,12,62993,2000,interval_mean_sampled_reference_d4,0.03391462213,0.00953169216111,0.02438292996889,2.558090374380127,,,sampled_flat_reference,source_and_reference_joint_uncertainty_unavailable
144,2,centre,null,12,62993,2000,interval_mean_sampled_reference_d5,0.03391462213,0.00264783067105,0.031266791458950005,11.808455805276672,,,sampled_flat_reference,source_and_reference_joint_uncertainty_unavailable
144,2,centre,null,12,62993,2000,interval_mean_sampled_reference_d6,0.03391462213,0.000728317610158,0.033186304519842,45.56570383166023,,,sampled_flat_reference,source_and_reference_joint_uncertainty_unavailable
144,2,centre,null,12,62993,2000,interval_second_moment_d2,0.00424777144485,0.0278764142498,-0.02362864280495,-0.8476213114503967,,,sampled_flat_reference,source_and_reference_joint_uncertainty_unavailable
144,2,centre,null,12,62993,2000,interval_second_moment_d3,0.00424777144485,0.00409438370913,0.0001533877357199993,0.0374629606350676,,,sampled_flat_reference,source_and_reference_joint_uncertainty_unavailable
144,2,centre,null,12,62993,2000,interval_second_moment_d4,0.00424777144485,0.000567225438714,0.0036805460061359995,6.4886829026576205,,,sampled_flat_reference,source_and_reference_joint_uncertainty_unavailable
144,2,centre,null,12,62993,2000,interval_second_moment_d5,0.00424777144485,7.71570990227e-05,0.0041706143458272995,54.05354009746121,,,sampled_flat_reference,source_and_reference_joint_uncertainty_unavailable
144,2,centre,null,12,62993,2000,interval_second_moment_d6,0.00424777144485,1.05269535255e-05,0.0042372444913245,402.5138404060013,,,sampled_flat_reference,source_and_reference_joint_uncertainty_unavailable
55,2,centre_reference_for_tips,null,5,1646,800,C2_coefficient,0.1305592705167173,0.11428571428571424,0.016273556231003072,0.14239361702127695,0.005262896266310149,0.04605034233021382,analytic_flat,reported_marginal_not_reconstructed
55,2,centre_reference_for_tips,null,5,1646,800,C2_count,353511.42,309447.9999999999,44063.4200000001,0.14239361702127695,14250.1863334,0.04605034233021382,analytic_flat,reported_marginal_not_reconstructed
55,2,centre_reference_for_tips,null,5,1646,800,C2_dimension,2.83469822211,3,-0.1653017778899999,-0.05510059263,,,analytic_flat,not_retained
55,2,centre_reference_for_tips,null,5,1646,800,C3_N_over_C2_squared,0.266213318865359,0.2916666666666668,-0.025453347801307813,-0.08726862103305533,,,analytic_flat,not_retained
55,2,centre_reference_for_tips,null,5,1646,800,C3_coefficient,0.004540558741744873,0.0038095238095238082,0.0007310349322210649,0.19189666970802954,0.0001795995507063529,0.047144882060417656,analytic_flat,reported_marginal_not_reconstructed
55,2,centre_reference_for_tips,null,5,1646,800,C3_count,20211886.2275,16957750.399999995,3254135.8275000043,0.19189666970802954,799471.142618,0.047144882060417656,analytic_flat,reported_marginal_not_reconstructed
55,2,centre_reference_for_tips,null,5,1646,800,C3_dimension,2.91388031128,3,-0.0861196887200002,-0.028706562906666733,,,analytic_flat,not_retained
55,2,centre_reference_for_tips,null,5,1646,800,C4_N2_over_C2_cubed,0.021032460987719992,0.035693473193473234,-0.014661012205753242,-0.41074770522567405,,,analytic_flat,not_retained
55,2,centre_reference_for_tips,null,5,1646,800,C4_coefficient,4.6892745904428295e-05,5.328005328005328e-05,-6.387307375624985e-06,-0.11988177530626143,6.401546087345372e-06,0.12014901812686346,analytic_flat,reported_marginal_not_reconstructed
55,2,centre_reference_for_tips,null,5,1646,800,C4_count,342957870.847,389672502.1986014,-46714631.35160142,-0.11988177530626154,46818768.5302,0.12014901812686345,analytic_flat,reported_marginal_not_reconstructed
55,2,centre_reference_for_tips,null,5,1646,800,C4_dimension,3.03574830884,3,0.03574830884000013,0.011916102946666784,,,analytic_flat,not_retained
55,2,centre_reference_for_tips,null,5,1646,800,cdf_grid_distance_d2,0.400190727569,0.0,0.400190727569,,,,sampled_flat_reference_25_point_grid,source_and_reference_joint_uncertainty_unavailable
55,2,centre_reference_for_tips,null,5,1646,800,cdf_grid_distance_d3,0.37703566527,0.0,0.37703566527,,,,sampled_flat_reference_25_point_grid,source_and_reference_joint_uncertainty_unavailable
55,2,centre_reference_for_tips,null,5,1646,800,cdf_grid_distance_d4,0.35987666527,0.0,0.35987666527,,,,sampled_flat_reference_25_point_grid,source_and_reference_joint_uncertainty_unavailable
55,2,centre_reference_for_tips,null,5,1646,800,cdf_grid_distance_d5,0.40182266885500006,0.0,0.40182266885500006,,,,sampled_flat_reference_25_point_grid,source_and_reference_joint_uncertainty_unavailable
55,2,centre_reference_for_tips,null,5,1646,800,cdf_grid_distance_d6,0.49008091088100003,0.0,0.49008091088100003,,,,sampled_flat_reference_25_point_grid,source_and_reference_joint_uncertainty_unavailable
55,2,centre_reference_for_tips,null,5,1646,800,count_volume_coefficient,0.914510090459,1.0,-0.085489909541,-0.085489909541,,,supplied_continuum_volume,deterministic_finite_geometry_not_sampling_error
55,2,centre_reference_for_tips,null,5,1646,800,empty_interval_weight,0.37905666527,0.0,0.37905666527,,,,continuum_zero_lattice_sensitive_control,not_retained
55,2,centre_reference_for_tips,null,5,1646,800,interval_mean,0.0284626307122,0.03333333333333333,-0.004870702621133333,-0.14612107863400003,,,analytic_flat,not_retained
55,2,centre_reference_for_tips,null,5,1646,800,interval_mean_sampled_reference_d2,0.0284626307122,0.111230923338,-0.0827682926258,-0.7441122499207353,,,sampled_flat_reference,source_and_reference_joint_uncertainty_unavailable
55,2,centre_reference_for_tips,null,5,1646,800,interval_mean_sampled_reference_d3,0.0284626307122,0.0334036486429,-0.004941017930699999,-0.14791850984668464,,,sampled_flat_reference,source_and_reference_joint_uncertainty_unavailable
55,2,centre_reference_for_tips,null,5,1646,800,interval_mean_sampled_reference_d4,0.0284626307122,0.00953169216111,0.01893093855109,1.9861046948546672,,,sampled_flat_reference,source_and_reference_joint_uncertainty_unavailable
55,2,centre_reference_for_tips,null,5,1646,800,interval_mean_sampled_reference_d5,0.0284626307122,0.00264783067105,0.02581480004115,9.749414992203075,,,sampled_flat_reference,source_and_reference_joint_uncertainty_unavailable
55,2,centre_reference_for_tips,null,5,1646,800,interval_mean_sampled_reference_d6,0.0284626307122,0.000728317610158,0.027734313102042,38.07997048983254,,,sampled_flat_reference,source_and_reference_joint_uncertainty_unavailable
55,2,centre_reference_for_tips,null,5,1646,800,interval_second_moment_d2,0.00307054399934,0.0278764142498,-0.02480587025046,-0.8898515436086968,,,sampled_flat_reference,source_and_reference_joint_uncertainty_unavailable
55,2,centre_reference_for_tips,null,5,1646,800,interval_second_moment_d3,0.00307054399934,0.00409438370913,-0.0010238397097900006,-0.25005954070864356,,,sampled_flat_reference,source_and_reference_joint_uncertainty_unavailable
55,2,centre_reference_for_tips,null,5,1646,800,interval_second_moment_d4,0.00307054399934,0.000567225438714,0.0025033185606259997,4.413269204395106,,,sampled_flat_reference,source_and_reference_joint_uncertainty_unavailable
55,2,centre_reference_for_tips,null,5,1646,800,interval_second_moment_d5,0.00307054399934,7.71570990227e-05,0.0029933869003172997,38.79600112280829,,,sampled_flat_reference,source_and_reference_joint_uncertainty_unavailable
55,2,centre_reference_for_tips,null,5,1646,800,interval_second_moment_d6,0.00307054399934,1.05269535255e-05,0.0030600170458144997,290.6840082842636,,,sampled_flat_reference,source_and_reference_joint_uncertainty_unavailable
89,2,centre_reference_for_tips,null,6,5121,800,C2_coefficient,0.10577783203124999,0.11428571428571424,-0.00850788225446425,-0.0744439697265622,0.004927867150199546,0.043118837564246046,analytic_flat,reported_marginal_not_reconstructed
89,2,centre_reference_for_tips,null,6,5121,800,C2_count,2773443.9825,2996516.5714285704,-223072.5889285705,-0.0744439697265622,129206.311302,0.04311883756424604,analytic_flat,reported_marginal_not_reconstructed
89,2,centre_reference_for_tips,null,6,5121,800,C2_dimension,3.09539899175,3,0.09539899175000022,0.031799663916666665,,,analytic_flat,not_retained
89,2,centre_reference_for_tips,null,6,5121,800,C3_N_over_C2_squared,0.28511374088947655,0.2916666666666668,-0.006552925777190244,-0.02246717409322363,,,analytic_flat,not_retained
89,2,centre_reference_for_tips,null,6,5121,800,C3_coefficient,0.0031907465123059016,0.0038095238095238082,-0.0006187772972179066,-0.16242904051970053,0.00013417882849347295,0.03522194247953666,analytic_flat,reported_marginal_not_reconstructed
89,2,centre_reference_for_tips,null,6,5121,800,C3_count,428254731.169,511305610.9714284,-83050879.80242836,-0.16242904051970053,18009176.8191,0.03522194247953666,analytic_flat,reported_marginal_not_reconstructed
89,2,centre_reference_for_tips,null,6,5121,800,C3_dimension,3.08662988607,3,0.08662988606999988,0.02887662868999996,,,analytic_flat,not_retained
89,2,centre_reference_for_tips,null,6,5121,800,C4_N2_over_C2_cubed,0.03666811588999138,0.035693473193473234,0.0009746426965181465,0.027305908036328708,,,analytic_flat,not_retained
89,2,centre_reference_for_tips,null,6,5121,800,C4_coefficient,4.342372655798986e-05,5.328005328005328e-05,-9.856326722063421e-06,-0.18499093216472784,5.106402536726752e-06,0.09584079261119023,analytic_flat,reported_marginal_not_reconstructed
89,2,centre_reference_for_tips,null,6,5121,800,C4_count,29828900064.2,36599470167.15764,-6770570102.957638,-0.18499093216472784,3507722229.97,0.09584079261119025,analytic_flat,reported_marginal_not_reconstructed
89,2,centre_reference_for_tips,null,6,5121,800,C4_dimension,3.0572407221,3,0.057240722099999974,0.019080240699999917,,,analytic_flat,not_retained
89,2,centre_reference_for_tips,null,6,5121,800,cdf_grid_distance_d2,0.40797864516000004,0.0,0.40797864516000004,,,,sampled_flat_reference_25_point_grid,source_and_reference_joint_uncertainty_unavailable
89,2,centre_reference_for_tips,null,6,5121,800,cdf_grid_distance_d3,0.280066678239,0.0,0.280066678239,,,,sampled_flat_reference_25_point_grid,source_and_reference_joint_uncertainty_unavailable
89,2,centre_reference_for_tips,null,6,5121,800,cdf_grid_distance_d4,0.28715265134999995,0.0,0.28715265134999995,,,,sampled_flat_reference_25_point_grid,source_and_reference_joint_uncertainty_unavailable
89,2,centre_reference_for_tips,null,6,5121,800,cdf_grid_distance_d5,0.47176757844399997,0.0,0.47176757844399997,,,,sampled_flat_reference_25_point_grid,source_and_reference_joint_uncertainty_unavailable
89,2,centre_reference_for_tips,null,6,5121,800,cdf_grid_distance_d6,0.5724634814359999,0.0,0.5724634814359999,,,,sampled_flat_reference_25_point_grid,source_and_reference_joint_uncertainty_unavailable
89,2,centre_reference_for_tips,null,6,5121,800,count_volume_coefficient,1.01751868112,1.0,0.0175186811200001,0.0175186811200001,,,supplied_continuum_volume,deterministic_finite_geometry_not_sampling_error
89,2,centre_reference_for_tips,null,6,5121,800,empty_interval_weight,0.282087678239,0.0,0.282087678239,,,,continuum_zero_lattice_sensitive_control,not_retained
89,2,centre_reference_for_tips,null,6,5121,800,interval_mean,0.0322457310529,0.03333333333333333,-0.0010876022804333363,-0.032628068413000144,,,analytic_flat,not_retained
89,2,centre_reference_for_tips,null,6,5121,800,interval_mean_sampled_reference_d2,0.0322457310529,0.111230923338,-0.07898519228510001,-0.7101010215035782,,,sampled_flat_reference,source_and_reference_joint_uncertainty_unavailable
89,2,centre_reference_for_tips,null,6,5121,800,interval_mean_sampled_reference_d3,0.0322457310529,0.0334036486429,-0.0011579175900000016,-0.034664404549893946,,,sampled_flat_reference,source_and_reference_joint_uncertainty_unavailable
89,2,centre_reference_for_tips,null,6,5121,800,interval_mean_sampled_reference_d4,0.0322457310529,0.00953169216111,0.022714038891789995,2.38300172811549,,,sampled_flat_reference,source_and_reference_joint_uncertainty_unavailable
89,2,centre_reference_for_tips,null,6,5121,800,interval_mean_sampled_reference_d5,0.0322457310529,0.00264783067105,0.029597900381849996,11.17816962597269,,,sampled_flat_reference,source_and_reference_joint_uncertainty_unavailable
89,2,centre_reference_for_tips,null,6,5121,800,interval_mean_sampled_reference_d6,0.0322457310529,0.000728317610158,0.031517413442742,43.27427073458331,,,sampled_flat_reference,source_and_reference_joint_uncertainty_unavailable
89,2,centre_reference_for_tips,null,6,5121,800,interval_second_moment_d2,0.00385275933676,0.0278764142498,-0.02402365491304,-0.8617914304818582,,,sampled_flat_reference,source_and_reference_joint_uncertainty_unavailable
89,2,centre_reference_for_tips,null,6,5121,800,interval_second_moment_d3,0.00385275933676,0.00409438370913,-0.00024162437237000046,-0.05901361219057366,,,sampled_flat_reference,source_and_reference_joint_uncertainty_unavailable
89,2,centre_reference_for_tips,null,6,5121,800,interval_second_moment_d4,0.00385275933676,0.000567225438714,0.0032855338980459997,5.792289403477538,,,sampled_flat_reference,source_and_reference_joint_uncertainty_unavailable
89,2,centre_reference_for_tips,null,6,5121,800,interval_second_moment_d5,0.00385275933676,7.71570990227e-05,0.0037756022377372998,48.933957932069205,,,sampled_flat_reference,source_and_reference_joint_uncertainty_unavailable
89,2,centre_reference_for_tips,null,6,5121,800,interval_second_moment_d6,0.00385275933676,1.05269535255e-05,0.0038422323832345,364.98996351862445,,,sampled_flat_reference,source_and_reference_joint_uncertainty_unavailable
144,2,centre_reference_for_tips,null,8,19085,400,C2_coefficient,0.12111533221546845,0.11428571428571424,0.006829617929754214,0.059759156885349496,0.007797480883708867,0.06822795773245262,analytic_flat,reported_marginal_not_reconstructed
144,2,centre_reference_for_tips,null,8,19085,400,C2_count,44112401.025,41624930.28571427,2487470.73928573,0.059759156885349274,2839983.98415,0.06822795773245262,analytic_flat,reported_marginal_not_reconstructed
144,2,centre_reference_for_tips,null,8,19085,400,C2_dimension,2.92811368062,3,-0.0718863193799999,-0.023962106459999966,,,analytic_flat,not_retained
144,2,centre_reference_for_tips,null,8,19085,400,C3_N_over_C2_squared,0.25678347349831904,0.2916666666666668,-0.03488319316834776,-0.11959951943433511,,,analytic_flat,not_retained
144,2,centre_reference_for_tips,null,8,19085,400,C3_coefficient,0.0037669345666232574,0.0038095238095238082,-4.2589242900550797e-05,-0.0111796762613946,0.00019959979493224466,0.05239494616971424,analytic_flat,reported_marginal_not_reconstructed
144,2,centre_reference_for_tips,null,8,19085,400,C3_count,26181606955.6,26477618154.742847,-296011199.14284897,-0.0111796762613946,1387293377.92,0.05239494616971424,analytic_flat,reported_marginal_not_reconstructed
144,2,centre_reference_for_tips,null,8,19085,400,C3_dimension,3.00550429585,3,0.005504295849999785,0.0018347652833332617,,,analytic_flat,not_retained
144,2,centre_reference_for_tips,null,8,19085,400,C4_N2_over_C2_cubed,0.02557530517851123,0.035693473193473234,-0.010118168014962004,-0.28347389899877196,,,analytic_flat,not_retained
144,2,centre_reference_for_tips,null,8,19085,400,C4_coefficient,4.544503821189719e-05,5.328005328005328e-05,-7.835015068156089e-06,-0.14705343906045465,5.55641349651782e-06,0.10428693581276884,analytic_flat,reported_marginal_not_reconstructed
144,2,centre_reference_for_tips,null,8,19085,400,C4_count,6027241413240.0,7066376358444.8,-1039134945204.7998,-0.14705343906045465,736930737722.0,0.10428693581276884,analytic_flat,reported_marginal_not_reconstructed
144,2,centre_reference_for_tips,null,8,19085,400,C4_dimension,3.04451975877,3,0.04451975876999992,0.014839919589999973,,,analytic_flat,not_retained
144,2,centre_reference_for_tips,null,8,19085,400,cdf_grid_distance_d2,0.35472675193400005,0.0,0.35472675193400005,,,,sampled_flat_reference_25_point_grid,source_and_reference_joint_uncertainty_unavailable
144,2,centre_reference_for_tips,null,8,19085,400,cdf_grid_distance_d3,0.12672867822,0.0,0.12672867822,,,,sampled_flat_reference_25_point_grid,source_and_reference_joint_uncertainty_unavailable
144,2,centre_reference_for_tips,null,8,19085,400,cdf_grid_distance_d4,0.32381059657199995,0.0,0.32381059657199995,,,,sampled_flat_reference_25_point_grid,source_and_reference_joint_uncertainty_unavailable
144,2,centre_reference_for_tips,null,8,19085,400,cdf_grid_distance_d5,0.544764389281,0.0,0.544764389281,,,,sampled_flat_reference_25_point_grid,source_and_reference_joint_uncertainty_unavailable
144,2,centre_reference_for_tips,null,8,19085,400,cdf_grid_distance_d6,0.6981013892810001,0.0,0.6981013892810001,,,,sampled_flat_reference_25_point_grid,source_and_reference_joint_uncertainty_unavailable
144,2,centre_reference_for_tips,null,8,19085,400,count_volume_coefficient,0.988760445608,1.0,-0.011239554391999973,-0.011239554391999973,,,supplied_continuum_volume,deterministic_finite_geometry_not_sampling_error
144,2,centre_reference_for_tips,null,8,19085,400,empty_interval_weight,0.12874967822,0.0,0.12874967822,,,,continuum_zero_lattice_sensitive_control,not_retained
144,2,centre_reference_for_tips,null,8,19085,400,interval_mean,0.0397393332548,0.03333333333333333,0.006405999921466669,0.19217999764400018,,,analytic_flat,not_retained
144,2,centre_reference_for_tips,null,8,19085,400,interval_mean_sampled_reference_d2,0.0397393332548,0.111230923338,-0.0714915900832,-0.6427312471906471,,,sampled_flat_reference,source_and_reference_joint_uncertainty_unavailable
144,2,centre_reference_for_tips,null,8,19085,400,interval_mean_sampled_reference_d3,0.0397393332548,0.0334036486429,0.006335684611900004,0.18967043629369096,,,sampled_flat_reference,source_and_reference_joint_uncertainty_unavailable
144,2,centre_reference_for_tips,null,8,19085,400,interval_mean_sampled_reference_d4,0.0397393332548,0.00953169216111,0.03020764109369,3.169179258320929,,,sampled_flat_reference,source_and_reference_joint_uncertainty_unavailable
144,2,centre_reference_for_tips,null,8,19085,400,interval_mean_sampled_reference_d5,0.0397393332548,0.00264783067105,0.037091502583750005,14.008260796012808,,,sampled_flat_reference,source_and_reference_joint_uncertainty_unavailable
144,2,centre_reference_for_tips,null,8,19085,400,interval_mean_sampled_reference_d6,0.0397393332548,0.000728317610158,0.039011015644642,53.56319152598688,,,sampled_flat_reference,source_and_reference_joint_uncertainty_unavailable
144,2,centre_reference_for_tips,null,8,19085,400,interval_second_moment_d2,0.0057086881768,0.0278764142498,-0.022167726073,-0.795214401477731,,,sampled_flat_reference,source_and_reference_joint_uncertainty_unavailable
144,2,centre_reference_for_tips,null,8,19085,400,interval_second_moment_d3,0.0057086881768,0.00409438370913,0.0016143044676699995,0.39427288264905114,,,sampled_flat_reference,source_and_reference_joint_uncertainty_unavailable
144,2,centre_reference_for_tips,null,8,19085,400,interval_second_moment_d4,0.0057086881768,0.000567225438714,0.005141462738086,9.064231586197195,,,sampled_flat_reference,source_and_reference_joint_uncertainty_unavailable
144,2,centre_reference_for_tips,null,8,19085,400,interval_second_moment_d5,0.0057086881768,7.71570990227e-05,0.0056315310777773,72.98785399021386,,,sampled_flat_reference,source_and_reference_joint_uncertainty_unavailable
144,2,centre_reference_for_tips,null,8,19085,400,interval_second_moment_d6,0.0057086881768,1.05269535255e-05,0.0056981612232745,541.2925220455795,,,sampled_flat_reference,source_and_reference_joint_uncertainty_unavailable
55,2,moving,null,8,3546,3000,C2_coefficient,0.11948293370944993,0.11428571428571424,0.005197219423735688,0.04547566995768726,0.0026624878309018606,0.023296768520391288,analytic_flat,reported_marginal_not_reconstructed
55,2,moving,null,8,3546,3000,C2_count,1501968.582,1436636.571428571,65332.01057142904,0.04547566995768726,33468.9896525,0.023296768520391288,analytic_flat,reported_marginal_not_reconstructed
55,2,moving,null,8,3546,3000,C2_dimension,2.94494491872,3,-0.05505508127999992,-0.01835169376000001,,,analytic_flat,not_retained
55,2,moving,null,8,3546,3000,C3_N_over_C2_squared,0.2897168944841736,0.2916666666666668,-0.0019497721824932035,-0.006684933197119602,,,analytic_flat,not_retained
55,2,moving,null,8,3546,3000,C3_coefficient,0.004137215113434601,0.0038095238095238082,0.00032769130391079255,0.08601896727658298,7.969721056438084e-05,0.020920517773149978,analytic_flat,reported_marginal_not_reconstructed
55,2,moving,null,8,3546,3000,C3_count,184313347.356,169714666.9714285,14598680.384571493,0.08601896727658298,3550518.70674,0.020920517773149978,analytic_flat,reported_marginal_not_reconstructed
55,2,moving,null,8,3546,3000,C3_dimension,2.95955898641,3,-0.040441013590000185,-0.013480337863333358,,,analytic_flat,not_retained
55,2,moving,null,8,3546,3000,C4_N2_over_C2_cubed,0.03573761183631625,0.035693473193473234,4.413864284301405e-05,0.0012366026305079547,,,analytic_flat,not_retained
55,2,moving,null,8,3546,3000,C4_coefficient,6.1011369465208965e-05,5.328005328005328e-05,7.731316185155685e-06,0.14510714065014074,2.9023765696183573e-06,0.054473980241024546,analytic_flat,reported_marginal_not_reconstructed
55,2,moving,null,8,3546,3000,C4_count,9630095847.4,8409777133.982818,1220318713.417182,0.14510714065014074,458114033.428,0.05447398024102454,analytic_flat,reported_marginal_not_reconstructed
55,2,moving,null,8,3546,3000,C4_dimension,2.96201482279,3,-0.03798517720999994,-0.012661725736666685,,,analytic_flat,not_retained
55,2,moving,null,8,3546,3000,cdf_grid_distance_d2,0.36800318870399995,0.0,0.36800318870399995,,,,sampled_flat_reference_25_point_grid,source_and_reference_joint_uncertainty_unavailable
55,2,moving,null,8,3546,3000,cdf_grid_distance_d3,0.186748820752,0.0,0.186748820752,,,,sampled_flat_reference_25_point_grid,source_and_reference_joint_uncertainty_unavailable
55,2,moving,null,8,3546,3000,cdf_grid_distance_d4,0.32620821345099993,0.0,0.32620821345099993,,,,sampled_flat_reference_25_point_grid,source_and_reference_joint_uncertainty_unavailable
55,2,moving,null,8,3546,3000,cdf_grid_distance_d5,0.5245813647249999,0.0,0.5245813647249999,,,,sampled_flat_reference_25_point_grid,source_and_reference_joint_uncertainty_unavailable
55,2,moving,null,8,3546,3000,cdf_grid_distance_d6,0.650971285849,0.0,0.650971285849,,,,sampled_flat_reference_25_point_grid,source_and_reference_joint_uncertainty_unavailable
55,2,moving,null,8,3546,3000,count_volume_coefficient,0.87562324371,1.0,-0.12437675629,-0.12437675629,,,supplied_continuum_volume,deterministic_finite_geometry_not_sampling_error
55,2,moving,null,8,3546,3000,empty_interval_weight,0.188769820752,0.0,0.188769820752,,,,continuum_zero_lattice_sensitive_control,not_retained
55,2,moving,null,8,3546,3000,interval_mean,0.0358117295603,0.03333333333333333,0.0024783962269666684,0.07435188680900007,,,analytic_flat,not_retained
55,2,moving,null,8,3546,3000,interval_mean_sampled_reference_d2,0.0358117295603,0.111230923338,-0.0754191937777,-0.6780416049278125,,,sampled_flat_reference,source_and_reference_joint_uncertainty_unavailable
55,2,moving,null,8,3546,3000,interval_mean_sampled_reference_d3,0.0358117295603,0.0334036486429,0.002408080917400003,0.07209035585134638,,,sampled_flat_reference,source_and_reference_joint_uncertainty_unavailable
55,2,moving,null,8,3546,3000,interval_mean_sampled_reference_d4,0.0358117295603,0.00953169216111,0.02628003739919,2.7571219207450355,,,sampled_flat_reference,source_and_reference_joint_uncertainty_unavailable
55,2,moving,null,8,3546,3000,interval_mean_sampled_reference_d5,0.0358117295603,0.00264783067105,0.033163898889250004,12.52493191949424,,,sampled_flat_reference,source_and_reference_joint_uncertainty_unavailable
55,2,moving,null,8,3546,3000,interval_mean_sampled_reference_d6,0.0358117295603,0.000728317610158,0.035083411950142,48.170484223951505,,,sampled_flat_reference,source_and_reference_joint_uncertainty_unavailable
55,2,moving,null,8,3546,3000,interval_second_moment_d2,0.00496125865551,0.0278764142498,-0.02291515559429,-0.8220266562602974,,,sampled_flat_reference,source_and_reference_joint_uncertainty_unavailable
55,2,moving,null,8,3546,3000,interval_second_moment_d3,0.00496125865551,0.00409438370913,0.0008668749463799997,0.21172293755638227,,,sampled_flat_reference,source_and_reference_joint_uncertainty_unavailable
55,2,moving,null,8,3546,3000,interval_second_moment_d4,0.00496125865551,0.000567225438714,0.004394033216796,7.746537649577295,,,sampled_flat_reference,source_and_reference_joint_uncertainty_unavailable
55,2,moving,null,8,3546,3000,interval_second_moment_d5,0.00496125865551,7.71570990227e-05,0.0048841015564873,63.30074119363111,,,sampled_flat_reference,source_and_reference_joint_uncertainty_unavailable
55,2,moving,null,8,3546,3000,interval_second_moment_d6,0.00496125865551,1.05269535255e-05,0.0049507317019845,470.29101914358023,,,sampled_flat_reference,source_and_reference_joint_uncertainty_unavailable
89,2,moving,null,10,14471,3000,C2_coefficient,0.11941094217938057,0.11428571428571424,0.0051252278936663315,0.04484574406958042,0.0026286218970982974,0.02300044159961011,analytic_flat,reported_marginal_not_reconstructed
89,2,moving,null,10,14471,3000,C2_count,25004098.4197,23930899.428571418,1073198.9911285825,0.04484574406958042,550421.254733,0.023000441599610115,analytic_flat,reported_marginal_not_reconstructed
89,2,moving,null,10,14471,3000,C2_dimension,2.94569213394,3,-0.05430786605999982,-0.018102622019999903,,,analytic_flat,not_retained
89,2,moving,null,10,14471,3000,C3_N_over_C2_squared,0.2891458193289682,0.2916666666666668,-0.002520847337698584,-0.008642905157823733,,,analytic_flat,not_retained
89,2,moving,null,10,14471,3000,C3_coefficient,0.004123207411988217,0.0038095238095238082,0.000313683602464409,0.08234194564690744,7.572043624581868e-05,0.01987661451452741,analytic_flat,reported_marginal_not_reconstructed
89,2,moving,null,10,14471,3000,C3_count,12492253056.7,11541872794.399996,950380262.300005,0.08234194564690744,229413356.31,0.01987661451452741,analytic_flat,reported_marginal_not_reconstructed
89,2,moving,null,10,14471,3000,C3_dimension,2.96122253881,3,-0.03877746119000003,-0.012925820396666676,,,analytic_flat,not_retained
89,2,moving,null,10,14471,3000,C4_N2_over_C2_cubed,0.03408652893723127,0.035693473193473234,-0.0016069442562419642,-0.04502067499936668,,,analytic_flat,not_retained
89,2,moving,null,10,14471,3000,C4_coefficient,5.8050397710730134e-05,5.328005328005328e-05,4.770344430676854e-06,0.0895334020332661,2.9356259232806513e-06,0.05509802904757372,analytic_flat,reported_marginal_not_reconstructed
89,2,moving,null,10,14471,3000,C4_count,2544598640800.0,2335493924326.982,209104716473.01807,0.0895334020332661,128681112083.0,0.05509802904757372,analytic_flat,reported_marginal_not_reconstructed
89,2,moving,null,10,14471,3000,C4_dimension,2.97596772022,3,-0.02403227978000011,-0.008010759926666666,,,analytic_flat,not_retained
89,2,moving,null,10,14471,3000,cdf_grid_distance_d2,0.354965216546,0.0,0.354965216546,,,,sampled_flat_reference_25_point_grid,source_and_reference_joint_uncertainty_unavailable
89,2,moving,null,10,14471,3000,cdf_grid_distance_d3,0.10387373127800001,0.0,0.10387373127800001,,,,sampled_flat_reference_25_point_grid,source_and_reference_joint_uncertainty_unavailable
89,2,moving,null,10,14471,3000,cdf_grid_distance_d4,0.33519195827,0.0,0.33519195827,,,,sampled_flat_reference_25_point_grid,source_and_reference_joint_uncertainty_unavailable
89,2,moving,null,10,14471,3000,cdf_grid_distance_d5,0.55976670566,0.0,0.55976670566,,,,sampled_flat_reference_25_point_grid,source_and_reference_joint_uncertainty_unavailable
89,2,moving,null,10,14471,3000,cdf_grid_distance_d6,0.704913250685,0.0,0.704913250685,,,,sampled_flat_reference_25_point_grid,source_and_reference_joint_uncertainty_unavailable
89,2,moving,null,10,14471,3000,count_volume_coefficient,0.921987395873,1.0,-0.07801260412699995,-0.07801260412699995,,,supplied_continuum_volume,deterministic_finite_geometry_not_sampling_error
89,2,moving,null,10,14471,3000,empty_interval_weight,0.105894731278,0.0,0.105894731278,,,,continuum_zero_lattice_sensitive_control,not_retained
89,2,moving,null,10,14471,3000,interval_mean,0.0346769180308,0.03333333333333333,0.0013435846974666696,0.04030754092400013,,,analytic_flat,not_retained
89,2,moving,null,10,14471,3000,interval_mean_sampled_reference_d2,0.0346769180308,0.111230923338,-0.0765540053072,-0.6882439074480534,,,sampled_flat_reference,source_and_reference_joint_uncertainty_unavailable
89,2,moving,null,10,14471,3000,interval_mean_sampled_reference_d3,0.0346769180308,0.0334036486429,0.0012732693879000043,0.038117673955675446,,,sampled_flat_reference,source_and_reference_joint_uncertainty_unavailable
89,2,moving,null,10,14471,3000,interval_mean_sampled_reference_d4,0.0346769180308,0.00953169216111,0.02514522586969,2.638065250605172,,,sampled_flat_reference,source_and_reference_joint_uncertainty_unavailable
89,2,moving,null,10,14471,3000,interval_mean_sampled_reference_d5,0.0346769180308,0.00264783067105,0.032029087359750005,12.096350310440672,,,sampled_flat_reference,source_and_reference_joint_uncertainty_unavailable
89,2,moving,null,10,14471,3000,interval_mean_sampled_reference_d6,0.0346769180308,0.000728317610158,0.033948600420642,46.612356954100356,,,sampled_flat_reference,source_and_reference_joint_uncertainty_unavailable
89,2,moving,null,10,14471,3000,interval_second_moment_d2,0.00393846702313,0.0278764142498,-0.02393794722667,-0.8587168712648092,,,sampled_flat_reference,source_and_reference_joint_uncertainty_unavailable
89,2,moving,null,10,14471,3000,interval_second_moment_d3,0.00393846702313,0.00409438370913,-0.0001559166860000006,-0.038080623868330776,,,sampled_flat_reference,source_and_reference_joint_uncertainty_unavailable
89,2,moving,null,10,14471,3000,interval_second_moment_d4,0.00393846702313,0.000567225438714,0.0033712415844159996,5.943389266989151,,,sampled_flat_reference,source_and_reference_joint_uncertainty_unavailable
89,2,moving,null,10,14471,3000,interval_second_moment_d5,0.00393846702313,7.71570990227e-05,0.0038613099241072996,50.04477841982218,,,sampled_flat_reference,source_and_reference_joint_uncertainty_unavailable
89,2,moving,null,10,14471,3000,interval_second_moment_d6,0.00393846702313,1.05269535255e-05,0.0039279400696045,373.131700457273,,,sampled_flat_reference,source_and_reference_joint_uncertainty_unavailable
144,2,moving,null,12,60491,1500,C2_coefficient,0.11302345291223602,0.11428571428571424,-0.0012622613734782212,-0.011044787017934432,0.00366419989353176,0.03206174906840291,analytic_flat,reported_marginal_not_reconstructed
144,2,moving,null,12,60491,1500,C2_count,413564183.235,418182924.5714284,-4618741.336428404,-0.011044787017934543,13407675.9923,0.03206174906840291,analytic_flat,reported_marginal_not_reconstructed
144,2,moving,null,12,60491,1500,C2_dimension,3.01372441335,3,0.013724413349999853,0.004574804450000025,,,analytic_flat,not_retained
144,2,moving,null,12,60491,1500,C3_N_over_C2_squared,0.3077975392675413,0.2916666666666668,0.01613087260087448,0.05530584891728396,,,analytic_flat,not_retained
144,2,moving,null,12,60491,1500,C3_coefficient,0.003931963387282922,0.0038095238095238082,0.00012243957775911378,0.03214038916176731,0.00010330633820760334,0.027117913779495885,analytic_flat,reported_marginal_not_reconstructed
144,2,moving,null,12,60491,1500,C3_count,870282435846.0,843182230813.3711,27100205032.628906,0.03214038916176731,22865343035.6,0.02711791377949589,analytic_flat,reported_marginal_not_reconstructed
144,2,moving,null,12,60491,1500,C3_dimension,2.98450486059,3,-0.015495139410000025,-0.005165046470000045,,,analytic_flat,not_retained
144,2,moving,null,12,60491,1500,C4_N2_over_C2_cubed,0.038856560827874934,0.035693473193473234,0.0031630876344016998,0.08861809601033976,,,analytic_flat,not_retained
144,2,moving,null,12,60491,1500,C4_coefficient,5.6103713876630154e-05,5.328005328005328e-05,2.823660596576874e-06,0.05299657982200223,4.040030649618071e-06,0.07582632525501916,analytic_flat,reported_marginal_not_reconstructed
144,2,moving,null,12,60491,1500,C4_count,751123914676000.0,713320374509639.4,37803540166360.625,0.05299657982200223,54088462728600.0,0.07582632525501917,analytic_flat,reported_marginal_not_reconstructed
144,2,moving,null,12,60491,1500,C4_dimension,2.98552997598,3,-0.014470024019999972,-0.004823341339999954,,,analytic_flat,not_retained
144,2,moving,null,12,60491,1500,cdf_grid_distance_d2,0.37084235296299994,0.0,0.37084235296299994,,,,sampled_flat_reference_25_point_grid,source_and_reference_joint_uncertainty_unavailable
144,2,moving,null,12,60491,1500,cdf_grid_distance_d3,0.042969518453,0.0,0.042969518453,,,,sampled_flat_reference_25_point_grid,source_and_reference_joint_uncertainty_unavailable
144,2,moving,null,12,60491,1500,cdf_grid_distance_d4,0.31876389064099997,0.0,0.31876389064099997,,,,sampled_flat_reference_25_point_grid,source_and_reference_joint_uncertainty_unavailable
144,2,moving,null,12,60491,1500,cdf_grid_distance_d5,0.564538450552,0.0,0.564538450552,,,,sampled_flat_reference_25_point_grid,source_and_reference_joint_uncertainty_unavailable
144,2,moving,null,12,60491,1500,cdf_grid_distance_d6,0.723179394019,0.0,0.723179394019,,,,sampled_flat_reference_25_point_grid,source_and_reference_joint_uncertainty_unavailable
144,2,moving,null,12,60491,1500,count_volume_coefficient,0.949140525627,1.0,-0.05085947437299998,-0.05085947437299998,,,supplied_continuum_volume,deterministic_finite_geometry_not_sampling_error
144,2,moving,null,12,60491,1500,empty_interval_weight,0.044990518453,0.0,0.044990518453,,,,continuum_zero_lattice_sensitive_control,not_retained
144,2,moving,null,12,60491,1500,interval_mean,0.0318144952667,0.03333333333333333,-0.0015188380666333323,-0.04556514199899997,,,analytic_flat,not_retained
144,2,moving,null,12,60491,1500,interval_mean_sampled_reference_d2,0.0318144952667,0.111230923338,-0.0794164280713,-0.7139779630343933,,,sampled_flat_reference,source_and_reference_joint_uncertainty_unavailable
144,2,moving,null,12,60491,1500,interval_mean_sampled_reference_d3,0.0318144952667,0.0334036486429,-0.0015891533761999976,-0.047574245352319466,,,sampled_flat_reference,source_and_reference_joint_uncertainty_unavailable
144,2,moving,null,12,60491,1500,interval_mean_sampled_reference_d4,0.0318144952667,0.00953169216111,0.02228280310559,2.3377594165813984,,,sampled_flat_reference,source_and_reference_joint_uncertainty_unavailable
144,2,moving,null,12,60491,1500,interval_mean_sampled_reference_d5,0.0318144952667,0.00264783067105,0.02916666459565,11.015305817907127,,,sampled_flat_reference,source_and_reference_joint_uncertainty_unavailable
144,2,moving,null,12,60491,1500,interval_mean_sampled_reference_d6,0.0318144952667,0.000728317610158,0.031086177656542,42.68217220478606,,,sampled_flat_reference,source_and_reference_joint_uncertainty_unavailable
144,2,moving,null,12,60491,1500,interval_second_moment_d2,0.00435608017751,0.0278764142498,-0.023520334072289997,-0.8437359935006257,,,sampled_flat_reference,source_and_reference_joint_uncertainty_unavailable
144,2,moving,null,12,60491,1500,interval_second_moment_d3,0.00435608017751,0.00409438370913,0.00026169646837999935,0.0639159607333446,,,sampled_flat_reference,source_and_reference_joint_uncertainty_unavailable
144,2,moving,null,12,60491,1500,interval_second_moment_d4,0.00435608017751,0.000567225438714,0.0037888547387959996,6.679627675701571,,,sampled_flat_reference,source_and_reference_joint_uncertainty_unavailable
144,2,moving,null,12,60491,1500,interval_second_moment_d5,0.00435608017751,7.71570990227e-05,0.0042789230784873,55.45728303274362,,,sampled_flat_reference,source_and_reference_joint_uncertainty_unavailable
144,2,moving,null,12,60491,1500,interval_second_moment_d6,0.00435608017751,1.05269535255e-05,0.0043455532239845,412.80254666822975,,,sampled_flat_reference,source_and_reference_joint_uncertainty_unavailable
55,2,tip,"[-1,-1]",5,1650,800,C2_coefficient,0.1284331412977562,0.11428571428571424,0.014147427012041969,0.12378998635536731,0.005249285393902641,0.04593124719664812,analytic_flat,reported_marginal_not_reconstructed
55,2,tip,"[-1,-1]",5,1650,800,C2_count,349447.3125,310954.28571428556,38493.026785714435,0.12378998635536753,14282.518164,0.04593124719664812,analytic_flat,reported_marginal_not_reconstructed
55,2,tip,"[-1,-1]",5,1650,800,C2_dimension,2.85516776882,3,-0.1448322311800001,-0.04827741039333333,,,analytic_flat,not_retained
55,2,tip,"[-1,-1]",5,1650,800,C3_N_over_C2_squared,0.27559068936224346,0.2916666666666668,-0.01607597730442334,-0.055117636472308607,,,analytic_flat,not_retained
55,2,tip,"[-1,-1]",5,1650,800,C3_coefficient,0.004548646631232815,0.0038095238095238082,0.0007391228217090069,0.19401974069861438,0.0001798922505943852,0.04722171578102614,analytic_flat,reported_marginal_not_reconstructed
55,2,tip,"[-1,-1]",5,1650,800,C3_count,20395953.1875,17081755.42857142,3314197.7589285783,0.1940197406986146,806629.799889,0.04722171578102614,analytic_flat,reported_marginal_not_reconstructed
55,2,tip,"[-1,-1]",5,1650,800,C3_dimension,2.91300552429,3,-0.08699447571000007,-0.028998158569999988,,,analytic_flat,not_retained
55,2,tip,"[-1,-1]",5,1650,800,C4_N2_over_C2_cubed,0.023134080751540883,0.035693473193473234,-0.012559392441932351,-0.3518680396792798,,,analytic_flat,not_retained
55,2,tip,"[-1,-1]",5,1650,800,C4_coefficient,4.9099160515759584e-05,5.328005328005328e-05,-4.180892764293696e-06,-0.07847013106983725,6.54547531315491e-06,0.12285038978377621,analytic_flat,reported_marginal_not_reconstructed
55,2,tip,"[-1,-1]",5,1650,800,C4_count,362601397.125,393477639.03296703,-30876241.90796703,-0.07847013106983725,48338881.3264,0.12285038978377621,analytic_flat,reported_marginal_not_reconstructed
55,2,tip,"[-1,-1]",5,1650,800,C4_dimension,3.02288243729,3,0.022882437289999835,0.007627479096666612,,,analytic_flat,not_retained
55,2,tip,"[-1,-1]",5,1650,800,cdf_grid_distance_d2,0.403999854287,0.0,0.403999854287,,,,sampled_flat_reference_25_point_grid,source_and_reference_joint_uncertainty_unavailable
55,2,tip,"[-1,-1]",5,1650,800,cdf_grid_distance_d3,0.381124742464,0.0,0.381124742464,,,,sampled_flat_reference_25_point_grid,source_and_reference_joint_uncertainty_unavailable
55,2,tip,"[-1,-1]",5,1650,800,cdf_grid_distance_d4,0.36396574246400004,0.0,0.36396574246400004,,,,sampled_flat_reference_25_point_grid,source_and_reference_joint_uncertainty_unavailable
55,2,tip,"[-1,-1]",5,1650,800,cdf_grid_distance_d5,0.429647535209,0.0,0.429647535209,,,,sampled_flat_reference_25_point_grid,source_and_reference_joint_uncertainty_unavailable
55,2,tip,"[-1,-1]",5,1650,800,cdf_grid_distance_d6,0.518169306683,0.0,0.518169306683,,,,sampled_flat_reference_25_point_grid,source_and_reference_joint_uncertainty_unavailable
55,2,tip,"[-1,-1]",5,1650,800,count_volume_coefficient,0.916732472209,1.0,-0.083267527791,-0.083267527791,,,supplied_continuum_volume,deterministic_finite_geometry_not_sampling_error
55,2,tip,"[-1,-1]",5,1650,800,empty_interval_weight,0.383145742464,0.0,0.383145742464,,,,continuum_zero_lattice_sensitive_control,not_retained
55,2,tip,"[-1,-1]",5,1650,800,interval_mean,0.0310946410555,0.03333333333333333,-0.002238692277833333,-0.06716076833499995,,,analytic_flat,not_retained
55,2,tip,"[-1,-1]",5,1650,800,interval_mean_sampled_reference_d2,0.0310946410555,0.111230923338,-0.0801362822825,-0.7204496724259675,,,sampled_flat_reference,source_and_reference_joint_uncertainty_unavailable
55,2,tip,"[-1,-1]",5,1650,800,interval_mean_sampled_reference_d3,0.0310946410555,0.0334036486429,-0.0023090075873999985,-0.06912441248811851,,,sampled_flat_reference,source_and_reference_joint_uncertainty_unavailable
55,2,tip,"[-1,-1]",5,1650,800,interval_mean_sampled_reference_d4,0.0310946410555,0.00953169216111,0.021562948894389998,2.262237232373954,,,sampled_flat_reference,source_and_reference_joint_uncertainty_unavailable
55,2,tip,"[-1,-1]",5,1650,800,interval_mean_sampled_reference_d5,0.0310946410555,0.00264783067105,0.02844681038445,10.743440166122626,,,sampled_flat_reference,source_and_reference_joint_uncertainty_unavailable
55,2,tip,"[-1,-1]",5,1650,800,interval_mean_sampled_reference_d6,0.0310946410555,0.000728317610158,0.030366323445342,41.693792683049885,,,sampled_flat_reference,source_and_reference_joint_uncertainty_unavailable
55,2,tip,"[-1,-1]",5,1650,800,interval_second_moment_d2,0.00384687289503,0.0278764142498,-0.02402954135477,-0.8620025925659502,,,sampled_flat_reference,source_and_reference_joint_uncertainty_unavailable
55,2,tip,"[-1,-1]",5,1650,800,interval_second_moment_d3,0.00384687289503,0.00409438370913,-0.00024751081410000035,-0.060451299068057573,,,sampled_flat_reference,source_and_reference_joint_uncertainty_unavailable
55,2,tip,"[-1,-1]",5,1650,800,interval_second_moment_d4,0.00384687289503,0.000567225438714,0.003279647456316,5.78191179815831,,,sampled_flat_reference,source_and_reference_joint_uncertainty_unavailable
55,2,tip,"[-1,-1]",5,1650,800,interval_second_moment_d5,0.00384687289503,7.71570990227e-05,0.0037697157960073,48.85766629067056,,,sampled_flat_reference,source_and_reference_joint_uncertainty_unavailable
55,2,tip,"[-1,-1]",5,1650,800,interval_second_moment_d6,0.00384687289503,1.05269535255e-05,0.0038363459415045,364.43078543203546,,,sampled_flat_reference,source_and_reference_joint_uncertainty_unavailable
89,2,tip,"[-1,-1]",6,5105,800,C2_coefficient,0.1081592868338558,0.11428571428571424,-0.006126427451858443,-0.05360624020376137,0.0051130567367032136,0.04473924644615314,analytic_flat,reported_marginal_not_reconstructed
89,2,tip,"[-1,-1]",6,5105,800,C2_count,2818189.725,2977819.4285714272,-159629.70357142715,-0.05360624020376126,133225.397287,0.04473924644615314,analytic_flat,reported_marginal_not_reconstructed
89,2,tip,"[-1,-1]",6,5105,800,C2_dimension,3.06799048737,3,0.06799048736999991,0.022663495790000043,,,analytic_flat,not_retained
89,2,tip,"[-1,-1]",6,5105,800,C3_N_over_C2_squared,0.27809922815992916,0.2916666666666668,-0.013567438506737639,-0.04651693202310048,,,analytic_flat,not_retained
89,2,tip,"[-1,-1]",6,5105,800,C3_coefficient,0.0032539622549020344,0.0038095238095238082,-0.0005555615546217738,-0.14583490808821564,0.00013587064411435567,0.035666044080018375,analytic_flat,reported_marginal_not_reconstructed
89,2,tip,"[-1,-1]",6,5105,800,C3_count,432657753.944,506527084.79999983,-73869330.85599983,-0.14583490808821575,18065817.3342,0.035666044080018375,analytic_flat,reported_marginal_not_reconstructed
89,2,tip,"[-1,-1]",6,5105,800,C3_dimension,3.07705689918,3,0.07705689918000003,0.025685633059999935,,,analytic_flat,not_retained
89,2,tip,"[-1,-1]",6,5105,800,C4_N2_over_C2_cubed,0.03329777984633301,0.035693473193473234,-0.0023956933471402236,-0.06711852708069588,,,analytic_flat,not_retained
89,2,tip,"[-1,-1]",6,5105,800,C4_coefficient,4.2156255832181016e-05,5.328005328005328e-05,-1.1123797447872264e-05,-0.2087797733497525,4.66865585318617e-06,0.08762483454448793,analytic_flat,reported_marginal_not_reconstructed
89,2,tip,"[-1,-1]",6,5105,800,C4_count,28597921267.6,36144072540.55385,-7546151272.95385,-0.20877977334975262,3167118376.13,0.08762483454448793,analytic_flat,reported_marginal_not_reconstructed
89,2,tip,"[-1,-1]",6,5105,800,C4_dimension,3.06551995453,3,0.06551995453000004,0.02183998484333327,,,analytic_flat,not_retained
89,2,tip,"[-1,-1]",6,5105,800,cdf_grid_distance_d2,0.404950446983,0.0,0.404950446983,,,,sampled_flat_reference_25_point_grid,source_and_reference_joint_uncertainty_unavailable
89,2,tip,"[-1,-1]",6,5105,800,cdf_grid_distance_d3,0.2787124547,0.0,0.2787124547,,,,sampled_flat_reference_25_point_grid,source_and_reference_joint_uncertainty_unavailable
89,2,tip,"[-1,-1]",6,5105,800,cdf_grid_distance_d4,0.272580961335,0.0,0.272580961335,,,,sampled_flat_reference_25_point_grid,source_and_reference_joint_uncertainty_unavailable
89,2,tip,"[-1,-1]",6,5105,800,cdf_grid_distance_d5,0.45013182198,0.0,0.45013182198,,,,sampled_flat_reference_25_point_grid,source_and_reference_joint_uncertainty_unavailable
89,2,tip,"[-1,-1]",6,5105,800,cdf_grid_distance_d6,0.554233295311,0.0,0.554233295311,,,,sampled_flat_reference_25_point_grid,source_and_reference_joint_uncertainty_unavailable
89,2,tip,"[-1,-1]",6,5105,800,count_volume_coefficient,1.01433955616,1.0,0.014339556159999933,0.014339556159999933,,,supplied_continuum_volume,deterministic_finite_geometry_not_sampling_error
89,2,tip,"[-1,-1]",6,5105,800,empty_interval_weight,0.2807334547,0.0,0.2807334547,,,,continuum_zero_lattice_sensitive_control,not_retained
89,2,tip,"[-1,-1]",6,5105,800,interval_mean,0.0352204090873,0.03333333333333333,0.0018870757539666688,0.05661227261900015,,,analytic_flat,not_retained
89,2,tip,"[-1,-1]",6,5105,800,interval_mean_sampled_reference_d2,0.0352204090873,0.111230923338,-0.07601051425069999,-0.6833577567249449,,,sampled_flat_reference,source_and_reference_joint_uncertainty_unavailable
89,2,tip,"[-1,-1]",6,5105,800,interval_mean_sampled_reference_d3,0.0352204090873,0.0334036486429,0.0018167604444000035,0.05438808388335015,,,sampled_flat_reference,source_and_reference_joint_uncertainty_unavailable
89,2,tip,"[-1,-1]",6,5105,800,interval_mean_sampled_reference_d4,0.0352204090873,0.00953169216111,0.02568871692619,2.6950846179235457,,,sampled_flat_reference,source_and_reference_joint_uncertainty_unavailable
89,2,tip,"[-1,-1]",6,5105,800,interval_mean_sampled_reference_d5,0.0352204090873,0.00264783067105,0.032572578416250005,12.301609303186034,,,sampled_flat_reference,source_and_reference_joint_uncertainty_unavailable
89,2,tip,"[-1,-1]",6,5105,800,interval_mean_sampled_reference_d6,0.0352204090873,0.000728317610158,0.034492091477142,47.35858504047341,,,sampled_flat_reference,source_and_reference_joint_uncertainty_unavailable
89,2,tip,"[-1,-1]",6,5105,800,interval_second_moment_d2,0.0049734361463,0.0278764142498,-0.022902978103499998,-0.8215898177673377,,,sampled_flat_reference,source_and_reference_joint_uncertainty_unavailable
89,2,tip,"[-1,-1]",6,5105,800,interval_second_moment_d3,0.0049734361463,0.00409438370913,0.0008790524371699998,0.21469713139240354,,,sampled_flat_reference,source_and_reference_joint_uncertainty_unavailable
89,2,tip,"[-1,-1]",6,5105,800,interval_second_moment_d4,0.0049734361463,0.000567225438714,0.004406210707586,7.768006169779085,,,sampled_flat_reference,source_and_reference_joint_uncertainty_unavailable
89,2,tip,"[-1,-1]",6,5105,800,interval_second_moment_d5,0.0049734361463,7.71570990227e-05,0.0048962790472773,63.458568418141155,,,sampled_flat_reference,source_and_reference_joint_uncertainty_unavailable
89,2,tip,"[-1,-1]",6,5105,800,interval_second_moment_d6,0.0049734361463,1.05269535255e-05,0.0049629091927745,471.4478106845044,,,sampled_flat_reference,source_and_reference_joint_uncertainty_unavailable
144,2,tip,"[-1,-1]",8,19177,400,C2_coefficient,0.10847243950771797,0.11428571428571424,-0.005813274777996272,-0.05086615430746744,0.006496637142669928,0.056845574998361896,analytic_flat,reported_marginal_not_reconstructed
144,2,tip,"[-1,-1]",8,19177,400,C2_count,39889454.4475,42027217.37142856,-2137762.923928559,-0.05086615430746744,2389061.33706,0.056845574998361896,analytic_flat,reported_marginal_not_reconstructed
144,2,tip,"[-1,-1]",8,19177,400,C2_dimension,3.06442860455,3,0.06442860455000021,0.021476201516666737,,,analytic_flat,not_retained
144,2,tip,"[-1,-1]",8,19177,400,C3_N_over_C2_squared,0.32920002349167865,0.2916666666666668,0.037533356825011854,0.12868579482861198,,,analytic_flat,not_retained
144,2,tip,"[-1,-1]",8,19177,400,C3_coefficient,0.0038736584096616656,0.0038095238095238082,6.413460013785736e-05,0.01683533253618763,0.00020016422683838024,0.05254310954507483,analytic_flat,reported_marginal_not_reconstructed
144,2,tip,"[-1,-1]",8,19177,400,C3_count,27314633813.3,26862396436.57142,452237376.7285805,0.01683533253618763,1411433838.61,0.05254310954507483,analytic_flat,reported_marginal_not_reconstructed
144,2,tip,"[-1,-1]",8,19177,400,C3_dimension,2.99182375545,3,-0.00817624454999999,-0.0027254148499999964,,,analytic_flat,not_retained
144,2,tip,"[-1,-1]",8,19177,400,C4_N2_over_C2_cubed,0.040267625041506036,0.035693473193473234,0.004574151848032802,0.12815093177509018,,,analytic_flat,not_retained
144,2,tip,"[-1,-1]",8,19177,400,C4_coefficient,5.140225651256734e-05,5.328005328005328e-05,-1.8777967674859418e-06,-0.03524389807975181,5.6750530708536046e-06,0.10651365232358359,analytic_flat,reported_marginal_not_reconstructed
144,2,tip,"[-1,-1]",8,19177,400,C4_count,6949746595880.0,7203630619228.26,-253884023348.25977,-0.0352438980797517,767285007244.0,0.10651365232358359,analytic_flat,reported_marginal_not_reconstructed
144,2,tip,"[-1,-1]",8,19177,400,C4_dimension,3.01004919287,3,0.010049192869999946,0.0033497309566665745,,,analytic_flat,not_retained
144,2,tip,"[-1,-1]",8,19177,400,cdf_grid_distance_d2,0.41902892172499995,0.0,0.41902892172499995,,,,sampled_flat_reference_25_point_grid,source_and_reference_joint_uncertainty_unavailable
144,2,tip,"[-1,-1]",8,19177,400,cdf_grid_distance_d3,0.15861921960800002,0.0,0.15861921960800002,,,,sampled_flat_reference_25_point_grid,source_and_reference_joint_uncertainty_unavailable
144,2,tip,"[-1,-1]",8,19177,400,cdf_grid_distance_d4,0.244880171079,0.0,0.244880171079,,,,sampled_flat_reference_25_point_grid,source_and_reference_joint_uncertainty_unavailable
144,2,tip,"[-1,-1]",8,19177,400,cdf_grid_distance_d5,0.48707817107900003,0.0,0.48707817107900003,,,,sampled_flat_reference_25_point_grid,source_and_reference_joint_uncertainty_unavailable
144,2,tip,"[-1,-1]",8,19177,400,cdf_grid_distance_d6,0.639944173243,0.0,0.639944173243,,,,sampled_flat_reference_25_point_grid,source_and_reference_joint_uncertainty_unavailable
144,2,tip,"[-1,-1]",8,19177,400,count_volume_coefficient,0.993526804581,1.0,-0.006473195419000044,-0.006473195419000044,,,supplied_continuum_volume,deterministic_finite_geometry_not_sampling_error
144,2,tip,"[-1,-1]",8,19177,400,empty_interval_weight,0.160640219608,0.0,0.160640219608,,,,continuum_zero_lattice_sensitive_control,not_retained
144,2,tip,"[-1,-1]",8,19177,400,interval_mean,0.0320874858463,0.03333333333333333,-0.0012458474870333316,-0.03737542461099996,,,analytic_flat,not_retained
144,2,tip,"[-1,-1]",8,19177,400,interval_mean_sampled_reference_d2,0.0320874858463,0.111230923338,-0.0791434374917,-0.7115236942806362,,,sampled_flat_reference,source_and_reference_joint_uncertainty_unavailable
144,2,tip,"[-1,-1]",8,19177,400,interval_mean_sampled_reference_d3,0.0320874858463,0.0334036486429,-0.001316162796599997,-0.039401767473678295,,,sampled_flat_reference,source_and_reference_joint_uncertainty_unavailable
144,2,tip,"[-1,-1]",8,19177,400,interval_mean_sampled_reference_d4,0.0320874858463,0.00953169216111,0.02255579368519,2.3663997225192905,,,sampled_flat_reference,source_and_reference_joint_uncertainty_unavailable
144,2,tip,"[-1,-1]",8,19177,400,interval_mean_sampled_reference_d5,0.0320874858463,0.00264783067105,0.02943965517525,11.118405529903344,,,sampled_flat_reference,source_and_reference_joint_uncertainty_unavailable
144,2,tip,"[-1,-1]",8,19177,400,interval_mean_sampled_reference_d6,0.0320874858463,0.000728317610158,0.031359168236142,43.05699573753132,,,sampled_flat_reference,source_and_reference_joint_uncertainty_unavailable
144,2,tip,"[-1,-1]",8,19177,400,interval_second_moment_d2,0.00506612434436,0.0278764142498,-0.022810289905439998,-0.8182648493108705,,,sampled_flat_reference,source_and_reference_joint_uncertainty_unavailable
144,2,tip,"[-1,-1]",8,19177,400,interval_second_moment_d3,0.00506612434436,0.00409438370913,0.0009717406352299993,0.2373350189585628,,,sampled_flat_reference,source_and_reference_joint_uncertainty_unavailable
144,2,tip,"[-1,-1]",8,19177,400,interval_second_moment_d4,0.00506612434436,0.000567225438714,0.0044988989056459995,7.931412448365849,,,sampled_flat_reference,source_and_reference_joint_uncertainty_unavailable
144,2,tip,"[-1,-1]",8,19177,400,interval_second_moment_d5,0.00506612434436,7.71570990227e-05,0.0049889672453372995,64.659860317837,,,sampled_flat_reference,source_and_reference_joint_uncertainty_unavailable
144,2,tip,"[-1,-1]",8,19177,400,interval_second_moment_d6,0.00506612434436,1.05269535255e-05,0.0050555973908344995,480.2526560593297,,,sampled_flat_reference,source_and_reference_joint_uncertainty_unavailable
55,2,tip,"[-1,0]",5,1648,800,C2_coefficient,0.11940042501517911,0.11428571428571424,0.005114710729464872,0.04475371888281754,0.005114378471632742,0.044750811626786506,analytic_flat,reported_marginal_not_reconstructed
55,2,tip,"[-1,0]",5,1648,800,C2_count,324083.32,310200.6857142856,13882.63428571442,0.04475371888281776,13881.7324529,0.04475081162678651,analytic_flat,reported_marginal_not_reconstructed
55,2,tip,"[-1,0]",5,1648,800,C2_dimension,2.94580132899,3,-0.05419867100999998,-0.018066223669999992,,,analytic_flat,not_retained
55,2,tip,"[-1,0]",5,1648,800,C3_N_over_C2_squared,0.3056270910559538,0.2916666666666668,0.013960424389287018,0.047864312191841174,,,analytic_flat,not_retained
55,2,tip,"[-1,0]",5,1648,800,C3_coefficient,0.004359807975914085,0.0038095238095238082,0.0005502841663902768,0.1444495936774477,0.00017469150151320554,0.045856519147216473,analytic_flat,reported_marginal_not_reconstructed
55,2,tip,"[-1,0]",5,1648,800,C3_count,19478163.14,17019677.62285714,2458485.517142862,0.1444495936774477,780463.172792,0.04585651914721647,analytic_flat,reported_marginal_not_reconstructed
55,2,tip,"[-1,0]",5,1648,800,C3_dimension,2.93383836556,3,-0.06616163443999978,-0.022053878146666595,,,analytic_flat,not_retained
55,2,tip,"[-1,0]",5,1648,800,C4_N2_over_C2_cubed,0.02393790963282322,0.035693473193473234,-0.011755563560650013,-0.32934770726653717,,,analytic_flat,not_retained
55,2,tip,"[-1,0]",5,1648,800,C4_coefficient,4.0822096634169826e-05,5.328005328005328e-05,-1.2457956645883454e-05,-0.2338202737974251,5.467328716808273e-06,0.10261492585359527,analytic_flat,reported_marginal_not_reconstructed
55,2,tip,"[-1,0]",5,1648,800,C4_count,300014224.38,391571604.05034965,-91557379.67034966,-0.23382027379742498,40181091.116,0.10261492585359527,analytic_flat,reported_marginal_not_reconstructed
55,2,tip,"[-1,0]",5,1648,800,C4_dimension,3.07450531034,3,0.07450531034000019,0.02483510344666673,,,analytic_flat,not_retained
55,2,tip,"[-1,0]",5,1648,800,cdf_grid_distance_d2,0.42037170899200005,0.0,0.42037170899200005,,,,sampled_flat_reference_25_point_grid,source_and_reference_joint_uncertainty_unavailable
55,2,tip,"[-1,0]",5,1648,800,cdf_grid_distance_d3,0.41840970899200003,0.0,0.41840970899200003,,,,sampled_flat_reference_25_point_grid,source_and_reference_joint_uncertainty_unavailable
55,2,tip,"[-1,0]",5,1648,800,cdf_grid_distance_d4,0.40125070899200005,0.0,0.40125070899200005,,,,sampled_flat_reference_25_point_grid,source_and_reference_joint_uncertainty_unavailable
55,2,tip,"[-1,0]",5,1648,800,cdf_grid_distance_d5,0.40327449164100004,0.0,0.40327449164100004,,,,sampled_flat_reference_25_point_grid,source_and_reference_joint_uncertainty_unavailable
55,2,tip,"[-1,0]",5,1648,800,cdf_grid_distance_d6,0.47945654623,0.0,0.47945654623,,,,sampled_flat_reference_25_point_grid,source_and_reference_joint_uncertainty_unavailable
55,2,tip,"[-1,0]",5,1648,800,count_volume_coefficient,0.915621281334,1.0,-0.084378718666,-0.084378718666,,,supplied_continuum_volume,deterministic_finite_geometry_not_sampling_error
55,2,tip,"[-1,0]",5,1648,800,empty_interval_weight,0.420430708992,0.0,0.420430708992,,,,continuum_zero_lattice_sensitive_control,not_retained
55,2,tip,"[-1,0]",5,1648,800,interval_mean,0.0346172513599,0.03333333333333333,0.0012839180265666675,0.03851754079699998,,,analytic_flat,not_retained
55,2,tip,"[-1,0]",5,1648,800,interval_mean_sampled_reference_d2,0.0346172513599,0.111230923338,-0.0766136719781,-0.6887803290573453,,,sampled_flat_reference,source_and_reference_joint_uncertainty_unavailable
55,2,tip,"[-1,0]",5,1648,800,interval_mean_sampled_reference_d3,0.0346172513599,0.0334036486429,0.0012136027170000022,0.03633144181265835,,,sampled_flat_reference,source_and_reference_joint_uncertainty_unavailable
55,2,tip,"[-1,0]",5,1648,800,interval_mean_sampled_reference_d4,0.0346172513599,0.00953169216111,0.02508555919879,2.631805431268638,,,sampled_flat_reference,source_and_reference_joint_uncertainty_unavailable
55,2,tip,"[-1,0]",5,1648,800,interval_mean_sampled_reference_d5,0.0346172513599,0.00264783067105,0.03196942068885,12.073816138768606,,,sampled_flat_reference,source_and_reference_joint_uncertainty_unavailable
55,2,tip,"[-1,0]",5,1648,800,interval_mean_sampled_reference_d6,0.0346172513599,0.000728317610158,0.033888933749742,46.53043298292649,,,sampled_flat_reference,source_and_reference_joint_uncertainty_unavailable
55,2,tip,"[-1,0]",5,1648,800,interval_second_moment_d2,0.00619451909237,0.0278764142498,-0.02168189515743,-0.7777863739266809,,,sampled_flat_reference,source_and_reference_joint_uncertainty_unavailable
55,2,tip,"[-1,0]",5,1648,800,interval_second_moment_d3,0.00619451909237,0.00409438370913,0.00210013538324,0.5129307686910101,,,sampled_flat_reference,source_and_reference_joint_uncertainty_unavailable
55,2,tip,"[-1,0]",5,1648,800,interval_second_moment_d4,0.00619451909237,0.000567225438714,0.005627293653656,9.920735689171604,,,sampled_flat_reference,source_and_reference_joint_uncertainty_unavailable
55,2,tip,"[-1,0]",5,1648,800,interval_second_moment_d5,0.00619451909237,7.71570990227e-05,0.0061173619933473,79.28449968741752,,,sampled_flat_reference,source_and_reference_joint_uncertainty_unavailable
55,2,tip,"[-1,0]",5,1648,800,interval_second_moment_d6,0.00619451909237,1.05269535255e-05,0.0061839921388445,587.4436629614339,,,sampled_flat_reference,source_and_reference_joint_uncertainty_unavailable
89,2,tip,"[-1,0]",6,5115,800,C2_coefficient,0.10774809346890889,0.11428571428571424,-0.0065376208168053535,-0.05720418214704681,0.0049383945719702225,0.04321095250473946,analytic_flat,reported_marginal_not_reconstructed
89,2,tip,"[-1,0]",6,5115,800,C2_count,2818486.48125,2989498.2857142845,-171011.80446428433,-0.05720418214704692,129179.068437,0.04321095250473946,analytic_flat,reported_marginal_not_reconstructed
89,2,tip,"[-1,0]",6,5115,800,C2_dimension,3.07268223848,3,0.0726822384800001,0.024227412826666628,,,analytic_flat,not_retained
89,2,tip,"[-1,0]",6,5115,800,C3_N_over_C2_squared,0.2952672897988174,0.2916666666666668,0.0036006231321505933,0.012344993595944986,,,analytic_flat,not_retained
89,2,tip,"[-1,0]",6,5115,800,C3_coefficient,0.0034286208152500557,0.0038095238095238082,-0.00038090299427375254,-0.0999870359968601,0.00014030407105839195,0.036829818652827896,analytic_flat,reported_marginal_not_reconstructed
89,2,tip,"[-1,0]",6,5115,800,C3_count,458565747.337,509510157.82857126,-50944410.49157125,-0.0999870359968601,18765166.7146,0.036829818652827896,analytic_flat,reported_marginal_not_reconstructed
89,2,tip,"[-1,0]",6,5115,800,C3_dimension,3.05152563436,3,0.051525634359999906,0.017175211453333228,,,analytic_flat,not_retained
89,2,tip,"[-1,0]",6,5115,800,C4_N2_over_C2_cubed,0.031865734365832746,0.035693473193473234,-0.003827738827640488,-0.10723918086907869,,,analytic_flat,not_retained
89,2,tip,"[-1,0]",6,5115,800,C4_coefficient,3.988480968145026e-05,5.328005328005328e-05,-1.3395243598603023e-05,-0.2514119782912805,4.45180879291452e-06,0.0835548862820144,analytic_flat,reported_marginal_not_reconstructed
89,2,tip,"[-1,0]",6,5115,800,C4_count,27269710265.3,36428194780.6945,-9158484515.394505,-0.2514119782912805,3043753672.36,0.0835548862820144,analytic_flat,reported_marginal_not_reconstructed
89,2,tip,"[-1,0]",6,5115,800,C4_dimension,3.08099335323,3,0.08099335322999979,0.026997784410000003,,,analytic_flat,not_retained
89,2,tip,"[-1,0]",6,5115,800,cdf_grid_distance_d2,0.35810186355600004,0.0,0.35810186355600004,,,,sampled_flat_reference_25_point_grid,source_and_reference_joint_uncertainty_unavailable
89,2,tip,"[-1,0]",6,5115,800,cdf_grid_distance_d3,0.272157290863,0.0,0.272157290863,,,,sampled_flat_reference_25_point_grid,source_and_reference_joint_uncertainty_unavailable
89,2,tip,"[-1,0]",6,5115,800,cdf_grid_distance_d4,0.31701074082599995,0.0,0.31701074082599995,,,,sampled_flat_reference_25_point_grid,source_and_reference_joint_uncertainty_unavailable
89,2,tip,"[-1,0]",6,5115,800,cdf_grid_distance_d5,0.503225218294,0.0,0.503225218294,,,,sampled_flat_reference_25_point_grid,source_and_reference_joint_uncertainty_unavailable
89,2,tip,"[-1,0]",6,5115,800,cdf_grid_distance_d6,0.594429450369,0.0,0.594429450369,,,,sampled_flat_reference_25_point_grid,source_and_reference_joint_uncertainty_unavailable
89,2,tip,"[-1,0]",6,5115,800,count_volume_coefficient,1.01632650926,1.0,0.01632650926000001,0.01632650926000001,,,supplied_continuum_volume,deterministic_finite_geometry_not_sampling_error
89,2,tip,"[-1,0]",6,5115,800,empty_interval_weight,0.274178290863,0.0,0.274178290863,,,,continuum_zero_lattice_sensitive_control,not_retained
89,2,tip,"[-1,0]",6,5115,800,interval_mean,0.03197096007,0.03333333333333333,-0.0013623732633333344,-0.040871197900000045,,,analytic_flat,not_retained
89,2,tip,"[-1,0]",6,5115,800,interval_mean_sampled_reference_d2,0.03197096007,0.111230923338,-0.079259963268,-0.712571296627206,,,sampled_flat_reference,source_and_reference_joint_uncertainty_unavailable
89,2,tip,"[-1,0]",6,5115,800,interval_mean_sampled_reference_d3,0.03197096007,0.0334036486429,-0.0014326885728999997,-0.04289018209406059,,,sampled_flat_reference,source_and_reference_joint_uncertainty_unavailable
89,2,tip,"[-1,0]",6,5115,800,interval_mean_sampled_reference_d4,0.03197096007,0.00953169216111,0.022439267908889997,2.3541746344310037,,,sampled_flat_reference,source_and_reference_joint_uncertainty_unavailable
89,2,tip,"[-1,0]",6,5115,800,interval_mean_sampled_reference_d5,0.03197096007,0.00264783067105,0.029323129398949998,11.07439751323746,,,sampled_flat_reference,source_and_reference_joint_uncertainty_unavailable
89,2,tip,"[-1,0]",6,5115,800,interval_mean_sampled_reference_d6,0.03197096007,0.000728317610158,0.031242642459842,42.89700265940881,,,sampled_flat_reference,source_and_reference_joint_uncertainty_unavailable
89,2,tip,"[-1,0]",6,5115,800,interval_second_moment_d2,0.0031699385359,0.0278764142498,-0.0247064757139,-0.8862860012233194,,,sampled_flat_reference,source_and_reference_joint_uncertainty_unavailable
89,2,tip,"[-1,0]",6,5115,800,interval_second_moment_d3,0.0031699385359,0.00409438370913,-0.0009244451732300005,-0.22578371713637757,,,sampled_flat_reference,source_and_reference_joint_uncertainty_unavailable
89,2,tip,"[-1,0]",6,5115,800,interval_second_moment_d4,0.0031699385359,0.000567225438714,0.002602713097186,4.588498539640269,,,sampled_flat_reference,source_and_reference_joint_uncertainty_unavailable
89,2,tip,"[-1,0]",6,5115,800,interval_second_moment_d5,0.0031699385359,7.71570990227e-05,0.0030927814368772997,40.084210993565065,,,sampled_flat_reference,source_and_reference_joint_uncertainty_unavailable
89,2,tip,"[-1,0]",6,5115,800,interval_second_moment_d6,0.0031699385359,1.05269535255e-05,0.0031594115823744997,300.12591722014247,,,sampled_flat_reference,source_and_reference_joint_uncertainty_unavailable
144,2,tip,"[-1,0]",8,19170,400,C2_coefficient,0.11024166623193699,0.11428571428571424,-0.004044048053777255,-0.03538542047055104,0.006350667173184578,0.05556833776536508,analytic_flat,reported_marginal_not_reconstructed
144,2,tip,"[-1,0]",8,19170,400,C2_count,40510475.325,41996540.57142855,-1486065.2464285493,-0.03538542047055093,2333677.95145,0.05556833776536508,analytic_flat,reported_marginal_not_reconstructed
144,2,tip,"[-1,0]",8,19170,400,C2_dimension,3.04448436025,3,0.0444843602499998,0.01482812008333334,,,analytic_flat,not_retained
144,2,tip,"[-1,0]",8,19170,400,C3_N_over_C2_squared,0.3166982833100958,0.2916666666666668,0.02503161664342901,0.08582268563461382,,,analytic_flat,not_retained
144,2,tip,"[-1,0]",8,19170,400,C3_coefficient,0.0038491062843100787,0.0038095238095238082,3.958247478627044e-05,0.010390399631396097,0.00019321345079837028,0.050718530834572215,analytic_flat,reported_marginal_not_reconstructed
144,2,tip,"[-1,0]",8,19170,400,C3_count,27111795141.6,26832989655.77142,278805485.82857895,0.010390399631395875,1360929813.24,0.050718530834572215,analytic_flat,reported_marginal_not_reconstructed
144,2,tip,"[-1,0]",8,19170,400,C3_dimension,2.99493803881,3,-0.005061961190000019,-0.0016873203966666361,,,analytic_flat,not_retained
144,2,tip,"[-1,0]",8,19170,400,C4_N2_over_C2_cubed,0.04051497291372175,0.035693473193473234,0.0048214997202485135,0.1350807105297378,,,analytic_flat,not_retained
144,2,tip,"[-1,0]",8,19170,400,C4_coefficient,5.429012357410861e-05,5.328005328005328e-05,1.0100702940553315e-06,0.018957756831551098,7.210418549758125e-06,0.1353305431557728,analytic_flat,reported_marginal_not_reconstructed
144,2,tip,"[-1,0]",8,19170,400,C4_count,7329483036060.0,7193117660589.804,136365375470.19629,0.018957756831550876,973448519991.0,0.1353305431557728,analytic_flat,reported_marginal_not_reconstructed
144,2,tip,"[-1,0]",8,19170,400,C4_dimension,2.99473850913,3,-0.005261490870000163,-0.0017538302900000913,,,analytic_flat,not_retained
144,2,tip,"[-1,0]",8,19170,400,cdf_grid_distance_d2,0.365585649667,0.0,0.365585649667,,,,sampled_flat_reference_25_point_grid,source_and_reference_joint_uncertainty_unavailable
144,2,tip,"[-1,0]",8,19170,400,cdf_grid_distance_d3,0.150892382287,0.0,0.150892382287,,,,sampled_flat_reference_25_point_grid,source_and_reference_joint_uncertainty_unavailable
144,2,tip,"[-1,0]",8,19170,400,cdf_grid_distance_d4,0.35709191559,0.0,0.35709191559,,,,sampled_flat_reference_25_point_grid,source_and_reference_joint_uncertainty_unavailable
144,2,tip,"[-1,0]",8,19170,400,cdf_grid_distance_d5,0.56259591559,0.0,0.56259591559,,,,sampled_flat_reference_25_point_grid,source_and_reference_joint_uncertainty_unavailable
144,2,tip,"[-1,0]",8,19170,400,cdf_grid_distance_d6,0.6749472359290001,0.0,0.6749472359290001,,,,sampled_flat_reference_25_point_grid,source_and_reference_joint_uncertainty_unavailable
144,2,tip,"[-1,0]",8,19170,400,count_volume_coefficient,0.993164146833,1.0,-0.006835853166999972,-0.006835853166999972,,,supplied_continuum_volume,deterministic_finite_geometry_not_sampling_error
144,2,tip,"[-1,0]",8,19170,400,empty_interval_weight,0.152913382287,0.0,0.152913382287,,,,continuum_zero_lattice_sensitive_control,not_retained
144,2,tip,"[-1,0]",8,19170,400,interval_mean,0.0321997544348,0.03333333333333333,-0.0011335788985333342,-0.03400736695600004,,,analytic_flat,not_retained
144,2,tip,"[-1,0]",8,19170,400,interval_mean_sampled_reference_d2,0.0321997544348,0.111230923338,-0.0790311689032,-0.7105143653536539,,,sampled_flat_reference,source_and_reference_joint_uncertainty_unavailable
144,2,tip,"[-1,0]",8,19170,400,interval_mean_sampled_reference_d3,0.0321997544348,0.0334036486429,-0.0012038942080999995,-0.03604079964348117,,,sampled_flat_reference,source_and_reference_joint_uncertainty_unavailable
144,2,tip,"[-1,0]",8,19170,400,interval_mean_sampled_reference_d4,0.0321997544348,0.00953169216111,0.022668062273689997,2.3781781755580975,,,sampled_flat_reference,source_and_reference_joint_uncertainty_unavailable
144,2,tip,"[-1,0]",8,19170,400,interval_mean_sampled_reference_d5,0.0321997544348,0.00264783067105,0.029551923763749998,11.160805744436502,,,sampled_flat_reference,source_and_reference_joint_uncertainty_unavailable
144,2,tip,"[-1,0]",8,19170,400,interval_mean_sampled_reference_d6,0.0321997544348,0.000728317610158,0.031471436824642,43.21114358036,,,sampled_flat_reference,source_and_reference_joint_uncertainty_unavailable
144,2,tip,"[-1,0]",8,19170,400,interval_second_moment_d2,0.00306257140298,0.0278764142498,-0.02481384284682,-0.8901375415239435,,,sampled_flat_reference,source_and_reference_joint_uncertainty_unavailable
144,2,tip,"[-1,0]",8,19170,400,interval_second_moment_d3,0.00306257140298,0.00409438370913,-0.0010318123061500003,-0.2520067437375688,,,sampled_flat_reference,source_and_reference_joint_uncertainty_unavailable
144,2,tip,"[-1,0]",8,19170,400,interval_second_moment_d4,0.00306257140298,0.000567225438714,0.002495345964266,4.399213776313328,,,sampled_flat_reference,source_and_reference_joint_uncertainty_unavailable
144,2,tip,"[-1,0]",8,19170,400,interval_second_moment_d5,0.00306257140298,7.71570990227e-05,0.0029854143039573,38.69267172783384,,,sampled_flat_reference,source_and_reference_joint_uncertainty_unavailable
144,2,tip,"[-1,0]",8,19170,400,interval_second_moment_d6,0.00306257140298,1.05269535255e-05,0.0030520444494545,289.92665751410135,,,sampled_flat_reference,source_and_reference_joint_uncertainty_unavailable
55,2,tip,"[-1,1]",5,1650,800,C2_coefficient,0.1246308368708308,0.11428571428571424,0.010345122585116565,0.09051982261976987,0.005346925876509179,0.046785601419455335,analytic_flat,reported_marginal_not_reconstructed
55,2,tip,"[-1,1]",5,1650,800,C2_count,339101.8125,310954.28571428556,28147.526785714435,0.0905198226197701,14548.1832711,0.04678560141945534,analytic_flat,reported_marginal_not_reconstructed
55,2,tip,"[-1,1]",5,1650,800,C2_dimension,2.89257280083,3,-0.10742719916999999,-0.03580906639000003,,,analytic_flat,not_retained
55,2,tip,"[-1,1]",5,1650,800,C3_N_over_C2_squared,0.2874053058156374,0.2916666666666668,-0.004261360851029405,-0.014610380060672279,,,analytic_flat,not_retained
55,2,tip,"[-1,1]",5,1650,800,C3_coefficient,0.004466931083563442,0.0038095238095238082,0.0006574072740396339,0.172569409435404,0.00018769450353468747,0.04926980717785548,analytic_flat,reported_marginal_not_reconstructed
55,2,tip,"[-1,1]",5,1650,800,C3_count,20029543.875,17081755.42857142,2947788.4464285783,0.172569409435404,841614.796225,0.04926980717785548,analytic_flat,reported_marginal_not_reconstructed
55,2,tip,"[-1,1]",5,1650,800,C3_dimension,2.92191466935,3,-0.07808533065,-0.026028443550000002,,,analytic_flat,not_retained
55,2,tip,"[-1,1]",5,1650,800,C4_N2_over_C2_cubed,0.026463166257688624,0.035693473193473234,-0.00923030693578461,-0.2585992930907163,,,analytic_flat,not_retained
55,2,tip,"[-1,1]",5,1650,800,C4_coefficient,5.1322622945364354e-05,5.328005328005328e-05,-1.957430334688926e-06,-0.0367385205941928,6.934996952795972e-06,0.1301612240577894,analytic_flat,reported_marginal_not_reconstructed
55,2,tip,"[-1,1]",5,1650,800,C4_count,379021852.688,393477639.03296703,-14455786.344967008,-0.0367385205941928,51215531.1359,0.1301612240577894,analytic_flat,reported_marginal_not_reconstructed
55,2,tip,"[-1,1]",5,1650,800,C4_dimension,3.0104833463,3,0.01048334630000003,0.0034944487666666024,,,analytic_flat,not_retained
55,2,tip,"[-1,1]",5,1650,800,cdf_grid_distance_d2,0.39098063798500005,0.0,0.39098063798500005,,,,sampled_flat_reference_25_point_grid,source_and_reference_joint_uncertainty_unavailable
55,2,tip,"[-1,1]",5,1650,800,cdf_grid_distance_d3,0.389018637985,0.0,0.389018637985,,,,sampled_flat_reference_25_point_grid,source_and_reference_joint_uncertainty_unavailable
55,2,tip,"[-1,1]",5,1650,800,cdf_grid_distance_d4,0.37185963798500005,0.0,0.37185963798500005,,,,sampled_flat_reference_25_point_grid,source_and_reference_joint_uncertainty_unavailable
55,2,tip,"[-1,1]",5,1650,800,cdf_grid_distance_d5,0.42763020059800005,0.0,0.42763020059800005,,,,sampled_flat_reference_25_point_grid,source_and_reference_joint_uncertainty_unavailable
55,2,tip,"[-1,1]",5,1650,800,cdf_grid_distance_d6,0.532198477091,0.0,0.532198477091,,,,sampled_flat_reference_25_point_grid,source_and_reference_joint_uncertainty_unavailable
55,2,tip,"[-1,1]",5,1650,800,count_volume_coefficient,0.916732472209,1.0,-0.083267527791,-0.083267527791,,,supplied_continuum_volume,deterministic_finite_geometry_not_sampling_error
55,2,tip,"[-1,1]",5,1650,800,empty_interval_weight,0.391039637985,0.0,0.391039637985,,,,continuum_zero_lattice_sensitive_control,not_retained
55,2,tip,"[-1,1]",5,1650,800,interval_mean,0.0372864418116,0.03333333333333333,0.003953108478266666,0.11859325434799994,,,analytic_flat,not_retained
55,2,tip,"[-1,1]",5,1650,800,interval_mean_sampled_reference_d2,0.0372864418116,0.111230923338,-0.0739444815264,-0.6647834910234736,,,sampled_flat_reference,source_and_reference_joint_uncertainty_unavailable
55,2,tip,"[-1,1]",5,1650,800,interval_mean_sampled_reference_d3,0.0372864418116,0.0334036486429,0.003882793168700001,0.1162385944783697,,,sampled_flat_reference,source_and_reference_joint_uncertainty_unavailable
55,2,tip,"[-1,1]",5,1650,800,interval_mean_sampled_reference_d4,0.0372864418116,0.00953169216111,0.027754749650489997,2.9118386516647488,,,sampled_flat_reference,source_and_reference_joint_uncertainty_unavailable
55,2,tip,"[-1,1]",5,1650,800,interval_mean_sampled_reference_d5,0.0372864418116,0.00264783067105,0.03463861114055,13.081883037035,,,sampled_flat_reference,source_and_reference_joint_uncertainty_unavailable
55,2,tip,"[-1,1]",5,1650,800,interval_mean_sampled_reference_d6,0.0372864418116,0.000728317610158,0.036558124201442,50.195304481943175,,,sampled_flat_reference,source_and_reference_joint_uncertainty_unavailable
55,2,tip,"[-1,1]",5,1650,800,interval_second_moment_d2,0.00521424609464,0.0278764142498,-0.02266216815516,-0.8129513341308805,,,sampled_flat_reference,source_and_reference_joint_uncertainty_unavailable
55,2,tip,"[-1,1]",5,1650,800,interval_second_moment_d3,0.00521424609464,0.00409438370913,0.00111986238551,0.2735118310999618,,,sampled_flat_reference,source_and_reference_joint_uncertainty_unavailable
55,2,tip,"[-1,1]",5,1650,800,interval_second_moment_d4,0.00521424609464,0.000567225438714,0.004647020655926,8.19254627659439,,,sampled_flat_reference,source_and_reference_joint_uncertainty_unavailable
55,2,tip,"[-1,1]",5,1650,800,interval_second_moment_d5,0.00521424609464,7.71570990227e-05,0.0051370889956173,66.57960266372824,,,sampled_flat_reference,source_and_reference_joint_uncertainty_unavailable
55,2,tip,"[-1,1]",5,1650,800,interval_second_moment_d6,0.00521424609464,1.05269535255e-05,0.0052037191411145,494.32336986282445,,,sampled_flat_reference,source_and_reference_joint_uncertainty_unavailable
89,2,tip,"[-1,1]",6,5098,800,C2_coefficient,0.10117887973317638,0.11428571428571424,-0.01310683455253786,-0.11468480233470635,0.004604614589902152,0.040290377661643846,analytic_flat,reported_marginal_not_reconstructed
89,2,tip,"[-1,1]",6,5098,800,C2_count,2629083.2075,2969657.8285714276,-340574.6210714276,-0.11468480233470635,119648.635439,0.04029037766164384,analytic_flat,reported_marginal_not_reconstructed
89,2,tip,"[-1,1]",6,5098,800,C2_dimension,3.15001154833,3,0.1500115483300002,0.05000384944333347,,,analytic_flat,not_retained
89,2,tip,"[-1,1]",6,5098,800,C3_N_over_C2_squared,0.32152718775492567,0.2916666666666668,0.029860521088258873,0.1023789294454589,,,analytic_flat,not_retained
89,2,tip,"[-1,1]",6,5098,800,C3_coefficient,0.003292173003469662,0.0038095238095238082,-0.0005173508060541464,-0.13580458658921346,0.00013854469340130902,0.03636798201784363,analytic_flat,reported_marginal_not_reconstructed
89,2,tip,"[-1,1]",6,5098,800,C3_count,435939812.768,504445876.47999984,-68506063.71199983,-0.13580458658921346,18345678.5648,0.03636798201784363,analytic_flat,reported_marginal_not_reconstructed
89,2,tip,"[-1,1]",6,5098,800,C3_dimension,3.07135848328,3,0.07135848328000005,0.023786161093333424,,,analytic_flat,not_retained
89,2,tip,"[-1,1]",6,5098,800,C4_N2_over_C2_cubed,0.03808265186834739,0.035693473193473234,0.0023891786748741553,0.06693600989524984,,,analytic_flat,not_retained
89,2,tip,"[-1,1]",6,5098,800,C4_coefficient,3.946866543856135e-05,5.328005328005328e-05,-1.3811387841491928e-05,-0.2592224855500016,4.167387186447746e-06,0.07821664825564113,analytic_flat,reported_marginal_not_reconstructed
89,2,tip,"[-1,1]",6,5098,800,C4_count,26628120534.4,35946178191.12727,-9318057656.727272,-0.2592224855500016,2811589575.71,0.07821664825564112,analytic_flat,reported_marginal_not_reconstructed
89,2,tip,"[-1,1]",6,5098,800,C4_dimension,3.08392249136,3,0.08392249136000007,0.027974163786666617,,,analytic_flat,not_retained
89,2,tip,"[-1,1]",6,5098,800,cdf_grid_distance_d2,0.433987354691,0.0,0.433987354691,,,,sampled_flat_reference_25_point_grid,source_and_reference_joint_uncertainty_unavailable
89,2,tip,"[-1,1]",6,5098,800,cdf_grid_distance_d3,0.287730725174,0.0,0.287730725174,,,,sampled_flat_reference_25_point_grid,source_and_reference_joint_uncertainty_unavailable
89,2,tip,"[-1,1]",6,5098,800,cdf_grid_distance_d4,0.270571725174,0.0,0.270571725174,,,,sampled_flat_reference_25_point_grid,source_and_reference_joint_uncertainty_unavailable
89,2,tip,"[-1,1]",6,5098,800,cdf_grid_distance_d5,0.470601901216,0.0,0.470601901216,,,,sampled_flat_reference_25_point_grid,source_and_reference_joint_uncertainty_unavailable
89,2,tip,"[-1,1]",6,5098,800,cdf_grid_distance_d6,0.5857166608890001,0.0,0.5857166608890001,,,,sampled_flat_reference_25_point_grid,source_and_reference_joint_uncertainty_unavailable
89,2,tip,"[-1,1]",6,5098,800,count_volume_coefficient,1.01294868899,1.0,0.012948688989999901,0.012948688989999901,,,supplied_continuum_volume,deterministic_finite_geometry_not_sampling_error
89,2,tip,"[-1,1]",6,5098,800,empty_interval_weight,0.289751725174,0.0,0.289751725174,,,,continuum_zero_lattice_sensitive_control,not_retained
89,2,tip,"[-1,1]",6,5098,800,interval_mean,0.0257821509059,0.03333333333333333,-0.007551182427433332,-0.2265354728229999,,,analytic_flat,not_retained
89,2,tip,"[-1,1]",6,5098,800,interval_mean_sampled_reference_d2,0.0257821509059,0.111230923338,-0.0854487724321,-0.7682105827032004,,,sampled_flat_reference,source_and_reference_joint_uncertainty_unavailable
89,2,tip,"[-1,1]",6,5098,800,interval_mean_sampled_reference_d3,0.0257821509059,0.0334036486429,-0.007621497736999997,-0.22816363022127406,,,sampled_flat_reference,source_and_reference_joint_uncertainty_unavailable
89,2,tip,"[-1,1]",6,5098,800,interval_mean_sampled_reference_d4,0.0257821509059,0.00953169216111,0.016250458744790003,1.7048870725276943,,,sampled_flat_reference,source_and_reference_joint_uncertainty_unavailable
89,2,tip,"[-1,1]",6,5098,800,interval_mean_sampled_reference_d5,0.0257821509059,0.00264783067105,0.02313432023485,8.737084469860024,,,sampled_flat_reference,source_and_reference_joint_uncertainty_unavailable
89,2,tip,"[-1,1]",6,5098,800,interval_mean_sampled_reference_d6,0.0257821509059,0.000728317610158,0.025053833295742,34.39959839815882,,,sampled_flat_reference,source_and_reference_joint_uncertainty_unavailable
89,2,tip,"[-1,1]",6,5098,800,interval_second_moment_d2,0.00239038019129,0.0278764142498,-0.02548603405851,-0.9142508010582047,,,sampled_flat_reference,source_and_reference_joint_uncertainty_unavailable
89,2,tip,"[-1,1]",6,5098,800,interval_second_moment_d3,0.00239038019129,0.00409438370913,-0.0017040035178400004,-0.41618070969759635,,,sampled_flat_reference,source_and_reference_joint_uncertainty_unavailable
89,2,tip,"[-1,1]",6,5098,800,interval_second_moment_d4,0.00239038019129,0.000567225438714,0.001823154752576,3.2141625324657745,,,sampled_flat_reference,source_and_reference_joint_uncertainty_unavailable
89,2,tip,"[-1,1]",6,5098,800,interval_second_moment_d5,0.00239038019129,7.71570990227e-05,0.0023132230922673,29.980690326197184,,,sampled_flat_reference,source_and_reference_joint_uncertainty_unavailable
89,2,tip,"[-1,1]",6,5098,800,interval_second_moment_d6,0.00239038019129,1.05269535255e-05,0.0023798532377645,226.07236101115623,,,sampled_flat_reference,source_and_reference_joint_uncertainty_unavailable
144,2,tip,"[-1,1]",8,19177,400,C2_coefficient,0.10095731643721319,0.11428571428571424,-0.013328397848501053,-0.11662348117438426,0.006487249438208957,0.056763432584328394,analytic_flat,reported_marginal_not_reconstructed
144,2,tip,"[-1,1]",8,19177,400,C2_count,37125856.9775,42027217.37142856,-4901360.393928558,-0.11662348117438437,2385609.11997,0.05676343258432839,analytic_flat,reported_marginal_not_reconstructed
144,2,tip,"[-1,1]",8,19177,400,C2_dimension,3.15270121502,3,0.15270121502,0.050900405006666594,,,analytic_flat,not_retained
144,2,tip,"[-1,1]",8,19177,400,C3_N_over_C2_squared,0.36999005625659065,0.2916666666666668,0.07832338958992385,0.26853733573688165,,,analytic_flat,not_retained
144,2,tip,"[-1,1]",8,19177,400,C3_coefficient,0.003771275820655163,0.0038095238095238082,-3.824798886864532e-05,-0.01004009707801945,0.0001960727633025681,0.05146910036692415,analytic_flat,reported_marginal_not_reconstructed
144,2,tip,"[-1,1]",8,19177,400,C3_count,26592695368.6,26862396436.57142,-269701067.9714203,-0.01004009707801945,1382583378.29,0.05146910036692415,analytic_flat,reported_marginal_not_reconstructed
144,2,tip,"[-1,1]",8,19177,400,C3_dimension,3.00494044524,3,0.004940445239999924,0.0016468150799999748,,,analytic_flat,not_retained
144,2,tip,"[-1,1]",8,19177,400,C4_N2_over_C2_cubed,0.05828500721390889,0.035693473193473234,0.022591534020435657,0.6329317939439598,,,analytic_flat,not_retained
144,2,tip,"[-1,1]",8,19177,400,C4_coefficient,5.998438284862093e-05,5.328005328005328e-05,6.704329568567649e-06,0.12583188559005398,8.193676998476235e-06,0.15378507516515083,analytic_flat,reported_marginal_not_reconstructed
144,2,tip,"[-1,1]",8,19177,400,C4_count,8110077043140.0,7203630619228.26,906446423911.7402,0.12583188559005398,1107810876240.0,0.15378507516515083,analytic_flat,reported_marginal_not_reconstructed
144,2,tip,"[-1,1]",8,19177,400,C4_dimension,2.96677689416,3,-0.03322310583999988,-0.01107436861333333,,,analytic_flat,not_retained
144,2,tip,"[-1,1]",8,19177,400,cdf_grid_distance_d2,0.38352650121099996,0.0,0.38352650121099996,,,,sampled_flat_reference_25_point_grid,source_and_reference_joint_uncertainty_unavailable
144,2,tip,"[-1,1]",8,19177,400,cdf_grid_distance_d3,0.166743035368,0.0,0.166743035368,,,,sampled_flat_reference_25_point_grid,source_and_reference_joint_uncertainty_unavailable
144,2,tip,"[-1,1]",8,19177,400,cdf_grid_distance_d4,0.31281523525199995,0.0,0.31281523525199995,,,,sampled_flat_reference_25_point_grid,source_and_reference_joint_uncertainty_unavailable
144,2,tip,"[-1,1]",8,19177,400,cdf_grid_distance_d5,0.49618370805100004,0.0,0.49618370805100004,,,,sampled_flat_reference_25_point_grid,source_and_reference_joint_uncertainty_unavailable
144,2,tip,"[-1,1]",8,19177,400,cdf_grid_distance_d6,0.644244857001,0.0,0.644244857001,,,,sampled_flat_reference_25_point_grid,source_and_reference_joint_uncertainty_unavailable
144,2,tip,"[-1,1]",8,19177,400,count_volume_coefficient,0.993526804581,1.0,-0.006473195419000044,-0.006473195419000044,,,supplied_continuum_volume,deterministic_finite_geometry_not_sampling_error
144,2,tip,"[-1,1]",8,19177,400,empty_interval_weight,0.168764035368,0.0,0.168764035368,,,,continuum_zero_lattice_sensitive_control,not_retained
144,2,tip,"[-1,1]",8,19177,400,interval_mean,0.0367653291701,0.03333333333333333,0.00343199583676667,0.10295987510300009,,,analytic_flat,not_retained
144,2,tip,"[-1,1]",8,19177,400,interval_mean_sampled_reference_d2,0.0367653291701,0.111230923338,-0.0744655941679,-0.6694684529554759,,,sampled_flat_reference,source_and_reference_joint_uncertainty_unavailable
144,2,tip,"[-1,1]",8,19177,400,interval_mean_sampled_reference_d3,0.0367653291701,0.0334036486429,0.0033616805272000047,0.10063812379114268,,,sampled_flat_reference,source_and_reference_joint_uncertainty_unavailable
144,2,tip,"[-1,1]",8,19177,400,interval_mean_sampled_reference_d4,0.0367653291701,0.00953169216111,0.02723363700899,2.8571670747094866,,,sampled_flat_reference,source_and_reference_joint_uncertainty_unavailable
144,2,tip,"[-1,1]",8,19177,400,interval_mean_sampled_reference_d5,0.0367653291701,0.00264783067105,0.034117498499050006,12.885075647802157,,,sampled_flat_reference,source_and_reference_joint_uncertainty_unavailable
144,2,tip,"[-1,1]",8,19177,400,interval_mean_sampled_reference_d6,0.0367653291701,0.000728317610158,0.036037011559942,49.47980257146905,,,sampled_flat_reference,source_and_reference_joint_uncertainty_unavailable
144,2,tip,"[-1,1]",8,19177,400,interval_second_moment_d2,0.00577857458655,0.0278764142498,-0.022097839663249998,-0.7927073928960767,,,sampled_flat_reference,source_and_reference_joint_uncertainty_unavailable
144,2,tip,"[-1,1]",8,19177,400,interval_second_moment_d3,0.00577857458655,0.00409438370913,0.0016841908774199998,0.41134172981014205,,,sampled_flat_reference,source_and_reference_joint_uncertainty_unavailable
144,2,tip,"[-1,1]",8,19177,400,interval_second_moment_d4,0.00577857458655,0.000567225438714,0.005211349147836,9.1874390535993,,,sampled_flat_reference,source_and_reference_joint_uncertainty_unavailable
144,2,tip,"[-1,1]",8,19177,400,interval_second_moment_d5,0.00577857458655,7.71570990227e-05,0.0057014174875273,73.8936217113336,,,sampled_flat_reference,source_and_reference_joint_uncertainty_unavailable
144,2,tip,"[-1,1]",8,19177,400,interval_second_moment_d6,0.00577857458655,1.05269535255e-05,0.0057680476330245,547.9313287602392,,,sampled_flat_reference,source_and_reference_joint_uncertainty_unavailable
55,2,tip,"[0,-1]",5,1648,800,C2_coefficient,0.12481026108075288,0.11428571428571424,0.010524546795038642,0.09208978445658822,0.0049939511848919186,0.043697072867804304,analytic_flat,reported_marginal_not_reconstructed
55,2,tip,"[0,-1]",5,1648,800,C2_count,338767.0,310200.6857142856,28566.314285714412,0.09208978445658822,13554.8619673,0.043697072867804304,analytic_flat,reported_marginal_not_reconstructed
55,2,tip,"[0,-1]",5,1648,800,C2_dimension,2.8907840111,3,-0.10921598889999995,-0.036405329633333317,,,analytic_flat,not_retained
55,2,tip,"[0,-1]",5,1648,800,C3_N_over_C2_squared,0.2935863771376085,0.2916666666666668,0.0019197104709416934,0.006581864471800092,,,analytic_flat,not_retained
55,2,tip,"[0,-1]",5,1648,800,C3_coefficient,0.004576149997676101,0.0038095238095238082,0.0007666261881522931,0.20123937438997697,0.0001830572768738175,0.04805253517937711,analytic_flat,reported_marginal_not_reconstructed
55,2,tip,"[0,-1]",5,1648,800,C3_count,20444706.9,17019677.62285714,3425029.27714286,0.20123937438997697,817838.657714,0.048052535179377104,analytic_flat,reported_marginal_not_reconstructed
55,2,tip,"[0,-1]",5,1648,800,C3_dimension,2.91004209099,3,-0.08995790900999978,-0.02998596966999989,,,analytic_flat,not_retained
55,2,tip,"[0,-1]",5,1648,800,C4_N2_over_C2_cubed,0.023879702864070027,0.035693473193473234,-0.011813770329403207,-0.3309784471062185,,,analytic_flat,not_retained
55,2,tip,"[0,-1]",5,1648,800,C4_coefficient,4.6512668752862926e-05,5.328005328005328e-05,-6.767384527190354e-06,-0.12701534834470396,5.987974448416324e-06,0.11238679542871388,analytic_flat,reported_marginal_not_reconstructed
55,2,tip,"[0,-1]",5,1648,800,C4_count,341836000.36,391571604.05034965,-49735603.69034964,-0.12701534834470396,44007477.7601,0.11238679542871388,analytic_flat,reported_marginal_not_reconstructed
55,2,tip,"[0,-1]",5,1648,800,C4_dimension,3.0380249212,3,0.038024921199999895,0.012674973733333372,,,analytic_flat,not_retained
55,2,tip,"[0,-1]",5,1648,800,cdf_grid_distance_d2,0.438232273943,0.0,0.438232273943,,,,sampled_flat_reference_25_point_grid,source_and_reference_joint_uncertainty_unavailable
55,2,tip,"[0,-1]",5,1648,800,cdf_grid_distance_d3,0.436270273943,0.0,0.436270273943,,,,sampled_flat_reference_25_point_grid,source_and_reference_joint_uncertainty_unavailable
55,2,tip,"[0,-1]",5,1648,800,cdf_grid_distance_d4,0.419111273943,0.0,0.419111273943,,,,sampled_flat_reference_25_point_grid,source_and_reference_joint_uncertainty_unavailable
55,2,tip,"[0,-1]",5,1648,800,cdf_grid_distance_d5,0.40098232380700005,0.0,0.40098232380700005,,,,sampled_flat_reference_25_point_grid,source_and_reference_joint_uncertainty_unavailable
55,2,tip,"[0,-1]",5,1648,800,cdf_grid_distance_d6,0.47002872210400004,0.0,0.47002872210400004,,,,sampled_flat_reference_25_point_grid,source_and_reference_joint_uncertainty_unavailable
55,2,tip,"[0,-1]",5,1648,800,count_volume_coefficient,0.915621281334,1.0,-0.084378718666,-0.084378718666,,,supplied_continuum_volume,deterministic_finite_geometry_not_sampling_error
55,2,tip,"[0,-1]",5,1648,800,empty_interval_weight,0.438291273943,0.0,0.438291273943,,,,continuum_zero_lattice_sensitive_control,not_retained
55,2,tip,"[0,-1]",5,1648,800,interval_mean,0.0334251085554,0.03333333333333333,9.177522206666594e-05,0.002753256661999881,,,analytic_flat,not_retained
55,2,tip,"[0,-1]",5,1648,800,interval_mean_sampled_reference_d2,0.0334251085554,0.111230923338,-0.0778058147826,-0.6994980572638929,,,sampled_flat_reference,source_and_reference_joint_uncertainty_unavailable
55,2,tip,"[0,-1]",5,1648,800,interval_mean_sampled_reference_d3,0.0334251085554,0.0334036486429,2.1459912500000622e-05,0.0006424421693993487,,,sampled_flat_reference,source_and_reference_joint_uncertainty_unavailable
55,2,tip,"[0,-1]",5,1648,800,interval_mean_sampled_reference_d4,0.0334251085554,0.00953169216111,0.023893416394289997,2.506733955569493,,,sampled_flat_reference,source_and_reference_joint_uncertainty_unavailable
55,2,tip,"[0,-1]",5,1648,800,interval_mean_sampled_reference_d5,0.0334251085554,0.00264783067105,0.030777277884349998,11.623582361535693,,,sampled_flat_reference,source_and_reference_joint_uncertainty_unavailable
55,2,tip,"[0,-1]",5,1648,800,interval_mean_sampled_reference_d6,0.0334251085554,0.000728317610158,0.032696790945242,44.893588304350914,,,sampled_flat_reference,source_and_reference_joint_uncertainty_unavailable
55,2,tip,"[0,-1]",5,1648,800,interval_second_moment_d2,0.00439575905432,0.0278764142498,-0.02348065519548,-0.8423126082526364,,,sampled_flat_reference,source_and_reference_joint_uncertainty_unavailable
55,2,tip,"[0,-1]",5,1648,800,interval_second_moment_d3,0.00439575905432,0.00409438370913,0.0003013753451899994,0.07360701062725683,,,sampled_flat_reference,source_and_reference_joint_uncertainty_unavailable
55,2,tip,"[0,-1]",5,1648,800,interval_second_moment_d4,0.00439575905432,0.000567225438714,0.0038285336156059996,6.74958024500093,,,sampled_flat_reference,source_and_reference_joint_uncertainty_unavailable
55,2,tip,"[0,-1]",5,1648,800,interval_second_moment_d5,0.00439575905432,7.71570990227e-05,0.0043186019552973,55.97154390196482,,,sampled_flat_reference,source_and_reference_joint_uncertainty_unavailable
55,2,tip,"[0,-1]",5,1648,800,interval_second_moment_d6,0.00439575905432,1.05269535255e-05,0.0043852321007945,416.5718116045557,,,sampled_flat_reference,source_and_reference_joint_uncertainty_unavailable
89,2,tip,"[0,-1]",6,5115,800,C2_coefficient,0.10200772389518968,0.11428571428571424,-0.01227799039052456,-0.10743241591708996,0.004624422047120377,0.04046369291230331,analytic_flat,reported_marginal_not_reconstructed
89,2,tip,"[0,-1]",6,5115,800,C2_count,2668329.2625,2989498.2857142845,-321169.02321428433,-0.10743241591708996,120966.140595,0.04046369291230331,analytic_flat,reported_marginal_not_reconstructed
89,2,tip,"[0,-1]",6,5115,800,C2_dimension,3.13999873822,3,0.13999873822000009,0.04666624607333336,,,analytic_flat,not_retained
89,2,tip,"[0,-1]",6,5115,800,C3_N_over_C2_squared,0.3056510174764988,0.2916666666666668,0.013984350809832014,0.0479463456337097,,,analytic_flat,not_retained
89,2,tip,"[0,-1]",6,5115,800,C3_coefficient,0.0031810968475381677,0.0038095238095238082,-0.0006284269619856405,-0.1649620775212307,0.00013091729844862205,0.0343657908427633,analytic_flat,reported_marginal_not_reconstructed
89,2,tip,"[0,-1]",6,5115,800,C3_count,425460303.675,509510157.82857126,-84049854.15357125,-0.1649620775212307,17509719.5162,0.034365790842763304,analytic_flat,reported_marginal_not_reconstructed
89,2,tip,"[0,-1]",6,5115,800,C3_dimension,3.08810749746,3,0.0881074974599998,0.02936916581999993,,,analytic_flat,not_retained
89,2,tip,"[0,-1]",6,5115,800,C4_N2_over_C2_cubed,0.03411855935784439,0.035693473193473234,-0.0015749138356288411,-0.04412330027655653,,,analytic_flat,not_retained
89,2,tip,"[0,-1]",6,5115,800,C4_coefficient,3.623636839006096e-05,5.328005328005328e-05,-1.704368488999232e-05,-0.3198886607790433,3.896151877252436e-06,0.07312590054618166,analytic_flat,reported_marginal_not_reconstructed
89,2,tip,"[0,-1]",6,5115,800,C4_count,24775228337.7,36428194780.6945,-11652966442.994503,-0.31988866077904343,2663844548.61,0.07312590054618166,analytic_flat,reported_marginal_not_reconstructed
89,2,tip,"[0,-1]",6,5115,800,C4_dimension,3.10777304425,3,0.10777304425,0.035924348083333335,,,analytic_flat,not_retained
89,2,tip,"[0,-1]",6,5115,800,cdf_grid_distance_d2,0.44721476737099997,0.0,0.44721476737099997,,,,sampled_flat_reference_25_point_grid,source_and_reference_joint_uncertainty_unavailable
89,2,tip,"[0,-1]",6,5115,800,cdf_grid_distance_d3,0.29316942301800003,0.0,0.29316942301800003,,,,sampled_flat_reference_25_point_grid,source_and_reference_joint_uncertainty_unavailable
89,2,tip,"[0,-1]",6,5115,800,cdf_grid_distance_d4,0.27601042301800005,0.0,0.27601042301800005,,,,sampled_flat_reference_25_point_grid,source_and_reference_joint_uncertainty_unavailable
89,2,tip,"[0,-1]",6,5115,800,cdf_grid_distance_d5,0.429840129388,0.0,0.429840129388,,,,sampled_flat_reference_25_point_grid,source_and_reference_joint_uncertainty_unavailable
89,2,tip,"[0,-1]",6,5115,800,cdf_grid_distance_d6,0.554958999425,0.0,0.554958999425,,,,sampled_flat_reference_25_point_grid,source_and_reference_joint_uncertainty_unavailable
89,2,tip,"[0,-1]",6,5115,800,count_volume_coefficient,1.01632650926,1.0,0.01632650926000001,0.01632650926000001,,,supplied_continuum_volume,deterministic_finite_geometry_not_sampling_error
89,2,tip,"[0,-1]",6,5115,800,empty_interval_weight,0.295190423018,0.0,0.295190423018,,,,continuum_zero_lattice_sensitive_control,not_retained
89,2,tip,"[0,-1]",6,5115,800,interval_mean,0.0262804832543,0.03333333333333333,-0.007052850079033331,-0.21158550237099993,,,analytic_flat,not_retained
89,2,tip,"[0,-1]",6,5115,800,interval_mean_sampled_reference_d2,0.0262804832543,0.111230923338,-0.0849504400837,-0.7637304225692627,,,sampled_flat_reference,source_and_reference_joint_uncertainty_unavailable
89,2,tip,"[0,-1]",6,5115,800,interval_mean_sampled_reference_d3,0.0262804832543,0.0334036486429,-0.007123165388599997,-0.21324512973866516,,,sampled_flat_reference,source_and_reference_joint_uncertainty_unavailable
89,2,tip,"[0,-1]",6,5115,800,interval_mean_sampled_reference_d4,0.0262804832543,0.00953169216111,0.016748791093190003,1.757168696816111,,,sampled_flat_reference,source_and_reference_joint_uncertainty_unavailable
89,2,tip,"[0,-1]",6,5115,800,interval_mean_sampled_reference_d5,0.0262804832543,0.00264783067105,0.02363265258325,8.925288479220782,,,sampled_flat_reference,source_and_reference_joint_uncertainty_unavailable
89,2,tip,"[0,-1]",6,5115,800,interval_mean_sampled_reference_d6,0.0262804832543,0.000728317610158,0.025552165644142002,35.08382234311039,,,sampled_flat_reference,source_and_reference_joint_uncertainty_unavailable
89,2,tip,"[0,-1]",6,5115,800,interval_second_moment_d2,0.00295110888165,0.0278764142498,-0.02492530536815,-0.8941359941344976,,,sampled_flat_reference,source_and_reference_joint_uncertainty_unavailable
89,2,tip,"[0,-1]",6,5115,800,interval_second_moment_d3,0.00295110888165,0.00409438370913,-0.0011432748274800004,-0.27923001572388784,,,sampled_flat_reference,source_and_reference_joint_uncertainty_unavailable
89,2,tip,"[0,-1]",6,5115,800,interval_second_moment_d4,0.00295110888165,0.000567225438714,0.002383883442936,4.20270897641806,,,sampled_flat_reference,source_and_reference_joint_uncertainty_unavailable
89,2,tip,"[0,-1]",6,5115,800,interval_second_moment_d5,0.00295110888165,7.71570990227e-05,0.0028739517826273,37.24805389302894,,,sampled_flat_reference,source_and_reference_joint_uncertainty_unavailable
89,2,tip,"[0,-1]",6,5115,800,interval_second_moment_d6,0.00295110888165,1.05269535255e-05,0.0029405819281245,279.33835947896716,,,sampled_flat_reference,source_and_reference_joint_uncertainty_unavailable
144,2,tip,"[0,-1]",8,19170,400,C2_coefficient,0.10629049507016537,0.11428571428571424,-0.007995219215548868,-0.0699581681360526,0.006752456817762921,0.05908399715542558,analytic_flat,reported_marginal_not_reconstructed
144,2,tip,"[0,-1]",8,19170,400,C2_count,39058539.525,41996540.57142855,-2938001.0464285538,-0.0699581681360526,2481323.48366,0.05908399715542559,analytic_flat,reported_marginal_not_reconstructed
144,2,tip,"[0,-1]",8,19170,400,C2_dimension,3.08945007358,3,0.08945007358000012,0.0298166911933333,,,analytic_flat,not_retained
144,2,tip,"[0,-1]",8,19170,400,C3_N_over_C2_squared,0.3260494793302954,0.2916666666666668,0.03438281266362858,0.11788392913244072,,,analytic_flat,not_retained
144,2,tip,"[0,-1]",8,19170,400,C3_coefficient,0.0036837913811060318,0.0038095238095238082,-0.00012573242841777644,-0.033004762459666326,0.0001987558756334158,0.052173417353771664,analytic_flat,reported_marginal_not_reconstructed
144,2,tip,"[0,-1]",8,19170,400,C3_count,25947373206.1,26832989655.77142,-885616449.671421,-0.03300476245966644,1399968768.16,0.052173417353771664,analytic_flat,reported_marginal_not_reconstructed
144,2,tip,"[0,-1]",8,19170,400,C3_dimension,3.0164276369,3,0.016427636900000042,0.005475878966666681,,,analytic_flat,not_retained
144,2,tip,"[0,-1]",8,19170,400,C4_N2_over_C2_cubed,0.03707825670958553,0.035693473193473234,0.0013847835161122993,0.038796547161611405,,,analytic_flat,not_retained
144,2,tip,"[0,-1]",8,19170,400,C4_coefficient,4.4531832593080544e-05,5.328005328005328e-05,-8.748220686972736e-06,-0.16419316701861952,6.097341125060153e-06,0.11443947124097274,analytic_flat,reported_marginal_not_reconstructed
144,2,tip,"[0,-1]",8,19170,400,C4_count,6012056891160.0,7193117660589.804,-1181060769429.8037,-0.16419316701861952,823176581652.0,0.11443947124097274,analytic_flat,reported_marginal_not_reconstructed
144,2,tip,"[0,-1]",8,19170,400,C4_dimension,3.05019612265,3,0.05019612265000006,0.016732040883333354,,,analytic_flat,not_retained
144,2,tip,"[0,-1]",8,19170,400,cdf_grid_distance_d2,0.40410962290999997,0.0,0.40410962290999997,,,,sampled_flat_reference_25_point_grid,source_and_reference_joint_uncertainty_unavailable
144,2,tip,"[0,-1]",8,19170,400,cdf_grid_distance_d3,0.103035117046,0.0,0.103035117046,,,,sampled_flat_reference_25_point_grid,source_and_reference_joint_uncertainty_unavailable
144,2,tip,"[0,-1]",8,19170,400,cdf_grid_distance_d4,0.27816510285199997,0.0,0.27816510285199997,,,,sampled_flat_reference_25_point_grid,source_and_reference_joint_uncertainty_unavailable
144,2,tip,"[0,-1]",8,19170,400,cdf_grid_distance_d5,0.539138619799,0.0,0.539138619799,,,,sampled_flat_reference_25_point_grid,source_and_reference_joint_uncertainty_unavailable
144,2,tip,"[0,-1]",8,19170,400,cdf_grid_distance_d6,0.6924756197990001,0.0,0.6924756197990001,,,,sampled_flat_reference_25_point_grid,source_and_reference_joint_uncertainty_unavailable
144,2,tip,"[0,-1]",8,19170,400,count_volume_coefficient,0.993164146833,1.0,-0.006835853166999972,-0.006835853166999972,,,supplied_continuum_volume,deterministic_finite_geometry_not_sampling_error
144,2,tip,"[0,-1]",8,19170,400,empty_interval_weight,0.105056117046,0.0,0.105056117046,,,,continuum_zero_lattice_sensitive_control,not_retained
144,2,tip,"[0,-1]",8,19170,400,interval_mean,0.0296178692693,0.03333333333333333,-0.0037154640640333324,-0.11146392192099996,,,analytic_flat,not_retained
144,2,tip,"[0,-1]",8,19170,400,interval_mean_sampled_reference_d2,0.0296178692693,0.111230923338,-0.0816130540687,-0.7337263021785814,,,sampled_flat_reference,source_and_reference_joint_uncertainty_unavailable
144,2,tip,"[0,-1]",8,19170,400,interval_mean_sampled_reference_d3,0.0296178692693,0.0334036486429,-0.0037857793735999977,-0.11333430710134929,,,sampled_flat_reference,source_and_reference_joint_uncertainty_unavailable
144,2,tip,"[0,-1]",8,19170,400,interval_mean_sampled_reference_d4,0.0296178692693,0.00953169216111,0.020086177108190002,2.1073044291278173,,,sampled_flat_reference,source_and_reference_joint_uncertainty_unavailable
144,2,tip,"[0,-1]",8,19170,400,interval_mean_sampled_reference_d5,0.0296178692693,0.00264783067105,0.02697003859825,10.185711228866083,,,sampled_flat_reference,source_and_reference_joint_uncertainty_unavailable
144,2,tip,"[0,-1]",8,19170,400,interval_mean_sampled_reference_d6,0.0296178692693,0.000728317610158,0.028889551659142,39.66614462730724,,,sampled_flat_reference,source_and_reference_joint_uncertainty_unavailable
144,2,tip,"[0,-1]",8,19170,400,interval_second_moment_d2,0.00303396140675,0.0278764142498,-0.02484245284305,-0.8911638570311543,,,sampled_flat_reference,source_and_reference_joint_uncertainty_unavailable
144,2,tip,"[0,-1]",8,19170,400,interval_second_moment_d3,0.00303396140675,0.00409438370913,-0.0010604223023800005,-0.2589943634289531,,,sampled_flat_reference,source_and_reference_joint_uncertainty_unavailable
144,2,tip,"[0,-1]",8,19170,400,interval_second_moment_d4,0.00303396140675,0.000567225438714,0.0024667359680359997,4.3487752834719915,,,sampled_flat_reference,source_and_reference_joint_uncertainty_unavailable
144,2,tip,"[0,-1]",8,19170,400,interval_second_moment_d5,0.00303396140675,7.71570990227e-05,0.0029568043077272997,38.32186986264729,,,sampled_flat_reference,source_and_reference_joint_uncertainty_unavailable
144,2,tip,"[0,-1]",8,19170,400,interval_second_moment_d6,0.00303396140675,1.05269535255e-05,0.0030234344532245,287.208872529044,,,sampled_flat_reference,source_and_reference_joint_uncertainty_unavailable
55,2,tip,"[0,1]",5,1648,800,C2_coefficient,0.14209927140255008,0.11428571428571424,0.027813557116835835,0.2433686247723137,0.005744157314674813,0.050261376503404634,analytic_flat,reported_marginal_not_reconstructed
55,2,tip,"[0,1]",5,1648,800,C2_count,385693.8,310200.6857142856,75493.1142857144,0.2433686247723137,15591.1134563,0.050261376503404634,analytic_flat,reported_marginal_not_reconstructed
55,2,tip,"[0,1]",5,1648,800,C2_dimension,2.72870910006,3,-0.2712908999399999,-0.09043029997999996,,,analytic_flat,not_retained
55,2,tip,"[0,1]",5,1648,800,C3_N_over_C2_squared,0.22397988509103914,0.2916666666666668,-0.06768678157562766,-0.23206896540215183,,,analytic_flat,not_retained
55,2,tip,"[0,1]",5,1648,800,C3_coefficient,0.0045253949520502315,0.0038095238095238082,0.0007158711425264233,0.18791617491318613,0.0001820876582364704,0.04779801028707349,analytic_flat,reported_marginal_not_reconstructed
55,2,tip,"[0,1]",5,1648,800,C3_count,20217950.34,17019677.62285714,3198272.7171428613,0.18791617491318613,813506.7261,0.04779801028707349,analytic_flat,reported_marginal_not_reconstructed
55,2,tip,"[0,1]",5,1648,800,C3_dimension,2.91552454096,3,-0.08447545904000009,-0.028158486346666733,,,analytic_flat,not_retained
55,2,tip,"[0,1]",5,1648,800,C4_N2_over_C2_cubed,0.02039692358533277,0.035693473193473234,-0.015296549608140465,-0.4285531286133716,,,analytic_flat,not_retained
55,2,tip,"[0,1]",5,1648,800,C4_coefficient,5.863159212009687e-05,5.328005328005328e-05,5.351538840043592e-06,0.10044169460406827,6.964541202735191e-06,0.1307157326988361,analytic_flat,reported_marginal_not_reconstructed
55,2,tip,"[0,1]",5,1648,800,C4_count,430901719.52,391571604.05034965,39330115.46965033,0.10044169460406827,51184569.1275,0.1307157326988361,analytic_flat,reported_marginal_not_reconstructed
55,2,tip,"[0,1]",5,1648,800,C4_dimension,2.97317427832,3,-0.02682572167999986,-0.008941907226666657,,,analytic_flat,not_retained
55,2,tip,"[0,1]",5,1648,800,cdf_grid_distance_d2,0.41249774838400005,0.0,0.41249774838400005,,,,sampled_flat_reference_25_point_grid,source_and_reference_joint_uncertainty_unavailable
55,2,tip,"[0,1]",5,1648,800,cdf_grid_distance_d3,0.41053574838400003,0.0,0.41053574838400003,,,,sampled_flat_reference_25_point_grid,source_and_reference_joint_uncertainty_unavailable
55,2,tip,"[0,1]",5,1648,800,cdf_grid_distance_d4,0.39337674838400005,0.0,0.39337674838400005,,,,sampled_flat_reference_25_point_grid,source_and_reference_joint_uncertainty_unavailable
55,2,tip,"[0,1]",5,1648,800,cdf_grid_distance_d5,0.436666022593,0.0,0.436666022593,,,,sampled_flat_reference_25_point_grid,source_and_reference_joint_uncertainty_unavailable
55,2,tip,"[0,1]",5,1648,800,cdf_grid_distance_d6,0.5060715894350001,0.0,0.5060715894350001,,,,sampled_flat_reference_25_point_grid,source_and_reference_joint_uncertainty_unavailable
55,2,tip,"[0,1]",5,1648,800,count_volume_coefficient,0.915621281334,1.0,-0.084378718666,-0.084378718666,,,supplied_continuum_volume,deterministic_finite_geometry_not_sampling_error
55,2,tip,"[0,1]",5,1648,800,empty_interval_weight,0.412556748384,0.0,0.412556748384,,,,continuum_zero_lattice_sensitive_control,not_retained
55,2,tip,"[0,1]",5,1648,800,interval_mean,0.0366780980145,0.03333333333333333,0.003344764681166665,0.10034294043500003,,,analytic_flat,not_retained
55,2,tip,"[0,1]",5,1648,800,interval_mean_sampled_reference_d2,0.0366780980145,0.111230923338,-0.0745528253235,-0.6702526877076673,,,sampled_flat_reference,source_and_reference_joint_uncertainty_unavailable
55,2,tip,"[0,1]",5,1648,800,interval_mean_sampled_reference_d3,0.0366780980145,0.0334036486429,0.0032744493715999995,0.0980266978199098,,,sampled_flat_reference,source_and_reference_joint_uncertainty_unavailable
55,2,tip,"[0,1]",5,1648,800,interval_mean_sampled_reference_d4,0.0366780980145,0.00953169216111,0.027146405853389996,2.8480153780195834,,,sampled_flat_reference,source_and_reference_joint_uncertainty_unavailable
55,2,tip,"[0,1]",5,1648,800,interval_mean_sampled_reference_d5,0.0366780980145,0.00264783067105,0.03403026734345,12.852131261836035,,,sampled_flat_reference,source_and_reference_joint_uncertainty_unavailable
55,2,tip,"[0,1]",5,1648,800,interval_mean_sampled_reference_d6,0.0366780980145,0.000728317610158,0.035949780404342,49.36003180884657,,,sampled_flat_reference,source_and_reference_joint_uncertainty_unavailable
55,2,tip,"[0,1]",5,1648,800,interval_second_moment_d2,0.00481726819259,0.0278764142498,-0.02305914605721,-0.8271919713409854,,,sampled_flat_reference,source_and_reference_joint_uncertainty_unavailable
55,2,tip,"[0,1]",5,1648,800,interval_second_moment_d3,0.00481726819259,0.00409438370913,0.0007228844834599995,0.17655513865201522,,,sampled_flat_reference,source_and_reference_joint_uncertainty_unavailable
55,2,tip,"[0,1]",5,1648,800,interval_second_moment_d4,0.00481726819259,0.000567225438714,0.004250042753876,7.492687146598353,,,sampled_flat_reference,source_and_reference_joint_uncertainty_unavailable
55,2,tip,"[0,1]",5,1648,800,interval_second_moment_d5,0.00481726819259,7.71570990227e-05,0.0047401110935673,61.43454268767591,,,sampled_flat_reference,source_and_reference_joint_uncertainty_unavailable
55,2,tip,"[0,1]",5,1648,800,interval_second_moment_d6,0.00481726819259,1.05269535255e-05,0.0048067412390645,456.6127538628222,,,sampled_flat_reference,source_and_reference_joint_uncertainty_unavailable
89,2,tip,"[0,1]",6,5099,800,C2_coefficient,0.09901113181639859,0.11428571428571424,-0.01527458246931565,-0.13365259660651196,0.004580004996479667,0.0400750437191971,analytic_flat,reported_marginal_not_reconstructed
89,2,tip,"[0,1]",6,5099,800,C2_count,2573764.86625,2970823.0857142843,-397058.21946428437,-0.13365259660651196,119055.865042,0.04007504371919711,analytic_flat,reported_marginal_not_reconstructed
89,2,tip,"[0,1]",6,5099,800,C2_dimension,3.17656880086,3,0.17656880086000015,0.05885626695333346,,,analytic_flat,not_retained
89,2,tip,"[0,1]",6,5099,800,C3_N_over_C2_squared,0.3251119543945334,0.2916666666666668,0.03344528772786659,0.11466955792411393,,,analytic_flat,not_retained
89,2,tip,"[0,1]",6,5099,800,C3_coefficient,0.0031877641814665224,0.0038095238095238082,-0.0006217596280572858,-0.16321190236503758,0.00013459993750818792,0.03533248359589934,analytic_flat,reported_marginal_not_reconstructed
89,2,tip,"[0,1]",6,5099,800,C3_count,422362802.772,504742842.26285696,-82380039.49085695,-0.16321190236503758,17833818.1944,0.03533248359589934,analytic_flat,reported_marginal_not_reconstructed
89,2,tip,"[0,1]",6,5099,800,C3_dimension,3.08708608939,3,0.08708608939000007,0.02902869646333328,,,analytic_flat,not_retained
89,2,tip,"[0,1]",6,5099,800,C4_N2_over_C2_cubed,0.03760793372329471,0.035693473193473234,0.0019144605298214781,0.053636151333447346,,,analytic_flat,not_retained
89,2,tip,"[0,1]",6,5099,800,C4_coefficient,3.6524742036004844e-05,5.328005328005328e-05,-1.6755311244048436e-05,-0.3144762479117341,4.240348322841885e-06,0.07958603758433863,analytic_flat,reported_marginal_not_reconstructed
89,2,tip,"[0,1]",6,5099,800,C4_count,24661304940.1,35974398939.461815,-11313093999.361816,-0.314476247911734,2863059866.07,0.07958603758433865,analytic_flat,reported_marginal_not_reconstructed
89,2,tip,"[0,1]",6,5099,800,C4_dimension,3.1055612869,3,0.1055612869,0.03518709563333333,,,analytic_flat,not_retained
89,2,tip,"[0,1]",6,5099,800,cdf_grid_distance_d2,0.36598964684400004,0.0,0.36598964684400004,,,,sampled_flat_reference_25_point_grid,source_and_reference_joint_uncertainty_unavailable
89,2,tip,"[0,1]",6,5099,800,cdf_grid_distance_d3,0.240909409824,0.0,0.240909409824,,,,sampled_flat_reference_25_point_grid,source_and_reference_joint_uncertainty_unavailable
89,2,tip,"[0,1]",6,5099,800,cdf_grid_distance_d4,0.32068185365799995,0.0,0.32068185365799995,,,,sampled_flat_reference_25_point_grid,source_and_reference_joint_uncertainty_unavailable
89,2,tip,"[0,1]",6,5099,800,cdf_grid_distance_d5,0.485057471661,0.0,0.485057471661,,,,sampled_flat_reference_25_point_grid,source_and_reference_joint_uncertainty_unavailable
89,2,tip,"[0,1]",6,5099,800,cdf_grid_distance_d6,0.5888418932630001,0.0,0.5888418932630001,,,,sampled_flat_reference_25_point_grid,source_and_reference_joint_uncertainty_unavailable
89,2,tip,"[0,1]",6,5099,800,count_volume_coefficient,1.0131473843,1.0,0.013147384300000065,0.013147384300000065,,,supplied_continuum_volume,deterministic_finite_geometry_not_sampling_error
89,2,tip,"[0,1]",6,5099,800,empty_interval_weight,0.242930409824,0.0,0.242930409824,,,,continuum_zero_lattice_sensitive_control,not_retained
89,2,tip,"[0,1]",6,5099,800,interval_mean,0.0360951169115,0.03333333333333333,0.002761783578166664,0.08285350734499985,,,analytic_flat,not_retained
89,2,tip,"[0,1]",6,5099,800,interval_mean_sampled_reference_d2,0.0360951169115,0.111230923338,-0.0751358064265,-0.6754938660194618,,,sampled_flat_reference,source_and_reference_joint_uncertainty_unavailable
89,2,tip,"[0,1]",6,5099,800,interval_mean_sampled_reference_d3,0.0360951169115,0.0334036486429,0.002691468268599999,0.08057408031598601,,,sampled_flat_reference,source_and_reference_joint_uncertainty_unavailable
89,2,tip,"[0,1]",6,5099,800,interval_mean_sampled_reference_d4,0.0360951169115,0.00953169216111,0.026563424750389995,2.786852984905525,,,sampled_flat_reference,source_and_reference_joint_uncertainty_unavailable
89,2,tip,"[0,1]",6,5099,800,interval_mean_sampled_reference_d5,0.0360951169115,0.00264783067105,0.03344728624045,12.631958155838733,,,sampled_flat_reference,source_and_reference_joint_uncertainty_unavailable
89,2,tip,"[0,1]",6,5099,800,interval_mean_sampled_reference_d6,0.0360951169115,0.000728317610158,0.035366799301342,48.55958280848047,,,sampled_flat_reference,source_and_reference_joint_uncertainty_unavailable
89,2,tip,"[0,1]",6,5099,800,interval_second_moment_d2,0.00450300377937,0.0278764142498,-0.023373410470429998,-0.8384654590429503,,,sampled_flat_reference,source_and_reference_joint_uncertainty_unavailable
89,2,tip,"[0,1]",6,5099,800,interval_second_moment_d3,0.00450300377937,0.00409438370913,0.00040862007023999974,0.09980014069732257,,,sampled_flat_reference,source_and_reference_joint_uncertainty_unavailable
89,2,tip,"[0,1]",6,5099,800,interval_second_moment_d4,0.00450300377937,0.000567225438714,0.003935778340656,6.938649207234258,,,sampled_flat_reference,source_and_reference_joint_uncertainty_unavailable
89,2,tip,"[0,1]",6,5099,800,interval_second_moment_d5,0.00450300377937,7.71570990227e-05,0.0044258466803473,57.36149669190121,,,sampled_flat_reference,source_and_reference_joint_uncertainty_unavailable
89,2,tip,"[0,1]",6,5099,800,interval_second_moment_d6,0.00450300377937,1.05269535255e-05,0.0044924768258445,426.759443267431,,,sampled_flat_reference,source_and_reference_joint_uncertainty_unavailable
144,2,tip,"[0,1]",8,19170,400,C2_coefficient,0.11019002034534926,0.11428571428571424,-0.004095693940364978,-0.03583732197819356,0.00698978129175429,0.06116058630285006,analytic_flat,reported_marginal_not_reconstructed
144,2,tip,"[0,1]",8,19170,400,C2_count,40491497.025,41996540.57142855,-1505043.5464285538,-0.03583732197819356,2568533.04404,0.06116058630285006,analytic_flat,reported_marginal_not_reconstructed
144,2,tip,"[0,1]",8,19170,400,C2_dimension,3.0450622902,3,0.04506229020000019,0.015020763400000137,,,analytic_flat,not_retained
144,2,tip,"[0,1]",8,19170,400,C3_N_over_C2_squared,0.2954139543060418,0.2916666666666668,0.0037472876393749854,0.012847843334999887,,,analytic_flat,not_retained
144,2,tip,"[0,1]",8,19170,400,C3_coefficient,0.0035870562673678795,0.0038095238095238082,-0.00022246754215592872,-0.058397729815931276,0.00020136611253612552,0.05285860454073297,analytic_flat,reported_marginal_not_reconstructed
144,2,tip,"[0,1]",8,19170,400,C3_count,25266003975.7,26832989655.77142,-1566985680.0714188,-0.058397729815931276,1418354388.86,0.05285860454073297,analytic_flat,reported_marginal_not_reconstructed
144,2,tip,"[0,1]",8,19170,400,C3_dimension,3.02944463705,3,0.02944463705000011,0.009814879016666778,,,analytic_flat,not_retained
144,2,tip,"[0,1]",8,19170,400,C4_N2_over_C2_cubed,0.03321252761100868,0.035693473193473234,-0.002480945582464554,-0.06950698154300683,,,analytic_flat,not_retained
144,2,tip,"[0,1]",8,19170,400,C4_coefficient,4.444231665535922e-05,5.328005328005328e-05,-8.83773662469406e-06,-0.16587326927472668,5.980603086558768e-06,0.11224844418084987,analytic_flat,reported_marginal_not_reconstructed
144,2,tip,"[0,1]",8,19170,400,C4_count,5999971717950.0,7193117660589.804,-1193145942639.8037,-0.16587326927472656,807416266211.0,0.11224844418084987,analytic_flat,reported_marginal_not_reconstructed
144,2,tip,"[0,1]",8,19170,400,C4_dimension,3.05075872824,3,0.05075872823999994,0.016919576080000054,,,analytic_flat,not_retained
144,2,tip,"[0,1]",8,19170,400,cdf_grid_distance_d2,0.330937113288,0.0,0.330937113288,,,,sampled_flat_reference_25_point_grid,source_and_reference_joint_uncertainty_unavailable
144,2,tip,"[0,1]",8,19170,400,cdf_grid_distance_d3,0.142777217052,0.0,0.142777217052,,,,sampled_flat_reference_25_point_grid,source_and_reference_joint_uncertainty_unavailable
144,2,tip,"[0,1]",8,19170,400,cdf_grid_distance_d4,0.3492121141019999,0.0,0.3492121141019999,,,,sampled_flat_reference_25_point_grid,source_and_reference_joint_uncertainty_unavailable
144,2,tip,"[0,1]",8,19170,400,cdf_grid_distance_d5,0.534889535873,0.0,0.534889535873,,,,sampled_flat_reference_25_point_grid,source_and_reference_joint_uncertainty_unavailable
144,2,tip,"[0,1]",8,19170,400,cdf_grid_distance_d6,0.652543535873,0.0,0.652543535873,,,,sampled_flat_reference_25_point_grid,source_and_reference_joint_uncertainty_unavailable
144,2,tip,"[0,1]",8,19170,400,count_volume_coefficient,0.993164146833,1.0,-0.006835853166999972,-0.006835853166999972,,,supplied_continuum_volume,deterministic_finite_geometry_not_sampling_error
144,2,tip,"[0,1]",8,19170,400,empty_interval_weight,0.144798217052,0.0,0.144798217052,,,,continuum_zero_lattice_sensitive_control,not_retained
144,2,tip,"[0,1]",8,19170,400,interval_mean,0.0493112184459,0.03333333333333333,0.01597788511256667,0.479336553377,,,analytic_flat,not_retained
144,2,tip,"[0,1]",8,19170,400,interval_mean_sampled_reference_d2,0.0493112184459,0.111230923338,-0.0619197048921,-0.5566770735503395,,,sampled_flat_reference,source_and_reference_joint_uncertainty_unavailable
144,2,tip,"[0,1]",8,19170,400,interval_mean_sampled_reference_d3,0.0493112184459,0.0334036486429,0.015907569803000003,0.47622252206814486,,,sampled_flat_reference,source_and_reference_joint_uncertainty_unavailable
144,2,tip,"[0,1]",8,19170,400,interval_mean_sampled_reference_d4,0.0493112184459,0.00953169216111,0.03977952628479,4.17339603634005,,,sampled_flat_reference,source_and_reference_joint_uncertainty_unavailable
144,2,tip,"[0,1]",8,19170,400,interval_mean_sampled_reference_d5,0.0493112184459,0.00264783067105,0.046663387774850004,17.62325222871808,,,sampled_flat_reference,source_and_reference_joint_uncertainty_unavailable
144,2,tip,"[0,1]",8,19170,400,interval_mean_sampled_reference_d6,0.0493112184459,0.000728317610158,0.048582900835742,66.70565170764237,,,sampled_flat_reference,source_and_reference_joint_uncertainty_unavailable
144,2,tip,"[0,1]",8,19170,400,interval_second_moment_d2,0.00851633373388,0.0278764142498,-0.01936008051592,-0.6944968008594901,,,sampled_flat_reference,source_and_reference_joint_uncertainty_unavailable
144,2,tip,"[0,1]",8,19170,400,interval_second_moment_d3,0.00851633373388,0.00409438370913,0.004421950024749999,1.080003814710762,,,sampled_flat_reference,source_and_reference_joint_uncertainty_unavailable
144,2,tip,"[0,1]",8,19170,400,interval_second_moment_d4,0.00851633373388,0.000567225438714,0.007949108295166,14.014019387402703,,,sampled_flat_reference,source_and_reference_joint_uncertainty_unavailable
144,2,tip,"[0,1]",8,19170,400,interval_second_moment_d5,0.00851633373388,7.71570990227e-05,0.0084391766348573,109.37654139088941,,,sampled_flat_reference,source_and_reference_joint_uncertainty_unavailable
144,2,tip,"[0,1]",8,19170,400,interval_second_moment_d6,0.00851633373388,1.05269535255e-05,0.0085058067803545,808.002691353242,,,sampled_flat_reference,source_and_reference_joint_uncertainty_unavailable
55,2,tip,"[1,-1]",5,1650,800,C2_coefficient,0.13530397210430564,0.11428571428571424,0.0210182578185914,0.18390975591267478,0.00547137866556407,0.04787456332368563,analytic_flat,reported_marginal_not_reconstructed
55,2,tip,"[1,-1]",5,1650,800,C2_count,368141.8125,310954.28571428556,57187.526785714435,0.183909755912675,14886.8006422,0.047874563323685636,analytic_flat,reported_marginal_not_reconstructed
55,2,tip,"[1,-1]",5,1650,800,C2_dimension,2.79011058563,3,-0.20988941437000008,-0.06996313812333332,,,analytic_flat,not_retained
55,2,tip,"[1,-1]",5,1650,800,C3_N_over_C2_squared,0.24801938934949774,0.2916666666666668,-0.04364727731716905,-0.14964780794457955,,,analytic_flat,not_retained
55,2,tip,"[1,-1]",5,1650,800,C3_coefficient,0.004543287028178302,0.0038095238095238082,0.0007337632186544935,0.19261284489680452,0.00018242423806135862,0.04788636249110665,analytic_flat,reported_marginal_not_reconstructed
55,2,tip,"[1,-1]",5,1650,800,C3_count,20371920.9375,17081755.42857142,3290165.5089285783,0.19261284489680475,817983.132437,0.04788636249110666,analytic_flat,reported_marginal_not_reconstructed
55,2,tip,"[1,-1]",5,1650,800,C3_dimension,2.91358504941,3,-0.08641495059000004,-0.02880498353000005,,,analytic_flat,not_retained
55,2,tip,"[1,-1]",5,1650,800,C4_N2_over_C2_cubed,0.017053900205604256,0.035693473193473234,-0.018639572987868978,-0.5222123632193164,,,analytic_flat,not_retained
55,2,tip,"[1,-1]",5,1650,800,C4_coefficient,4.23200196827523e-05,5.328005328005328e-05,-1.0960033597300977e-05,-0.20570613057934273,6.02701646660946e-06,0.1131195653076763,analytic_flat,reported_marginal_not_reconstructed
55,2,tip,"[1,-1]",5,1650,800,C4_count,312536876.438,393477639.03296703,-80940762.59496701,-0.20570613057934273,44510019.4857,0.1131195653076763,analytic_flat,reported_marginal_not_reconstructed
55,2,tip,"[1,-1]",5,1650,800,C4_dimension,3.06443647941,3,0.06443647940999986,0.02147882646999988,,,analytic_flat,not_retained
55,2,tip,"[1,-1]",5,1650,800,cdf_grid_distance_d2,0.393004033284,0.0,0.393004033284,,,,sampled_flat_reference_25_point_grid,source_and_reference_joint_uncertainty_unavailable
55,2,tip,"[1,-1]",5,1650,800,cdf_grid_distance_d3,0.391042033284,0.0,0.391042033284,,,,sampled_flat_reference_25_point_grid,source_and_reference_joint_uncertainty_unavailable
55,2,tip,"[1,-1]",5,1650,800,cdf_grid_distance_d4,0.373883033284,0.0,0.373883033284,,,,sampled_flat_reference_25_point_grid,source_and_reference_joint_uncertainty_unavailable
55,2,tip,"[1,-1]",5,1650,800,cdf_grid_distance_d5,0.43202628411800004,0.0,0.43202628411800004,,,,sampled_flat_reference_25_point_grid,source_and_reference_joint_uncertainty_unavailable
55,2,tip,"[1,-1]",5,1650,800,cdf_grid_distance_d6,0.512214124246,0.0,0.512214124246,,,,sampled_flat_reference_25_point_grid,source_and_reference_joint_uncertainty_unavailable
55,2,tip,"[1,-1]",5,1650,800,count_volume_coefficient,0.916732472209,1.0,-0.083267527791,-0.083267527791,,,supplied_continuum_volume,deterministic_finite_geometry_not_sampling_error
55,2,tip,"[1,-1]",5,1650,800,empty_interval_weight,0.393063033284,0.0,0.393063033284,,,,continuum_zero_lattice_sensitive_control,not_retained
55,2,tip,"[1,-1]",5,1650,800,interval_mean,0.0337239368864,0.03333333333333333,0.00039060355306666517,0.01171810659200001,,,analytic_flat,not_retained
55,2,tip,"[1,-1]",5,1650,800,interval_mean_sampled_reference_d2,0.0337239368864,0.111230923338,-0.07750698645160001,-0.696811499227402,,,sampled_flat_reference,source_and_reference_joint_uncertainty_unavailable
55,2,tip,"[1,-1]",5,1650,800,interval_mean_sampled_reference_d3,0.0337239368864,0.0334036486429,0.00032028824349999985,0.009588420921439633,,,sampled_flat_reference,source_and_reference_joint_uncertainty_unavailable
55,2,tip,"[1,-1]",5,1650,800,interval_mean_sampled_reference_d4,0.0337239368864,0.00953169216111,0.024192244725289996,2.5380849818037685,,,sampled_flat_reference,source_and_reference_joint_uncertainty_unavailable
55,2,tip,"[1,-1]",5,1650,800,interval_mean_sampled_reference_d5,0.0337239368864,0.00264783067105,0.031076106215349997,11.736440156509984,,,sampled_flat_reference,source_and_reference_joint_uncertainty_unavailable
55,2,tip,"[1,-1]",5,1650,800,interval_mean_sampled_reference_d6,0.0337239368864,0.000728317610158,0.032995619276242,45.30388777649353,,,sampled_flat_reference,source_and_reference_joint_uncertainty_unavailable
55,2,tip,"[1,-1]",5,1650,800,interval_second_moment_d2,0.00423092321292,0.0278764142498,-0.023645491036879997,-0.8482257016628185,,,sampled_flat_reference,source_and_reference_joint_uncertainty_unavailable
55,2,tip,"[1,-1]",5,1650,800,interval_second_moment_d3,0.00423092321292,0.00409438370913,0.00013653950378999993,0.03334799898835383,,,sampled_flat_reference,source_and_reference_joint_uncertainty_unavailable
55,2,tip,"[1,-1]",5,1650,800,interval_second_moment_d4,0.00423092321292,0.000567225438714,0.003663697774206,6.458980017737302,,,sampled_flat_reference,source_and_reference_joint_uncertainty_unavailable
55,2,tip,"[1,-1]",5,1650,800,interval_second_moment_d5,0.00423092321292,7.71570990227e-05,0.0041537661138973,53.83517740441799,,,sampled_flat_reference,source_and_reference_joint_uncertainty_unavailable
55,2,tip,"[1,-1]",5,1650,800,interval_second_moment_d6,0.00423092321292,1.05269535255e-05,0.0042203962593945,400.91335533791516,,,sampled_flat_reference,source_and_reference_joint_uncertainty_unavailable
89,2,tip,"[1,-1]",6,5098,800,C2_coefficient,0.10474347655483618,0.11428571428571424,-0.009542237730878061,-0.08349458014518307,0.004975359975671656,0.043534399787127004,analytic_flat,reported_marginal_not_reconstructed
89,2,tip,"[1,-1]",6,5098,800,C2_count,2721707.495,2969657.8285714276,-247950.3335714275,-0.08349458014518307,129282.27114,0.043534399787127004,analytic_flat,reported_marginal_not_reconstructed
89,2,tip,"[1,-1]",6,5098,800,C2_dimension,3.10748453617,3,0.10748453616999987,0.035828178723333215,,,analytic_flat,not_retained
89,2,tip,"[1,-1]",6,5098,800,C3_N_over_C2_squared,0.27481767970182136,0.2916666666666668,-0.016848986964845436,-0.05776795530804146,,,analytic_flat,not_retained
89,2,tip,"[1,-1]",6,5098,800,C3_coefficient,0.003015670251439191,0.0038095238095238082,-0.0007938535580846173,-0.20838655899721215,0.0001319551432065205,0.03463822509171164,analytic_flat,reported_marginal_not_reconstructed
89,2,tip,"[1,-1]",6,5098,800,C3_count,399326136.08,504445876.47999984,-105119740.39999986,-0.20838655899721215,17473109.8161,0.03463822509171164,analytic_flat,reported_marginal_not_reconstructed
89,2,tip,"[1,-1]",6,5098,800,C3_dimension,3.11414575258,3,0.11414575257999982,0.038048584193333346,,,analytic_flat,not_retained
89,2,tip,"[1,-1]",6,5098,800,C4_N2_over_C2_cubed,0.024932606383979133,0.035693473193473234,-0.010760866809494101,-0.30147995828721397,,,analytic_flat,not_retained
89,2,tip,"[1,-1]",6,5098,800,C4_coefficient,2.8668455350371904e-05,5.328005328005328e-05,-2.4611597929681376e-05,-0.4619289286427073,3.3685290924925265e-06,0.0632230804047191,analytic_flat,reported_marginal_not_reconstructed
89,2,tip,"[1,-1]",6,5098,800,C4_count,19341598610.5,35946178191.12727,-16604579580.627274,-0.4619289286427074,2272628114.02,0.0632230804047191,analytic_flat,reported_marginal_not_reconstructed
89,2,tip,"[1,-1]",6,5098,800,C4_dimension,3.17306212131,3,0.1730621213100001,0.057687373770000105,,,analytic_flat,not_retained
89,2,tip,"[1,-1]",6,5098,800,cdf_grid_distance_d2,0.340815578691,0.0,0.340815578691,,,,sampled_flat_reference_25_point_grid,source_and_reference_joint_uncertainty_unavailable
89,2,tip,"[1,-1]",6,5098,800,cdf_grid_distance_d3,0.291693382045,0.0,0.291693382045,,,,sampled_flat_reference_25_point_grid,source_and_reference_joint_uncertainty_unavailable
89,2,tip,"[1,-1]",6,5098,800,cdf_grid_distance_d4,0.30753340906899995,0.0,0.30753340906899995,,,,sampled_flat_reference_25_point_grid,source_and_reference_joint_uncertainty_unavailable
89,2,tip,"[1,-1]",6,5098,800,cdf_grid_distance_d5,0.46706040906900004,0.0,0.46706040906900004,,,,sampled_flat_reference_25_point_grid,source_and_reference_joint_uncertainty_unavailable
89,2,tip,"[1,-1]",6,5098,800,cdf_grid_distance_d6,0.5661201822940001,0.0,0.5661201822940001,,,,sampled_flat_reference_25_point_grid,source_and_reference_joint_uncertainty_unavailable
89,2,tip,"[1,-1]",6,5098,800,count_volume_coefficient,1.01294868899,1.0,0.012948688989999901,0.012948688989999901,,,supplied_continuum_volume,deterministic_finite_geometry_not_sampling_error
89,2,tip,"[1,-1]",6,5098,800,empty_interval_weight,0.293714382045,0.0,0.293714382045,,,,continuum_zero_lattice_sensitive_control,not_retained
89,2,tip,"[1,-1]",6,5098,800,interval_mean,0.0420709491047,0.03333333333333333,0.008737615771366669,0.2621284731410001,,,analytic_flat,not_retained
89,2,tip,"[1,-1]",6,5098,800,interval_mean_sampled_reference_d2,0.0420709491047,0.111230923338,-0.0691599742333,-0.6217693080110642,,,sampled_flat_reference,source_and_reference_joint_uncertainty_unavailable
89,2,tip,"[1,-1]",6,5098,800,interval_mean_sampled_reference_d3,0.0420709491047,0.0334036486429,0.008667300461800004,0.2594716689322576,,,sampled_flat_reference,source_and_reference_joint_uncertainty_unavailable
89,2,tip,"[1,-1]",6,5098,800,interval_mean_sampled_reference_d4,0.0420709491047,0.00953169216111,0.03253925694359,3.413796458550408,,,sampled_flat_reference,source_and_reference_joint_uncertainty_unavailable
89,2,tip,"[1,-1]",6,5098,800,interval_mean_sampled_reference_d5,0.0420709491047,0.00264783067105,0.039423118433650005,14.888836686077331,,,sampled_flat_reference,source_and_reference_joint_uncertainty_unavailable
89,2,tip,"[1,-1]",6,5098,800,interval_mean_sampled_reference_d6,0.0420709491047,0.000728317610158,0.041342631494542,56.76456386324807,,,sampled_flat_reference,source_and_reference_joint_uncertainty_unavailable
89,2,tip,"[1,-1]",6,5098,800,interval_second_moment_d2,0.00637368993757,0.0278764142498,-0.02150272431223,-0.7713590463803741,,,sampled_flat_reference,source_and_reference_joint_uncertainty_unavailable
89,2,tip,"[1,-1]",6,5098,800,interval_second_moment_d3,0.00637368993757,0.00409438370913,0.0022793062284399996,0.5566909186741369,,,sampled_flat_reference,source_and_reference_joint_uncertainty_unavailable
89,2,tip,"[1,-1]",6,5098,800,interval_second_moment_d4,0.00637368993757,0.000567225438714,0.005806464498856,10.23660806190265,,,sampled_flat_reference,source_and_reference_joint_uncertainty_unavailable
89,2,tip,"[1,-1]",6,5098,800,interval_second_moment_d5,0.00637368993757,7.71570990227e-05,0.0062965328385473,81.60665600834511,,,sampled_flat_reference,source_and_reference_joint_uncertainty_unavailable
89,2,tip,"[1,-1]",6,5098,800,interval_second_moment_d6,0.00637368993757,1.05269535255e-05,0.0063631629840445,604.4638620879888,,,sampled_flat_reference,source_and_reference_joint_uncertainty_unavailable
144,2,tip,"[1,-1]",8,19177,400,C2_coefficient,0.10329982790988737,0.11428571428571424,-0.01098588637582687,-0.09612650578848514,0.006484301629546449,0.05673763925853145,analytic_flat,reported_marginal_not_reconstructed
144,2,tip,"[1,-1]",8,19177,400,C2_count,37987287.8175,42027217.37142856,-4039929.553928554,-0.09612650578848525,2384525.09826,0.05673763925853145,analytic_flat,reported_marginal_not_reconstructed
144,2,tip,"[1,-1]",8,19177,400,C2_dimension,3.1245412616,3,0.12454126160000012,0.04151375386666678,,,analytic_flat,not_retained
144,2,tip,"[1,-1]",8,19177,400,C3_N_over_C2_squared,0.36115106445231643,0.2916666666666668,0.06948439778564963,0.23823222097937014,,,analytic_flat,not_retained
144,2,tip,"[1,-1]",8,19177,400,C3_coefficient,0.003853991421810139,0.0038095238095238082,4.446761228633087e-05,0.011672748225161955,0.00019532390671130788,0.051272525511718334,analytic_flat,reported_marginal_not_reconstructed
144,2,tip,"[1,-1]",8,19177,400,C3_count,27175954426.9,26862396436.57142,313557990.32858276,0.011672748225161733,1377302906.6,0.05127252551171834,analytic_flat,reported_marginal_not_reconstructed
144,2,tip,"[1,-1]",8,19177,400,C3_dimension,2.99431684342,3,-0.0056831565799999595,-0.0018943855266666532,,,analytic_flat,not_retained
144,2,tip,"[1,-1]",8,19177,400,C4_N2_over_C2_cubed,0.05914855089768285,0.035693473193473234,0.02345507770420962,0.657125115762019,,,analytic_flat,not_retained
144,2,tip,"[1,-1]",8,19177,400,C4_coefficient,6.52094969025919e-05,5.328005328005328e-05,1.192944362253862e-05,0.2239007449905217,9.2688029578381e-06,0.17396384551492383,analytic_flat,reported_marginal_not_reconstructed
144,2,tip,"[1,-1]",8,19177,400,C4_count,8816528881510.0,7203630619228.26,1612898262281.7402,0.2239007449905217,1253171284190.0,0.17396384551492383,analytic_flat,reported_marginal_not_reconstructed
144,2,tip,"[1,-1]",8,19177,400,C4_dimension,2.94333918061,3,-0.056660819389999784,-0.018886939796666558,,,analytic_flat,not_retained
144,2,tip,"[1,-1]",8,19177,400,cdf_grid_distance_d2,0.42579156219799996,0.0,0.42579156219799996,,,,sampled_flat_reference_25_point_grid,source_and_reference_joint_uncertainty_unavailable
144,2,tip,"[1,-1]",8,19177,400,cdf_grid_distance_d3,0.176624575004,0.0,0.176624575004,,,,sampled_flat_reference_25_point_grid,source_and_reference_joint_uncertainty_unavailable
144,2,tip,"[1,-1]",8,19177,400,cdf_grid_distance_d4,0.24294215483500003,0.0,0.24294215483500003,,,,sampled_flat_reference_25_point_grid,source_and_reference_joint_uncertainty_unavailable
144,2,tip,"[1,-1]",8,19177,400,cdf_grid_distance_d5,0.493977677774,0.0,0.493977677774,,,,sampled_flat_reference_25_point_grid,source_and_reference_joint_uncertainty_unavailable
144,2,tip,"[1,-1]",8,19177,400,cdf_grid_distance_d6,0.647314677774,0.0,0.647314677774,,,,sampled_flat_reference_25_point_grid,source_and_reference_joint_uncertainty_unavailable
144,2,tip,"[1,-1]",8,19177,400,count_volume_coefficient,0.993526804581,1.0,-0.006473195419000044,-0.006473195419000044,,,supplied_continuum_volume,deterministic_finite_geometry_not_sampling_error
144,2,tip,"[1,-1]",8,19177,400,empty_interval_weight,0.178645575004,0.0,0.178645575004,,,,continuum_zero_lattice_sensitive_control,not_retained
144,2,tip,"[1,-1]",8,19177,400,interval_mean,0.0300171233724,0.03333333333333333,-0.0033162099609333334,-0.09948629882799997,,,analytic_flat,not_retained
144,2,tip,"[1,-1]",8,19177,400,interval_mean_sampled_reference_d2,0.0300171233724,0.111230923338,-0.08121379996559999,-0.7301368857544563,,,sampled_flat_reference,source_and_reference_joint_uncertainty_unavailable
144,2,tip,"[1,-1]",8,19177,400,interval_mean_sampled_reference_d3,0.0300171233724,0.0334036486429,-0.0033865252704999987,-0.10138189713056422,,,sampled_flat_reference,source_and_reference_joint_uncertainty_unavailable
144,2,tip,"[1,-1]",8,19177,400,interval_mean_sampled_reference_d4,0.0300171233724,0.00953169216111,0.020485431211289998,2.149191441040454,,,sampled_flat_reference,source_and_reference_joint_uncertainty_unavailable
144,2,tip,"[1,-1]",8,19177,400,interval_mean_sampled_reference_d5,0.0300171233724,0.00264783067105,0.02736929270135,10.336496589676814,,,sampled_flat_reference,source_and_reference_joint_uncertainty_unavailable
144,2,tip,"[1,-1]",8,19177,400,interval_mean_sampled_reference_d6,0.0300171233724,0.000728317610158,0.029288805762242,40.21433143143159,,,sampled_flat_reference,source_and_reference_joint_uncertainty_unavailable
144,2,tip,"[1,-1]",8,19177,400,interval_second_moment_d2,0.00336697463434,0.0278764142498,-0.02450943961546,-0.8792178002461648,,,sampled_flat_reference,source_and_reference_joint_uncertainty_unavailable
144,2,tip,"[1,-1]",8,19177,400,interval_second_moment_d3,0.00336697463434,0.00409438370913,-0.0007274090747900006,-0.1776602112713478,,,sampled_flat_reference,source_and_reference_joint_uncertainty_unavailable
144,2,tip,"[1,-1]",8,19177,400,interval_second_moment_d4,0.00336697463434,0.000567225438714,0.0027997491956259996,4.935866772783542,,,sampled_flat_reference,source_and_reference_joint_uncertainty_unavailable
144,2,tip,"[1,-1]",8,19177,400,interval_second_moment_d5,0.00336697463434,7.71570990227e-05,0.0032898175353172996,42.6379111836413,,,sampled_flat_reference,source_and_reference_joint_uncertainty_unavailable
144,2,tip,"[1,-1]",8,19177,400,interval_second_moment_d6,0.00336697463434,1.05269535255e-05,0.0033564476808144996,318.8432125860533,,,sampled_flat_reference,source_and_reference_joint_uncertainty_unavailable
55,2,tip,"[1,0]",5,1648,800,C2_coefficient,0.1204212204007286,0.11428571428571424,0.006135506115014358,0.053685678506375734,0.004959528456232574,0.04339587399203504,analytic_flat,reported_marginal_not_reconstructed
55,2,tip,"[1,0]",5,1648,800,C2_count,326854.02,310200.6857142856,16653.33428571443,0.053685678506375734,13461.4298695,0.04339587399203503,analytic_flat,reported_marginal_not_reconstructed
55,2,tip,"[1,0]",5,1648,800,C2_dimension,2.93524447055,3,-0.06475552945000018,-0.021585176483333357,,,analytic_flat,not_retained
55,2,tip,"[1,0]",5,1648,800,C3_N_over_C2_squared,0.3064281842739837,0.2916666666666668,0.01476151760731692,0.050610917510800935,,,analytic_flat,not_retained
55,2,tip,"[1,0]",5,1648,800,C3_coefficient,0.004446297568907273,0.0038095238095238082,0.0006367737593834647,0.1671531118381595,0.0001778820448984763,0.046694036785850046,analytic_flat,reported_marginal_not_reconstructed
55,2,tip,"[1,0]",5,1648,800,C3_count,19864569.7,17019677.62285714,2844892.0771428607,0.1671531118381595,794717.453005,0.04669403678585004,analytic_flat,reported_marginal_not_reconstructed
55,2,tip,"[1,0]",5,1648,800,C3_dimension,2.92418945754,3,-0.07581054246000019,-0.0252701808200001,,,analytic_flat,not_retained
55,2,tip,"[1,0]",5,1648,800,C4_N2_over_C2_cubed,0.03345873271449042,0.035693473193473234,-0.0022347404789828107,-0.0626092189703592,,,analytic_flat,not_retained
55,2,tip,"[1,0]",5,1648,800,C4_coefficient,5.853424559308458e-05,5.328005328005328e-05,5.254192313031298e-06,0.09861462197520621,6.926647765514881e-06,0.13000452024900744,analytic_flat,reported_marginal_not_reconstructed
55,2,tip,"[1,0]",5,1648,800,C4_count,430186289.76,391571604.05034965,38614685.70965034,0.09861462197520621,50906078.5277,0.13000452024900744,analytic_flat,reported_marginal_not_reconstructed
55,2,tip,"[1,0]",5,1648,800,C4_dimension,2.97364024801,3,-0.026359751989999847,-0.008786583996666653,,,analytic_flat,not_retained
55,2,tip,"[1,0]",5,1648,800,cdf_grid_distance_d2,0.431732109683,0.0,0.431732109683,,,,sampled_flat_reference_25_point_grid,source_and_reference_joint_uncertainty_unavailable
55,2,tip,"[1,0]",5,1648,800,cdf_grid_distance_d3,0.429770109683,0.0,0.429770109683,,,,sampled_flat_reference_25_point_grid,source_and_reference_joint_uncertainty_unavailable
55,2,tip,"[1,0]",5,1648,800,cdf_grid_distance_d4,0.412611109683,0.0,0.412611109683,,,,sampled_flat_reference_25_point_grid,source_and_reference_joint_uncertainty_unavailable
55,2,tip,"[1,0]",5,1648,800,cdf_grid_distance_d5,0.39304923007900006,0.0,0.39304923007900006,,,,sampled_flat_reference_25_point_grid,source_and_reference_joint_uncertainty_unavailable
55,2,tip,"[1,0]",5,1648,800,cdf_grid_distance_d6,0.472238663528,0.0,0.472238663528,,,,sampled_flat_reference_25_point_grid,source_and_reference_joint_uncertainty_unavailable
55,2,tip,"[1,0]",5,1648,800,count_volume_coefficient,0.915621281334,1.0,-0.084378718666,-0.084378718666,,,supplied_continuum_volume,deterministic_finite_geometry_not_sampling_error
55,2,tip,"[1,0]",5,1648,800,empty_interval_weight,0.431791109683,0.0,0.431791109683,,,,continuum_zero_lattice_sensitive_control,not_retained
55,2,tip,"[1,0]",5,1648,800,interval_mean,0.0333204522006,0.03333333333333333,-1.288113273333058e-05,-0.00038643398199988965,,,analytic_flat,not_retained
55,2,tip,"[1,0]",5,1648,800,interval_mean_sampled_reference_d2,0.0333204522006,0.111230923338,-0.07791047113739999,-0.700438949883133,,,sampled_flat_reference,source_and_reference_joint_uncertainty_unavailable
55,2,tip,"[1,0]",5,1648,800,interval_mean_sampled_reference_d3,0.0333204522006,0.0334036486429,-8.31964422999959e-05,-0.002490639366657277,,,sampled_flat_reference,source_and_reference_joint_uncertainty_unavailable
55,2,tip,"[1,0]",5,1648,800,interval_mean_sampled_reference_d4,0.0333204522006,0.00953169216111,0.02378876003949,2.4957541260669203,,,sampled_flat_reference,source_and_reference_joint_uncertainty_unavailable
55,2,tip,"[1,0]",5,1648,800,interval_mean_sampled_reference_d5,0.0333204522006,0.00264783067105,0.03067262152955,11.584057041452255,,,sampled_flat_reference,source_and_reference_joint_uncertainty_unavailable
55,2,tip,"[1,0]",5,1648,800,interval_mean_sampled_reference_d6,0.0333204522006,0.000728317610158,0.032592134590442,44.749892266605386,,,sampled_flat_reference,source_and_reference_joint_uncertainty_unavailable
55,2,tip,"[1,0]",5,1648,800,interval_second_moment_d2,0.00412858029122,0.0278764142498,-0.02374783395858,-0.8518970103463138,,,sampled_flat_reference,source_and_reference_joint_uncertainty_unavailable
55,2,tip,"[1,0]",5,1648,800,interval_second_moment_d3,0.00412858029122,0.00409438370913,3.419658208999969e-05,0.008352070670305078,,,sampled_flat_reference,source_and_reference_joint_uncertainty_unavailable
55,2,tip,"[1,0]",5,1648,800,interval_second_moment_d4,0.00412858029122,0.000567225438714,0.003561354852506,6.2785527753836625,,,sampled_flat_reference,source_and_reference_joint_uncertainty_unavailable
55,2,tip,"[1,0]",5,1648,800,interval_second_moment_d5,0.00412858029122,7.71570990227e-05,0.0040514231921973,52.5087547810131,,,sampled_flat_reference,source_and_reference_joint_uncertainty_unavailable
55,2,tip,"[1,0]",5,1648,800,interval_second_moment_d6,0.00412858029122,1.05269535255e-05,0.0041180533376945,391.1913667823383,,,sampled_flat_reference,source_and_reference_joint_uncertainty_unavailable
89,2,tip,"[1,0]",6,5099,800,C2_coefficient,0.10283689682228324,0.11428571428571424,-0.011448817463431002,-0.10017715280502126,0.004755118729731928,0.041607288885154387,analytic_flat,reported_marginal_not_reconstructed
89,2,tip,"[1,0]",6,5099,800,C2_count,2673214.4875,2970823.0857142843,-297608.5982142845,-0.10017715280502126,123607.894354,0.041607288885154387,analytic_flat,reported_marginal_not_reconstructed
89,2,tip,"[1,0]",6,5099,800,C2_dimension,3.13005829598,3,0.13005829598000007,0.043352765326666765,,,analytic_flat,not_retained
89,2,tip,"[1,0]",6,5099,800,C3_N_over_C2_squared,0.30932662698261754,0.2916666666666668,0.01765996031595074,0.06054843536897403,,,analytic_flat,not_retained
89,2,tip,"[1,0]",6,5099,800,C3_coefficient,0.003271903071776696,0.0038095238095238082,-0.000537620737747112,-0.141125443658617,0.00013398312629788362,0.03517057065319446,analytic_flat,reported_marginal_not_reconstructed
89,2,tip,"[1,0]",6,5099,800,C3_count,433510784.715,504742842.26285696,-71232057.54785699,-0.1411254436586169,17752093.7955,0.03517057065319446,analytic_flat,reported_marginal_not_reconstructed
89,2,tip,"[1,0]",6,5099,800,C3_dimension,3.07437324398,3,0.07437324397999978,0.02479108132666652,,,analytic_flat,not_retained
89,2,tip,"[1,0]",6,5099,800,C4_N2_over_C2_cubed,0.026489214006886315,0.035693473193473234,-0.009204259186586919,-0.25786953084380626,,,analytic_flat,not_retained
89,2,tip,"[1,0]",6,5099,800,C4_coefficient,2.8825149633269997e-05,5.328005328005328e-05,-2.4454903646783283e-05,-0.4589879728205637,3.2315852401832686e-06,0.06065281547668972,analytic_flat,reported_marginal_not_reconstructed
89,2,tip,"[1,0]",6,5099,800,C4_count,19462582496.8,35974398939.461815,-16511816442.661816,-0.4589879728205637,2181948580.76,0.06065281547668973,analytic_flat,reported_marginal_not_reconstructed
89,2,tip,"[1,0]",6,5099,800,C4_dimension,3.17154467251,3,0.17154467251000005,0.057181557503333424,,,analytic_flat,not_retained
89,2,tip,"[1,0]",6,5099,800,cdf_grid_distance_d2,0.35378844111999996,0.0,0.35378844111999996,,,,sampled_flat_reference_25_point_grid,source_and_reference_joint_uncertainty_unavailable
89,2,tip,"[1,0]",6,5099,800,cdf_grid_distance_d3,0.230832293913,0.0,0.230832293913,,,,sampled_flat_reference_25_point_grid,source_and_reference_joint_uncertainty_unavailable
89,2,tip,"[1,0]",6,5099,800,cdf_grid_distance_d4,0.28240355888,0.0,0.28240355888,,,,sampled_flat_reference_25_point_grid,source_and_reference_joint_uncertainty_unavailable
89,2,tip,"[1,0]",6,5099,800,cdf_grid_distance_d5,0.482618741017,0.0,0.482618741017,,,,sampled_flat_reference_25_point_grid,source_and_reference_joint_uncertainty_unavailable
89,2,tip,"[1,0]",6,5099,800,cdf_grid_distance_d6,0.603314099783,0.0,0.603314099783,,,,sampled_flat_reference_25_point_grid,source_and_reference_joint_uncertainty_unavailable
89,2,tip,"[1,0]",6,5099,800,count_volume_coefficient,1.0131473843,1.0,0.013147384300000065,0.013147384300000065,,,supplied_continuum_volume,deterministic_finite_geometry_not_sampling_error
89,2,tip,"[1,0]",6,5099,800,empty_interval_weight,0.232853293913,0.0,0.232853293913,,,,continuum_zero_lattice_sensitive_control,not_retained
89,2,tip,"[1,0]",6,5099,800,interval_mean,0.0330150500129,0.03333333333333333,-0.0003182833204333352,-0.009548499613000083,,,analytic_flat,not_retained
89,2,tip,"[1,0]",6,5099,800,interval_mean_sampled_reference_d2,0.0330150500129,0.111230923338,-0.0782158733251,-0.7031846089007425,,,sampled_flat_reference,source_and_reference_joint_uncertainty_unavailable
89,2,tip,"[1,0]",6,5099,800,interval_mean_sampled_reference_d3,0.0330150500129,0.0334036486429,-0.0003885986300000005,-0.01163341867693235,,,sampled_flat_reference,source_and_reference_joint_uncertainty_unavailable
89,2,tip,"[1,0]",6,5099,800,interval_mean_sampled_reference_d4,0.0330150500129,0.00953169216111,0.023483357851789996,2.463713415714768,,,sampled_flat_reference,source_and_reference_joint_uncertainty_unavailable
89,2,tip,"[1,0]",6,5099,800,interval_mean_sampled_reference_d5,0.0330150500129,0.00264783067105,0.030367219341849997,11.468716513434691,,,sampled_flat_reference,source_and_reference_joint_uncertainty_unavailable
89,2,tip,"[1,0]",6,5099,800,interval_mean_sampled_reference_d6,0.0330150500129,0.000728317610158,0.032286732402742,44.33056670940274,,,sampled_flat_reference,source_and_reference_joint_uncertainty_unavailable
89,2,tip,"[1,0]",6,5099,800,interval_second_moment_d2,0.00320551268654,0.0278764142498,-0.02467090156326,-0.8850098632551711,,,sampled_flat_reference,source_and_reference_joint_uncertainty_unavailable
89,2,tip,"[1,0]",6,5099,800,interval_second_moment_d3,0.00320551268654,0.00409438370913,-0.0008888710225900005,-0.2170951932540962,,,sampled_flat_reference,source_and_reference_joint_uncertainty_unavailable
89,2,tip,"[1,0]",6,5099,800,interval_second_moment_d4,0.00320551268654,0.000567225438714,0.0026382872478259997,4.651214610204122,,,sampled_flat_reference,source_and_reference_joint_uncertainty_unavailable
89,2,tip,"[1,0]",6,5099,800,interval_second_moment_d5,0.00320551268654,7.71570990227e-05,0.0031283555875172998,40.54527227101841,,,sampled_flat_reference,source_and_reference_joint_uncertainty_unavailable
89,2,tip,"[1,0]",6,5099,800,interval_second_moment_d6,0.00320551268654,1.05269535255e-05,0.0031949857330145,303.5052567939163,,,sampled_flat_reference,source_and_reference_joint_uncertainty_unavailable
144,2,tip,"[1,0]",8,19170,400,C2_coefficient,0.11399460065731129,0.11428571428571424,-0.0002911136284029503,-0.002547244248525815,0.007264306730597919,0.06356268389273181,analytic_flat,reported_marginal_not_reconstructed
144,2,tip,"[1,0]",8,19170,400,C2_count,41889565.125,41996540.57142855,-106975.44642855227,-0.002547244248525815,2669412.83293,0.06356268389273181,analytic_flat,reported_marginal_not_reconstructed
144,2,tip,"[1,0]",8,19170,400,C2_dimension,3.00315261094,3,0.003152610939999967,0.0010508703133333963,,,analytic_flat,not_retained
144,2,tip,"[1,0]",8,19170,400,C3_N_over_C2_squared,0.2809305226074632,0.2916666666666668,-0.01073614405920359,-0.03680963677441229,,,analytic_flat,not_retained
144,2,tip,"[1,0]",8,19170,400,C3_coefficient,0.003650817694698509,0.0038095238095238082,-0.00015870611482529922,-0.041660355141641014,0.00019861432229601944,0.05213625960270512,analytic_flat,reported_marginal_not_reconstructed
144,2,tip,"[1,0]",8,19170,400,C3_count,25715117777.2,26832989655.77142,-1117871878.5714188,-0.041660355141641126,1398971714.61,0.05213625960270512,analytic_flat,reported_marginal_not_reconstructed
144,2,tip,"[1,0]",8,19170,400,C3_dimension,3.0208266954,3,0.020826695399999817,0.006942231799999865,,,analytic_flat,not_retained
144,2,tip,"[1,0]",8,19170,400,C4_N2_over_C2_cubed,0.0404650470351523,0.035693473193473234,0.004771573841679068,0.1336819708134085,,,analytic_flat,not_retained
144,2,tip,"[1,0]",8,19170,400,C4_coefficient,5.9951612030366426e-05,5.328005328005328e-05,6.671558750313146e-06,0.1252168182949398,9.06949067156812e-06,0.17022300304199414,analytic_flat,reported_marginal_not_reconstructed
144,2,tip,"[1,0]",8,19170,400,C4_count,8093816967670.0,7193117660589.804,900699307080.1963,0.1252168182949398,1224434089420.0,0.17022300304199414,analytic_flat,reported_marginal_not_reconstructed
144,2,tip,"[1,0]",8,19170,400,C4_dimension,2.96693017463,3,-0.03306982537000014,-0.011023275123333343,,,analytic_flat,not_retained
144,2,tip,"[1,0]",8,19170,400,cdf_grid_distance_d2,0.40093027713600005,0.0,0.40093027713600005,,,,sampled_flat_reference_25_point_grid,source_and_reference_joint_uncertainty_unavailable
144,2,tip,"[1,0]",8,19170,400,cdf_grid_distance_d3,0.17773679833300002,0.0,0.17773679833300002,,,,sampled_flat_reference_25_point_grid,source_and_reference_joint_uncertainty_unavailable
144,2,tip,"[1,0]",8,19170,400,cdf_grid_distance_d4,0.29023980898999996,0.0,0.29023980898999996,,,,sampled_flat_reference_25_point_grid,source_and_reference_joint_uncertainty_unavailable
144,2,tip,"[1,0]",8,19170,400,cdf_grid_distance_d5,0.5050717664700001,0.0,0.5050717664700001,,,,sampled_flat_reference_25_point_grid,source_and_reference_joint_uncertainty_unavailable
144,2,tip,"[1,0]",8,19170,400,cdf_grid_distance_d6,0.645850571119,0.0,0.645850571119,,,,sampled_flat_reference_25_point_grid,source_and_reference_joint_uncertainty_unavailable
144,2,tip,"[1,0]",8,19170,400,count_volume_coefficient,0.993164146833,1.0,-0.006835853166999972,-0.006835853166999972,,,supplied_continuum_volume,deterministic_finite_geometry_not_sampling_error
144,2,tip,"[1,0]",8,19170,400,empty_interval_weight,0.179757798333,0.0,0.179757798333,,,,continuum_zero_lattice_sensitive_control,not_retained
144,2,tip,"[1,0]",8,19170,400,interval_mean,0.0362569702137,0.03333333333333333,0.0029236368803666687,0.08770910641100005,,,analytic_flat,not_retained
144,2,tip,"[1,0]",8,19170,400,interval_mean_sampled_reference_d2,0.0362569702137,0.111230923338,-0.0749739531243,-0.6740387553600979,,,sampled_flat_reference,source_and_reference_joint_uncertainty_unavailable
144,2,tip,"[1,0]",8,19170,400,interval_mean_sampled_reference_d3,0.0362569702137,0.0334036486429,0.0028533215708000034,0.0854194582544947,,,sampled_flat_reference,source_and_reference_joint_uncertainty_unavailable
144,2,tip,"[1,0]",8,19170,400,interval_mean_sampled_reference_d4,0.0362569702137,0.00953169216111,0.02672527805259,2.80383352723361,,,sampled_flat_reference,source_and_reference_joint_uncertainty_unavailable
144,2,tip,"[1,0]",8,19170,400,interval_mean_sampled_reference_d5,0.0362569702137,0.00264783067105,0.033609139542650004,12.693084912911845,,,sampled_flat_reference,source_and_reference_joint_uncertainty_unavailable
144,2,tip,"[1,0]",8,19170,400,interval_mean_sampled_reference_d6,0.0362569702137,0.000728317610158,0.035528652603542,48.78181181948144,,,sampled_flat_reference,source_and_reference_joint_uncertainty_unavailable
144,2,tip,"[1,0]",8,19170,400,interval_second_moment_d2,0.00554661360615,0.0278764142498,-0.022329800643649998,-0.8010284408731014,,,sampled_flat_reference,source_and_reference_joint_uncertainty_unavailable
144,2,tip,"[1,0]",8,19170,400,interval_second_moment_d3,0.00554661360615,0.00409438370913,0.0014522298970199993,0.35468827549838466,,,sampled_flat_reference,source_and_reference_joint_uncertainty_unavailable
144,2,tip,"[1,0]",8,19170,400,interval_second_moment_d4,0.00554661360615,0.000567225438714,0.0049793881674359995,8.778499389458185,,,sampled_flat_reference,source_and_reference_joint_uncertainty_unavailable
144,2,tip,"[1,0]",8,19170,400,interval_second_moment_d5,0.00554661360615,7.71570990227e-05,0.0054694565071272995,70.887275136124,,,sampled_flat_reference,source_and_reference_joint_uncertainty_unavailable
144,2,tip,"[1,0]",8,19170,400,interval_second_moment_d6,0.00554661360615,1.05269535255e-05,0.0055360866526244995,525.8963706084711,,,sampled_flat_reference,source_and_reference_joint_uncertainty_unavailable
55,2,tip,"[1,1]",5,1654,800,C2_coefficient,0.1270659407138536,0.11428571428571424,0.012780226428139363,0.11182698124621937,0.005406717761740589,0.04730878041523017,analytic_flat,reported_marginal_not_reconstructed
55,2,tip,"[1,1]",5,1654,800,C2_count,347406.16,312464.22857142845,34941.93142857152,0.11182698124621937,14782.3015771,0.04730878041523017,analytic_flat,reported_marginal_not_reconstructed
55,2,tip,"[1,1]",5,1654,800,C2_dimension,2.868497554,3,-0.13150244599999983,-0.04383414866666657,,,analytic_flat,not_retained
55,2,tip,"[1,1]",5,1654,800,C3_N_over_C2_squared,0.25962877712331717,0.2916666666666668,-0.03203788954334963,-0.10984419272005586,,,analytic_flat,not_retained
55,2,tip,"[1,1]",5,1654,800,C3_coefficient,0.004194439653341419,0.0038095238095238082,0.0003849158438176104,0.10104040900212286,0.00017063458502656514,0.04479157856947336,analytic_flat,reported_marginal_not_reconstructed
55,2,tip,"[1,1]",5,1654,800,C3_count,18944901.5275,17206363.519999996,1738538.007500004,0.10104040900212286,770700.183501,0.04479157856947336,analytic_flat,reported_marginal_not_reconstructed
55,2,tip,"[1,1]",5,1654,800,C3_dimension,2.95281975021,3,-0.047180249789999795,-0.015726749929999895,,,analytic_flat,not_retained
55,2,tip,"[1,1]",5,1654,800,C4_N2_over_C2_cubed,0.027848000923900364,0.035693473193473234,-0.00784547226957287,-0.21980131289121685,,,analytic_flat,not_retained
55,2,tip,"[1,1]",5,1654,800,C4_coefficient,5.723610657984027e-05,5.328005328005328e-05,3.956053299786989e-06,0.07425017537037704,6.653686635071338e-06,0.12488138103199518,analytic_flat,reported_marginal_not_reconstructed
55,2,tip,"[1,1]",5,1654,800,C4_count,426810955.757,397310575.82545453,29500379.931545496,0.07425017537037704,49616693.4077,0.12488138103199518,analytic_flat,reported_marginal_not_reconstructed
55,2,tip,"[1,1]",5,1654,800,C4_dimension,2.97992840203,3,-0.02007159796999991,-0.006690532656666637,,,analytic_flat,not_retained
55,2,tip,"[1,1]",5,1654,800,cdf_grid_distance_d2,0.47497551723500003,0.0,0.47497551723500003,,,,sampled_flat_reference_25_point_grid,source_and_reference_joint_uncertainty_unavailable
55,2,tip,"[1,1]",5,1654,800,cdf_grid_distance_d3,0.473013517235,0.0,0.473013517235,,,,sampled_flat_reference_25_point_grid,source_and_reference_joint_uncertainty_unavailable
55,2,tip,"[1,1]",5,1654,800,cdf_grid_distance_d4,0.45585451723500003,0.0,0.45585451723500003,,,,sampled_flat_reference_25_point_grid,source_and_reference_joint_uncertainty_unavailable
55,2,tip,"[1,1]",5,1654,800,cdf_grid_distance_d5,0.395027517235,0.0,0.395027517235,,,,sampled_flat_reference_25_point_grid,source_and_reference_joint_uncertainty_unavailable
55,2,tip,"[1,1]",5,1654,800,cdf_grid_distance_d6,0.439111531708,0.0,0.439111531708,,,,sampled_flat_reference_25_point_grid,source_and_reference_joint_uncertainty_unavailable
55,2,tip,"[1,1]",5,1654,800,count_volume_coefficient,0.91895485396,1.0,-0.08104514604000002,-0.08104514604000002,,,supplied_continuum_volume,deterministic_finite_geometry_not_sampling_error
55,2,tip,"[1,1]",5,1654,800,empty_interval_weight,0.475034517235,0.0,0.475034517235,,,,continuum_zero_lattice_sensitive_control,not_retained
55,2,tip,"[1,1]",5,1654,800,interval_mean,0.0305254878037,0.03333333333333333,-0.0028078455296333335,-0.08423536588900005,,,analytic_flat,not_retained
55,2,tip,"[1,1]",5,1654,800,interval_mean_sampled_reference_d2,0.0305254878037,0.111230923338,-0.0807054355343,-0.7255665341288098,,,sampled_flat_reference,source_and_reference_joint_uncertainty_unavailable
55,2,tip,"[1,1]",5,1654,800,interval_mean_sampled_reference_d3,0.0305254878037,0.0334036486429,-0.002878160839199999,-0.08616306769265925,,,sampled_flat_reference,source_and_reference_joint_uncertainty_unavailable
55,2,tip,"[1,1]",5,1654,800,interval_mean_sampled_reference_d4,0.0305254878037,0.00953169216111,0.020993795642589998,2.202525562905422,,,sampled_flat_reference,source_and_reference_joint_uncertainty_unavailable
55,2,tip,"[1,1]",5,1654,800,interval_mean_sampled_reference_d5,0.0305254878037,0.00264783067105,0.02787765713265,10.528489392259772,,,sampled_flat_reference,source_and_reference_joint_uncertainty_unavailable
55,2,tip,"[1,1]",5,1654,800,interval_mean_sampled_reference_d6,0.0305254878037,0.000728317610158,0.029797170193542,40.91232970060665,,,sampled_flat_reference,source_and_reference_joint_uncertainty_unavailable
55,2,tip,"[1,1]",5,1654,800,interval_second_moment_d2,0.00378156999404,0.0278764142498,-0.02409484425576,-0.8643451786821137,,,sampled_flat_reference,source_and_reference_joint_uncertainty_unavailable
55,2,tip,"[1,1]",5,1654,800,interval_second_moment_d3,0.00378156999404,0.00409438370913,-0.00031281371509000056,-0.07640068379337828,,,sampled_flat_reference,source_and_reference_joint_uncertainty_unavailable
55,2,tip,"[1,1]",5,1654,800,interval_second_moment_d4,0.00378156999404,0.000567225438714,0.0032143445553259996,5.666784907625944,,,sampled_flat_reference,source_and_reference_joint_uncertainty_unavailable
55,2,tip,"[1,1]",5,1654,800,interval_second_moment_d5,0.00378156999404,7.71570990227e-05,0.0037044128950172997,48.0113034566974,,,sampled_flat_reference,source_and_reference_joint_uncertainty_unavailable
55,2,tip,"[1,1]",5,1654,800,interval_second_moment_d6,0.00378156999404,1.05269535255e-05,0.0037710430405144997,358.22738567047924,,,sampled_flat_reference,source_and_reference_joint_uncertainty_unavailable
89,2,tip,"[1,1]",6,5087,800,C2_coefficient,0.09624803381832481,0.11428571428571424,-0.018037680467389433,-0.15782970408965757,0.004409086937581018,0.03857951070383392,analytic_flat,reported_marginal_not_reconstructed
89,2,tip,"[1,1]",6,5087,800,C2_count,2490175.5225,2956855.0857142843,-466679.56321428437,-0.15782970408965746,114074.022429,0.038579510703833926,analytic_flat,reported_marginal_not_reconstructed
89,2,tip,"[1,1]",6,5087,800,C2_dimension,3.21122597441,3,0.21122597441000002,0.07040865813666675,,,analytic_flat,not_retained
89,2,tip,"[1,1]",6,5087,800,C3_N_over_C2_squared,0.34785897702453655,0.2916666666666668,0.05619231035786976,0.1926593497984106,,,analytic_flat,not_retained
89,2,tip,"[1,1]",6,5087,800,C3_coefficient,0.0032230893624757085,0.0038095238095238082,-0.0005864344470480998,-0.15393904235012623,0.00013946388206692906,0.03660926904256889,analytic_flat,reported_marginal_not_reconstructed
89,2,tip,"[1,1]",6,5087,800,C3_count,424034699.904,501186937.02857125,-77152237.12457126,-0.15393904235012623,18348087.4183,0.03660926904256889,analytic_flat,reported_marginal_not_reconstructed
89,2,tip,"[1,1]",6,5087,800,C3_dimension,3.08170910486,3,0.08170910485999983,0.027236368286666535,,,analytic_flat,not_retained
89,2,tip,"[1,1]",6,5087,800,C4_N2_over_C2_cubed,0.04178703991715378,0.035693473193473234,0.006093566723680548,0.170719355066707,,,analytic_flat,not_retained
89,2,tip,"[1,1]",6,5087,800,C4_coefficient,3.727978677056561e-05,5.328005328005328e-05,-1.6000266509487672e-05,-0.3003050020499467,4.307210873812421e-06,0.08084096408786687,analytic_flat,reported_marginal_not_reconstructed
89,2,tip,"[1,1]",6,5087,800,C4_count,24934921899.1,35636844585.36024,-10701922686.260239,-0.3003050020499467,2880916873.33,0.08084096408786687,analytic_flat,reported_marginal_not_reconstructed
89,2,tip,"[1,1]",6,5087,800,C4_dimension,3.09985116464,3,0.09985116463999999,0.03328372154666659,,,analytic_flat,not_retained
89,2,tip,"[1,1]",6,5087,800,cdf_grid_distance_d2,0.426471828499,0.0,0.426471828499,,,,sampled_flat_reference_25_point_grid,source_and_reference_joint_uncertainty_unavailable
89,2,tip,"[1,1]",6,5087,800,cdf_grid_distance_d3,0.313409500442,0.0,0.313409500442,,,,sampled_flat_reference_25_point_grid,source_and_reference_joint_uncertainty_unavailable
89,2,tip,"[1,1]",6,5087,800,cdf_grid_distance_d4,0.296250500442,0.0,0.296250500442,,,,sampled_flat_reference_25_point_grid,source_and_reference_joint_uncertainty_unavailable
89,2,tip,"[1,1]",6,5087,800,cdf_grid_distance_d5,0.4331855376420001,0.0,0.4331855376420001,,,,sampled_flat_reference_25_point_grid,source_and_reference_joint_uncertainty_unavailable
89,2,tip,"[1,1]",6,5087,800,cdf_grid_distance_d6,0.53908598235,0.0,0.53908598235,,,,sampled_flat_reference_25_point_grid,source_and_reference_joint_uncertainty_unavailable
89,2,tip,"[1,1]",6,5087,800,count_volume_coefficient,1.01076304058,1.0,0.010763040580000105,0.010763040580000105,,,supplied_continuum_volume,deterministic_finite_geometry_not_sampling_error
89,2,tip,"[1,1]",6,5087,800,empty_interval_weight,0.315430500442,0.0,0.315430500442,,,,continuum_zero_lattice_sensitive_control,not_retained
89,2,tip,"[1,1]",6,5087,800,interval_mean,0.0270562002121,0.03333333333333333,-0.006277133121233333,-0.18831399363699997,,,analytic_flat,not_retained
89,2,tip,"[1,1]",6,5087,800,interval_mean_sampled_reference_d2,0.0270562002121,0.111230923338,-0.08417472312589999,-0.756756490010573,,,sampled_flat_reference,source_and_reference_joint_uncertainty_unavailable
89,2,tip,"[1,1]",6,5087,800,interval_mean_sampled_reference_d3,0.0270562002121,0.0334036486429,-0.006347448430799998,-0.19002260796888004,,,sampled_flat_reference,source_and_reference_joint_uncertainty_unavailable
89,2,tip,"[1,1]",6,5087,800,interval_mean_sampled_reference_d4,0.0270562002121,0.00953169216111,0.017524508050989998,1.838551618619333,,,sampled_flat_reference,source_and_reference_joint_uncertainty_unavailable
89,2,tip,"[1,1]",6,5087,800,interval_mean_sampled_reference_d5,0.0270562002121,0.00264783067105,0.02440836954105,9.218251683507704,,,sampled_flat_reference,source_and_reference_joint_uncertainty_unavailable
89,2,tip,"[1,1]",6,5087,800,interval_mean_sampled_reference_d6,0.0270562002121,0.000728317610158,0.026327882601942,36.14890294390997,,,sampled_flat_reference,source_and_reference_joint_uncertainty_unavailable
89,2,tip,"[1,1]",6,5087,800,interval_second_moment_d2,0.00303187367036,0.0278764142498,-0.024844540579439998,-0.8912387496041837,,,sampled_flat_reference,source_and_reference_joint_uncertainty_unavailable
89,2,tip,"[1,1]",6,5087,800,interval_second_moment_d3,0.00303187367036,0.00409438370913,-0.0010625100387700002,-0.25950426590471387,,,sampled_flat_reference,source_and_reference_joint_uncertainty_unavailable
89,2,tip,"[1,1]",6,5087,800,interval_second_moment_d4,0.00303187367036,0.000567225438714,0.002464648231646,4.345094672118006,,,sampled_flat_reference,source_and_reference_joint_uncertainty_unavailable
89,2,tip,"[1,1]",6,5087,800,interval_second_moment_d5,0.00303187367036,7.71570990227e-05,0.0029547165713373,38.29481160855993,,,sampled_flat_reference,source_and_reference_joint_uncertainty_unavailable
89,2,tip,"[1,1]",6,5087,800,interval_second_moment_d6,0.00303187367036,1.05269535255e-05,0.0030213467168345,287.0105495873741,,,sampled_flat_reference,source_and_reference_joint_uncertainty_unavailable
144,2,tip,"[1,1]",8,19177,400,C2_coefficient,0.09612601689612014,0.11428571428571424,-0.018159697389594096,-0.1588973521589484,0.006340108967643912,0.05547595346688425,analytic_flat,reported_marginal_not_reconstructed
144,2,tip,"[1,1]",8,19177,400,C2_count,35349203.8125,42027217.37142856,-6678013.558928557,-0.1588973521589484,2331499.95524,0.05547595346688425,analytic_flat,reported_marginal_not_reconstructed
144,2,tip,"[1,1]",8,19177,400,C2_dimension,3.21277796991,3,0.21277796990999986,0.07092598996999988,,,analytic_flat,not_retained
144,2,tip,"[1,1]",8,19177,400,C3_N_over_C2_squared,0.3739731499073387,0.2916666666666668,0.08230648324067191,0.2821936568251606,,,analytic_flat,not_retained
144,2,tip,"[1,1]",8,19177,400,C3_coefficient,0.0034557710733116444,0.0038095238095238082,-0.00035375273621216386,-0.092860093255693,0.0001803160290563852,0.04733295762730113,analytic_flat,reported_marginal_not_reconstructed
144,2,tip,"[1,1]",8,19177,400,C3_count,24367951798.4,26862396436.57142,-2494444638.171417,-0.092860093255693,1271476672.3,0.04733295762730114,analytic_flat,reported_marginal_not_reconstructed
144,2,tip,"[1,1]",8,19177,400,C3_dimension,3.04767168958,3,0.04767168958000001,0.015890563193333263,,,analytic_flat,not_retained
144,2,tip,"[1,1]",8,19177,400,C4_N2_over_C2_cubed,0.03935505331605563,0.035693473193473234,0.0036615801225823932,0.10258402433226732,,,analytic_flat,not_retained
144,2,tip,"[1,1]",8,19177,400,C4_coefficient,3.4961599454283954e-05,5.328005328005328e-05,-1.8318453825769326e-05,-0.343814480242408,4.610817433064217e-06,0.08653927969682403,analytic_flat,reported_marginal_not_reconstructed
144,2,tip,"[1,1]",8,19177,400,C4_count,4726918102020.0,7203630619228.26,-2476712517208.26,-0.343814480242408,623397004990.0,0.08653927969682403,analytic_flat,reported_marginal_not_reconstructed
144,2,tip,"[1,1]",8,19177,400,C4_dimension,3.11776371532,3,0.11776371532000018,0.03925457177333347,,,analytic_flat,not_retained
144,2,tip,"[1,1]",8,19177,400,cdf_grid_distance_d2,0.43030264323699996,0.0,0.43030264323699996,,,,sampled_flat_reference_25_point_grid,source_and_reference_joint_uncertainty_unavailable
144,2,tip,"[1,1]",8,19177,400,cdf_grid_distance_d3,0.135307857695,0.0,0.135307857695,,,,sampled_flat_reference_25_point_grid,source_and_reference_joint_uncertainty_unavailable
144,2,tip,"[1,1]",8,19177,400,cdf_grid_distance_d4,0.28035195365,0.0,0.28035195365,,,,sampled_flat_reference_25_point_grid,source_and_reference_joint_uncertainty_unavailable
144,2,tip,"[1,1]",8,19177,400,cdf_grid_distance_d5,0.48585595365,0.0,0.48585595365,,,,sampled_flat_reference_25_point_grid,source_and_reference_joint_uncertainty_unavailable
144,2,tip,"[1,1]",8,19177,400,cdf_grid_distance_d6,0.647762585325,0.0,0.647762585325,,,,sampled_flat_reference_25_point_grid,source_and_reference_joint_uncertainty_unavailable
144,2,tip,"[1,1]",8,19177,400,count_volume_coefficient,0.993526804581,1.0,-0.006473195419000044,-0.006473195419000044,,,supplied_continuum_volume,deterministic_finite_geometry_not_sampling_error
144,2,tip,"[1,1]",8,19177,400,empty_interval_weight,0.137328857695,0.0,0.137328857695,,,,continuum_zero_lattice_sensitive_control,not_retained
144,2,tip,"[1,1]",8,19177,400,interval_mean,0.0260621853009,0.03333333333333333,-0.007271148032433332,-0.21813444097299994,,,analytic_flat,not_retained
144,2,tip,"[1,1]",8,19177,400,interval_mean_sampled_reference_d2,0.0260621853009,0.111230923338,-0.0851687380371,-0.7656929878959629,,,sampled_flat_reference,source_and_reference_joint_uncertainty_unavailable
144,2,tip,"[1,1]",8,19177,400,interval_mean_sampled_reference_d3,0.0260621853009,0.0334036486429,-0.007341463341999997,-0.2197802827015557,,,sampled_flat_reference,source_and_reference_joint_uncertainty_unavailable
144,2,tip,"[1,1]",8,19177,400,interval_mean_sampled_reference_d4,0.0260621853009,0.00953169216111,0.01653049313979,1.7342663674384724,,,sampled_flat_reference,source_and_reference_joint_uncertainty_unavailable
144,2,tip,"[1,1]",8,19177,400,interval_mean_sampled_reference_d5,0.0260621853009,0.00264783067105,0.02341435462985,8.842844403099619,,,sampled_flat_reference,source_and_reference_joint_uncertainty_unavailable
144,2,tip,"[1,1]",8,19177,400,interval_mean_sampled_reference_d6,0.0260621853009,0.000728317610158,0.025333867690742,34.78409328211371,,,sampled_flat_reference,source_and_reference_joint_uncertainty_unavailable
144,2,tip,"[1,1]",8,19177,400,interval_second_moment_d2,0.00241610730494,0.0278764142498,-0.025460306944859998,-0.9133279021007038,,,sampled_flat_reference,source_and_reference_joint_uncertainty_unavailable
144,2,tip,"[1,1]",8,19177,400,interval_second_moment_d3,0.00241610730494,0.00409438370913,-0.0016782764041900003,-0.4098971966031515,,,sampled_flat_reference,source_and_reference_joint_uncertainty_unavailable
144,2,tip,"[1,1]",8,19177,400,interval_second_moment_d4,0.00241610730494,0.000567225438714,0.0018488818662260001,3.2595185970815077,,,sampled_flat_reference,source_and_reference_joint_uncertainty_unavailable
144,2,tip,"[1,1]",8,19177,400,interval_second_moment_d5,0.00241610730494,7.71570990227e-05,0.0023389502059173,30.314128389264212,,,sampled_flat_reference,source_and_reference_joint_uncertainty_unavailable
144,2,tip,"[1,1]",8,19177,400,interval_second_moment_d6,0.00241610730494,1.05269535255e-05,0.0024055803514145,228.51628874273405,,,sampled_flat_reference,source_and_reference_joint_uncertainty_unavailable
55,3,centre,null,8,212252,4000,C2_coefficient,0.04611740816293246,0.05,-0.003882591837067545,-0.0776518367413509,0.001267564266442876,0.025351285328857515,analytic_flat,reported_marginal_not_reconstructed
55,3,centre,null,8,212252,4000,C2_count,2077621485.43,2252534962.6,-174913477.16999984,-0.07765183674135079,57104656.5501,0.02535128532885752,analytic_flat,reported_marginal_not_reconstructed
55,3,centre,null,8,212252,4000,C2_dimension,4.09590169123,4,0.09590169122999992,0.02397542280749998,,,analytic_flat,not_retained
55,3,centre,null,8,212252,4000,C3_N_over_C2_squared,0.20922496603823762,0.19047619047619044,0.018748775562047182,0.09843107170074772,,,analytic_flat,not_retained
55,3,centre,null,8,212252,4000,C3_coefficient,0.0004449849628779213,0.0004761904761904762,-3.1205513312554866e-05,-0.06553157795636522,1.0204359460771146e-05,0.021429154867619406,analytic_flat,reported_marginal_not_reconstructed
55,3,centre,null,8,212252,4000,C3_count,4254951072600.0,4553338531541.429,-298387458941.4287,-0.06553157795636522,97574196557.1,0.021429154867619406,analytic_flat,reported_marginal_not_reconstructed
55,3,centre,null,8,212252,4000,C3_dimension,4.03209831156,4,0.032098311560000425,0.008024577890000106,,,analytic_flat,not_retained
55,3,centre,null,8,212252,4000,C4_N2_over_C2_cubed,0.014131569314338914,0.011337868480725622,0.0027937008336132926,0.24640441352469256,,,analytic_flat,not_retained
55,3,centre,null,8,212252,4000,C4_coefficient,1.386089284932962e-06,1.417233560090703e-06,-3.1144275157741036e-08,-0.021975400551302093,8.993599163444721e-08,0.06345883569726594,analytic_flat,reported_marginal_not_reconstructed
55,3,centre,null,8,212252,4000,C4_count,2813105981580000.0,2876314136848621.5,-63208155268621.5,-0.021975400551302204,182527546224000.0,0.06345883569726594,analytic_flat,reported_marginal_not_reconstructed
55,3,centre,null,8,212252,4000,C4_dimension,4.00604630757,4,0.006046307570000131,0.0015115768925000328,,,analytic_flat,not_retained
55,3,centre,null,8,212252,4000,cdf_grid_distance_d2,0.621952920737,0.0,0.621952920737,,,,sampled_flat_reference_25_point_grid,source_and_reference_joint_uncertainty_unavailable
55,3,centre,null,8,212252,4000,cdf_grid_distance_d3,0.303736107892,0.0,0.303736107892,,,,sampled_flat_reference_25_point_grid,source_and_reference_joint_uncertainty_unavailable
55,3,centre,null,8,212252,4000,cdf_grid_distance_d4,0.0758096030696,0.0,0.0758096030696,,,,sampled_flat_reference_25_point_grid,source_and_reference_joint_uncertainty_unavailable
55,3,centre,null,8,212252,4000,cdf_grid_distance_d5,0.29282854650800005,0.0,0.29282854650800005,,,,sampled_flat_reference_25_point_grid,source_and_reference_joint_uncertainty_unavailable
55,3,centre,null,8,212252,4000,cdf_grid_distance_d6,0.500444766648,0.0,0.500444766648,,,,sampled_flat_reference_25_point_grid,source_and_reference_joint_uncertainty_unavailable
55,3,centre,null,8,212252,4000,count_volume_coefficient,0.970530477365,1.0,-0.029469522635000023,-0.029469522635000023,,,supplied_continuum_volume,deterministic_finite_geometry_not_sampling_error
55,3,centre,null,8,212252,4000,empty_interval_weight,0.0949896030696,0.0,0.0949896030696,,,,continuum_zero_lattice_sensitive_control,not_retained
55,3,centre,null,8,212252,4000,interval_mean,0.0100070379235,0.009523809523809523,0.00048322839969047737,0.05073898196750015,,,analytic_flat,not_retained
55,3,centre,null,8,212252,4000,interval_mean_sampled_reference_d2,0.0100070379235,0.111230923338,-0.1012238854145,-0.9100336702852733,,,sampled_flat_reference,source_and_reference_joint_uncertainty_unavailable
55,3,centre,null,8,212252,4000,interval_mean_sampled_reference_d3,0.0100070379235,0.0334036486429,-0.023396610719399996,-0.7004208123944864,,,sampled_flat_reference,source_and_reference_joint_uncertainty_unavailable
55,3,centre,null,8,212252,4000,interval_mean_sampled_reference_d4,0.0100070379235,0.00953169216111,0.00047534576239000037,0.04987002877930169,,,sampled_flat_reference,source_and_reference_joint_uncertainty_unavailable
55,3,centre,null,8,212252,4000,interval_mean_sampled_reference_d5,0.0100070379235,0.00264783067105,0.00735920725245,2.779334544656399,,,sampled_flat_reference,source_and_reference_joint_uncertainty_unavailable
55,3,centre,null,8,212252,4000,interval_mean_sampled_reference_d6,0.0100070379235,0.000728317610158,0.009278720313342,12.73993678572332,,,sampled_flat_reference,source_and_reference_joint_uncertainty_unavailable
55,3,centre,null,8,212252,4000,interval_second_moment_d2,0.000484046287357,0.0278764142498,-0.027392367962442998,-0.9826359917376937,,,sampled_flat_reference,source_and_reference_joint_uncertainty_unavailable
55,3,centre,null,8,212252,4000,interval_second_moment_d3,0.000484046287357,0.00409438370913,-0.0036103374217730006,-0.8817779862015295,,,sampled_flat_reference,source_and_reference_joint_uncertainty_unavailable
55,3,centre,null,8,212252,4000,interval_second_moment_d4,0.000484046287357,0.000567225438714,-8.317915135700002e-05,-0.14664213852182262,,,sampled_flat_reference,source_and_reference_joint_uncertainty_unavailable
55,3,centre,null,8,212252,4000,interval_second_moment_d5,0.000484046287357,7.71570990227e-05,0.0004068891883343,5.273515897929122,,,sampled_flat_reference,source_and_reference_joint_uncertainty_unavailable
55,3,centre,null,8,212252,4000,interval_second_moment_d6,0.000484046287357,1.05269535255e-05,0.0004735193338315,44.98161150654545,,,sampled_flat_reference,source_and_reference_joint_uncertainty_unavailable
89,3,centre,null,10,1081730,4000,C2_coefficient,0.04617713424528341,0.05,-0.0038228657547165895,-0.07645731509433173,0.0012517086576133362,0.025034173152266723,analytic_flat,reported_marginal_not_reconstructed
89,3,centre,null,10,1081730,4000,C2_count,54033652351.3,58506935558.5,-4473283207.199997,-0.07645731509433173,1464672755.38,0.025034173152266727,analytic_flat,reported_marginal_not_reconstructed
89,3,centre,null,10,1081730,4000,C2_dimension,4.09436828304,4,0.09436828303999967,0.023592070759999917,,,analytic_flat,not_retained
89,3,centre,null,10,1081730,4000,C3_N_over_C2_squared,0.2077902575827701,0.19047619047619044,0.01731406710657965,0.09089885230954309,,,analytic_flat,not_retained
89,3,centre,null,10,1081730,4000,C3_coefficient,0.00044307733726748363,0.0004761904761904762,-3.3113138922992555e-05,-0.06953759173828433,1.0129015908660842e-05,0.021270933408187767,analytic_flat,reported_marginal_not_reconstructed
89,3,centre,null,10,1081730,4000,C3_count,560834802169000.0,602748479884048.5,-41913677715048.5,-0.06953759173828444,12821022777500.0,0.021270933408187767,analytic_flat,reported_marginal_not_reconstructed
89,3,centre,null,10,1081730,4000,C3_dimension,4.0341320442,4,0.03413204419999971,0.008533011049999928,,,analytic_flat,not_retained
89,3,centre,null,10,1081730,4000,C4_N2_over_C2_cubed,0.013539491415670634,0.011337868480725622,0.0022016229349450123,0.1941831428621501,,,analytic_flat,not_retained
89,3,centre,null,10,1081730,4000,C4_coefficient,1.3331667911010764e-06,1.417233560090703e-06,-8.406676898962662e-08,-0.059317512199080547,9.983156502509959e-08,0.07044115228171026,analytic_flat,reported_marginal_not_reconstructed
89,3,centre,null,10,1081730,4000,C4_count,1.82539802084e+18,1.9405038836295598e+18,-1.151058627895598e+17,-0.05931751219908066,1.3669132957e+17,0.07044115228171027,analytic_flat,reported_marginal_not_reconstructed
89,3,centre,null,10,1081730,4000,C4_dimension,4.01663721405,4,0.016637214050000182,0.0041593035125000455,,,analytic_flat,not_retained
89,3,centre,null,10,1081730,4000,cdf_grid_distance_d2,0.625161733135,0.0,0.625161733135,,,,sampled_flat_reference_25_point_grid,source_and_reference_joint_uncertainty_unavailable
89,3,centre,null,10,1081730,4000,cdf_grid_distance_d3,0.31888146219599994,0.0,0.31888146219599994,,,,sampled_flat_reference_25_point_grid,source_and_reference_joint_uncertainty_unavailable
89,3,centre,null,10,1081730,4000,cdf_grid_distance_d4,0.0247252295803,0.0,0.0247252295803,,,,sampled_flat_reference_25_point_grid,source_and_reference_joint_uncertainty_unavailable
89,3,centre,null,10,1081730,4000,cdf_grid_distance_d5,0.26724690606100004,0.0,0.26724690606100004,,,,sampled_flat_reference_25_point_grid,source_and_reference_joint_uncertainty_unavailable
89,3,centre,null,10,1081730,4000,cdf_grid_distance_d6,0.48309317275400004,0.0,0.48309317275400004,,,,sampled_flat_reference_25_point_grid,source_and_reference_joint_uncertainty_unavailable
89,3,centre,null,10,1081730,4000,count_volume_coefficient,0.98422690626,1.0,-0.01577309374000002,-0.01577309374000002,,,supplied_continuum_volume,deterministic_finite_geometry_not_sampling_error
89,3,centre,null,10,1081730,4000,empty_interval_weight,0.0405547058003,0.0,0.0405547058003,,,,continuum_zero_lattice_sensitive_control,not_retained
89,3,centre,null,10,1081730,4000,interval_mean,0.0103412966911,0.009523809523809523,0.000817487167290477,0.08583615256550003,,,analytic_flat,not_retained
89,3,centre,null,10,1081730,4000,interval_mean_sampled_reference_d2,0.0103412966911,0.111230923338,-0.1008896266469,-0.9070285817939705,,,sampled_flat_reference,source_and_reference_joint_uncertainty_unavailable
89,3,centre,null,10,1081730,4000,interval_mean_sampled_reference_d3,0.0103412966911,0.0334036486429,-0.023062351951799998,-0.6904141579965379,,,sampled_flat_reference,source_and_reference_joint_uncertainty_unavailable
89,3,centre,null,10,1081730,4000,interval_mean_sampled_reference_d4,0.0103412966911,0.00953169216111,0.00080960452999,0.08493817428276218,,,sampled_flat_reference,source_and_reference_joint_uncertainty_unavailable
89,3,centre,null,10,1081730,4000,interval_mean_sampled_reference_d5,0.0103412966911,0.00264783067105,0.007693466020049999,2.9055732695320535,,,sampled_flat_reference,source_and_reference_joint_uncertainty_unavailable
89,3,centre,null,10,1081730,4000,interval_mean_sampled_reference_d6,0.0103412966911,0.000728317610158,0.009612979080942,13.19888321642611,,,sampled_flat_reference,source_and_reference_joint_uncertainty_unavailable
89,3,centre,null,10,1081730,4000,interval_second_moment_d2,0.00072911657835,0.0278764142498,-0.02714729767145,-0.9738446784505209,,,sampled_flat_reference,source_and_reference_joint_uncertainty_unavailable
89,3,centre,null,10,1081730,4000,interval_second_moment_d3,0.00072911657835,0.00409438370913,-0.0033652671307800005,-0.8219227531791525,,,sampled_flat_reference,source_and_reference_joint_uncertainty_unavailable
89,3,centre,null,10,1081730,4000,interval_second_moment_d4,0.00072911657835,0.000567225438714,0.00016189113963599997,0.2854088138272426,,,sampled_flat_reference,source_and_reference_joint_uncertainty_unavailable
89,3,centre,null,10,1081730,4000,interval_second_moment_d5,0.00072911657835,7.71570990227e-05,0.0006519594793273,8.449766613639664,,,sampled_flat_reference,source_and_reference_joint_uncertainty_unavailable
89,3,centre,null,10,1081730,4000,interval_second_moment_d6,0.00072911657835,1.05269535255e-05,0.0007185896248245,68.26187871769568,,,sampled_flat_reference,source_and_reference_joint_uncertainty_unavailable
144,3,centre,null,12,4605145,2000,C2_coefficient,0.04691564682883272,0.05,-0.0030843531711672798,-0.06168706342334562,0.0018145460278012455,0.036290920556024904,analytic_flat,reported_marginal_not_reconstructed
144,3,centre,null,12,4605145,2000,C2_count,994956817977.0,1060367793294.0,-65410975317.0,-0.06168706342334562,38481723346.6,0.03629092055602491,analytic_flat,reported_marginal_not_reconstructed
144,3,centre,null,12,4605145,2000,C2_dimension,4.07556435304,4,0.07556435303999987,0.018891088259999966,,,analytic_flat,not_retained
144,3,centre,null,12,4605145,2000,C3_N_over_C2_squared,0.20913802113738778,0.19047619047619044,0.018661830661197337,0.09797461097128601,,,analytic_flat,not_retained
144,3,centre,null,12,4605145,2000,C3_coefficient,0.0004603291799672761,0.0004761904761904762,-1.5861296223200093e-05,-0.033308722068720154,1.5025227757768704e-05,0.03155297829131428,analytic_flat,reported_marginal_not_reconstructed
144,3,centre,null,12,4605145,2000,C3_count,4.49570856229e+16,4.650614591155534e+16,-1549060288655344.0,-0.033308722068720154,1467407412360000.0,0.03155297829131428,analytic_flat,reported_marginal_not_reconstructed
144,3,centre,null,12,4605145,2000,C3_dimension,4.01604637272,4,0.01604637271999998,0.004011593179999995,,,analytic_flat,not_retained
144,3,centre,null,12,4605145,2000,C4_N2_over_C2_cubed,0.015268298218181004,0.011337868480725622,0.003930429737455382,0.34666390284356474,,,analytic_flat,not_retained
144,3,centre,null,12,4605145,2000,C4_coefficient,1.5766817542795778e-06,1.417233560090703e-06,1.5944819418887482e-07,0.11250664581967018,1.665551225444529e-07,0.11752129446736596,analytic_flat,reported_marginal_not_reconstructed
144,3,centre,null,12,4605145,2000,C4_count,7.09115066266e+20,6.374029934387851e+20,7.171207282721489e+19,0.11250664581967018,7.49084248863e+19,0.11752129446736596,analytic_flat,reported_marginal_not_reconstructed
144,3,centre,null,12,4605145,2000,C4_dimension,3.9709780536,4,-0.029021946399999887,-0.007255486599999972,,,analytic_flat,not_retained
144,3,centre,null,12,4605145,2000,cdf_grid_distance_d2,0.658763929701,0.0,0.658763929701,,,,sampled_flat_reference_25_point_grid,source_and_reference_joint_uncertainty_unavailable
144,3,centre,null,12,4605145,2000,cdf_grid_distance_d3,0.346359802503,0.0,0.346359802503,,,,sampled_flat_reference_25_point_grid,source_and_reference_joint_uncertainty_unavailable
144,3,centre,null,12,4605145,2000,cdf_grid_distance_d4,0.032341802503000006,0.0,0.032341802503000006,,,,sampled_flat_reference_25_point_grid,source_and_reference_joint_uncertainty_unavailable
144,3,centre,null,12,4605145,2000,cdf_grid_distance_d5,0.26424603845,0.0,0.26424603845,,,,sampled_flat_reference_25_point_grid,source_and_reference_joint_uncertainty_unavailable
144,3,centre,null,12,4605145,2000,cdf_grid_distance_d6,0.49720391334399994,0.0,0.49720391334399994,,,,sampled_flat_reference_25_point_grid,source_and_reference_joint_uncertainty_unavailable
144,3,centre,null,12,4605145,2000,count_volume_coefficient,0.981829226687,1.0,-0.018170773312999988,-0.018170773312999988,,,supplied_continuum_volume,deterministic_finite_geometry_not_sampling_error
144,3,centre,null,12,4605145,2000,empty_interval_weight,0.0225542043826,0.0,0.0225542043826,,,,continuum_zero_lattice_sensitive_control,not_retained
144,3,centre,null,12,4605145,2000,interval_mean,0.00752997050145,0.009523809523809523,-0.001993839022359523,-0.20935309734774998,,,analytic_flat,not_retained
144,3,centre,null,12,4605145,2000,interval_mean_sampled_reference_d2,0.00752997050145,0.111230923338,-0.10370095283655,-0.9323032635576664,,,sampled_flat_reference,source_and_reference_joint_uncertainty_unavailable
144,3,centre,null,12,4605145,2000,interval_mean_sampled_reference_d3,0.00752997050145,0.0334036486429,-0.025873678141449998,-0.7745764068485821,,,sampled_flat_reference,source_and_reference_joint_uncertainty_unavailable
144,3,centre,null,12,4605145,2000,interval_mean_sampled_reference_d4,0.00752997050145,0.00953169216111,-0.00200172165966,-0.21000695635421074,,,sampled_flat_reference,source_and_reference_joint_uncertainty_unavailable
144,3,centre,null,12,4605145,2000,interval_mean_sampled_reference_d5,0.00752997050145,0.00264783067105,0.004882139830399999,1.8438263004423852,,,sampled_flat_reference,source_and_reference_joint_uncertainty_unavailable
144,3,centre,null,12,4605145,2000,interval_mean_sampled_reference_d6,0.00752997050145,0.000728317610158,0.006801652891292,9.33885546144691,,,sampled_flat_reference,source_and_reference_joint_uncertainty_unavailable
144,3,centre,null,12,4605145,2000,interval_second_moment_d2,0.00027286567218,0.0278764142498,-0.02760354857762,-0.9902115935810518,,,sampled_flat_reference,source_and_reference_joint_uncertainty_unavailable
144,3,centre,null,12,4605145,2000,interval_second_moment_d3,0.00027286567218,0.00409438370913,-0.0038215180369500007,-0.9333561064216963,,,sampled_flat_reference,source_and_reference_joint_uncertainty_unavailable
144,3,centre,null,12,4605145,2000,interval_second_moment_d4,0.00027286567218,0.000567225438714,-0.000294359766534,-0.5189466946358496,,,sampled_flat_reference,source_and_reference_joint_uncertainty_unavailable
144,3,centre,null,12,4605145,2000,interval_second_moment_d5,0.00027286567218,7.71570990227e-05,0.0001957085731573,2.5364947054284865,,,sampled_flat_reference,source_and_reference_joint_uncertainty_unavailable
144,3,centre,null,12,4605145,2000,interval_second_moment_d6,0.00027286567218,1.05269535255e-05,0.0002623387186545,24.92066845541048,,,sampled_flat_reference,source_and_reference_joint_uncertainty_unavailable
55,3,centre_reference_for_tips,null,4,16042,800,C2_coefficient,0.03398673711115267,0.05,-0.01601326288884733,-0.3202652577769466,0.002483243760178624,0.049664875203572476,analytic_flat,reported_marginal_not_reconstructed
55,3,centre_reference_for_tips,null,4,16042,800,C2_count,8745797.6125,12866486.100000001,-4120688.4875000007,-0.3202652577769466,639012.426465,0.049664875203572476,analytic_flat,reported_marginal_not_reconstructed
55,3,centre_reference_for_tips,null,4,16042,800,C2_dimension,4.45573792676,4,0.45573792676000036,0.11393448169000009,,,analytic_flat,not_retained
55,3,centre_reference_for_tips,null,4,16042,800,C3_N_over_C2_squared,0.3281319422715134,0.19047619047619044,0.13765575179532294,0.7226926969254455,,,analytic_flat,not_retained
55,3,centre_reference_for_tips,null,4,16042,800,C3_coefficient,0.00037904827848280425,0.0004761904761904762,-9.714219770767194e-05,-0.20399861518611107,3.1038921353417785e-05,0.06518173484217735,analytic_flat,reported_marginal_not_reconstructed
55,3,centre_reference_for_tips,null,4,16042,800,C3_count,1564547825.55,1965508924.2285714,-400961098.67857146,-0.20399861518611107,128115281.529,0.06518173484217735,analytic_flat,reported_marginal_not_reconstructed
55,3,centre_reference_for_tips,null,4,16042,800,C3_dimension,4.10794997119,4,0.10794997119000005,0.026987492797500012,,,analytic_flat,not_retained
55,3,centre_reference_for_tips,null,4,16042,800,C4_N2_over_C2_cubed,0.0011565892282944972,0.011337868480725622,-0.010181279252431124,-0.8979888300644253,,,analytic_flat,not_retained
55,3,centre_reference_for_tips,null,4,16042,800,C4_coefficient,4.54138986373415e-08,1.417233560090703e-06,-1.3718196614533615e-06,-0.9679559531214919,3.945023792804463e-09,0.002783608788202829,analytic_flat,reported_marginal_not_reconstructed
55,3,centre_reference_for_tips,null,4,16042,800,C4_count,3006494325.22,93823802487.20851,-90817308161.98851,-0.9679559531214919,261168761.146,0.0027836087882028284,analytic_flat,reported_marginal_not_reconstructed
55,3,centre_reference_for_tips,null,4,16042,800,C4_dimension,4.92797893305,4,0.9279789330500003,0.23199473326250009,,,analytic_flat,not_retained
55,3,centre_reference_for_tips,null,4,16042,800,cdf_grid_distance_d2,0.701970868507,0.0,0.701970868507,,,,sampled_flat_reference_25_point_grid,source_and_reference_joint_uncertainty_unavailable
55,3,centre_reference_for_tips,null,4,16042,800,cdf_grid_distance_d3,0.668572495283,0.0,0.668572495283,,,,sampled_flat_reference_25_point_grid,source_and_reference_joint_uncertainty_unavailable
55,3,centre_reference_for_tips,null,4,16042,800,cdf_grid_distance_d4,0.6514134952830001,0.0,0.6514134952830001,,,,sampled_flat_reference_25_point_grid,source_and_reference_joint_uncertainty_unavailable
55,3,centre_reference_for_tips,null,4,16042,800,cdf_grid_distance_d5,0.590586495283,0.0,0.590586495283,,,,sampled_flat_reference_25_point_grid,source_and_reference_joint_uncertainty_unavailable
55,3,centre_reference_for_tips,null,4,16042,800,cdf_grid_distance_d6,0.46482749528300005,0.0,0.46482749528300005,,,,sampled_flat_reference_25_point_grid,source_and_reference_joint_uncertainty_unavailable
55,3,centre_reference_for_tips,null,4,16042,800,count_volume_coefficient,1.173642645,1.0,0.17364264499999993,0.17364264499999993,,,supplied_continuum_volume,deterministic_finite_geometry_not_sampling_error
55,3,centre_reference_for_tips,null,4,16042,800,empty_interval_weight,0.670593495283,0.0,0.670593495283,,,,continuum_zero_lattice_sensitive_control,not_retained
55,3,centre_reference_for_tips,null,4,16042,800,interval_mean,0.00965344628823,0.009523809523809523,0.00012963676442047725,0.013611860264150177,,,analytic_flat,not_retained
55,3,centre_reference_for_tips,null,4,16042,800,interval_mean_sampled_reference_d2,0.00965344628823,0.111230923338,-0.10157747704976999,-0.913212567166274,,,sampled_flat_reference,source_and_reference_joint_uncertainty_unavailable
55,3,centre_reference_for_tips,null,4,16042,800,interval_mean_sampled_reference_d3,0.00965344628823,0.0334036486429,-0.02375020235467,-0.7110062319410171,,,sampled_flat_reference,source_and_reference_joint_uncertainty_unavailable
55,3,centre_reference_for_tips,null,4,16042,800,interval_mean_sampled_reference_d4,0.00965344628823,0.00953169216111,0.00012175412712000025,0.012773610924696754,,,sampled_flat_reference,source_and_reference_joint_uncertainty_unavailable
55,3,centre_reference_for_tips,null,4,16042,800,interval_mean_sampled_reference_d5,0.00965344628823,0.00264783067105,0.00700561561718,2.645794420986111,,,sampled_flat_reference,source_and_reference_joint_uncertainty_unavailable
55,3,centre_reference_for_tips,null,4,16042,800,interval_mean_sampled_reference_d6,0.00965344628823,0.000728317610158,0.008925128678072,12.2544457989088,,,sampled_flat_reference,source_and_reference_joint_uncertainty_unavailable
55,3,centre_reference_for_tips,null,4,16042,800,interval_second_moment_d2,0.000448400113465,0.0278764142498,-0.027428014136335,-0.9839147133685525,,,sampled_flat_reference,source_and_reference_joint_uncertainty_unavailable
55,3,centre_reference_for_tips,null,4,16042,800,interval_second_moment_d3,0.000448400113465,0.00409438370913,-0.0036459835956650006,-0.8904841008269158,,,sampled_flat_reference,source_and_reference_joint_uncertainty_unavailable
55,3,centre_reference_for_tips,null,4,16042,800,interval_second_moment_d4,0.000448400113465,0.000567225438714,-0.00011882532524900002,-0.2094851837364663,,,sampled_flat_reference,source_and_reference_joint_uncertainty_unavailable
55,3,centre_reference_for_tips,null,4,16042,800,interval_second_moment_d5,0.000448400113465,7.71570990227e-05,0.0003712430144423,4.811521158060627,,,sampled_flat_reference,source_and_reference_joint_uncertainty_unavailable
55,3,centre_reference_for_tips,null,4,16042,800,interval_second_moment_d6,0.000448400113465,1.05269535255e-05,0.0004378731599395,41.595430138341214,,,sampled_flat_reference,source_and_reference_joint_uncertainty_unavailable
89,3,centre_reference_for_tips,null,6,151631,800,C2_coefficient,0.041116401767460266,0.05,-0.008883598232539737,-0.1776719646507947,0.002583336360786926,0.05166672721573851,analytic_flat,reported_marginal_not_reconstructed
89,3,centre_reference_for_tips,null,6,151631,800,C2_count,945340436.88,1149590426.5,-204249989.62,-0.1776719646507947,59395574.9758,0.05166672721573852,analytic_flat,reported_marginal_not_reconstructed
89,3,centre_reference_for_tips,null,6,151631,800,C2_dimension,4.2316316232,4,0.2316316232000002,0.05790790580000005,,,analytic_flat,not_retained
89,3,centre_reference_for_tips,null,6,151631,800,C3_N_over_C2_squared,0.24576783344616548,0.19047619047619044,0.05529164296997505,0.29028112559236896,,,analytic_flat,not_retained
89,3,centre_reference_for_tips,null,6,151631,800,C3_coefficient,0.0004154876386002991,0.0004761904761904762,-6.070283759017711e-05,-0.12747595893937191,2.3377448280422494e-05,0.049092641388887234,analytic_flat,reported_marginal_not_reconstructed
89,3,centre_reference_for_tips,null,6,151631,800,C3_count,1448483366120.0,1660107112188.2715,-211623746068.27148,-0.12747595893937202,81499043125.8,0.049092641388887234,analytic_flat,reported_marginal_not_reconstructed
89,3,centre_reference_for_tips,null,6,151631,800,C3_dimension,4.0645544872,4,0.06455448719999968,0.01613862179999992,,,analytic_flat,not_retained
89,3,centre_reference_for_tips,null,6,151631,800,C4_N2_over_C2_cubed,0.015719841486453046,0.011337868480725622,0.0043819730057274246,0.386490019105159,,,analytic_flat,not_retained
89,3,centre_reference_for_tips,null,6,151631,800,C4_coefficient,1.0927028059838532e-06,1.417233560090703e-06,-3.245307541068498e-07,-0.22898890009779327,1.7293023165380058e-07,0.12201957145492169,analytic_flat,reported_marginal_not_reconstructed
89,3,centre_reference_for_tips,null,6,151631,800,C4_count,577612881261000.0,749162860734771.5,-171549979473771.5,-0.22898890009779316,91412531216800.0,0.12201957145492169,analytic_flat,reported_marginal_not_reconstructed
89,3,centre_reference_for_tips,null,6,151631,800,C4_dimension,4.07071202002,4,0.07071202002000021,0.017678005005000053,,,analytic_flat,not_retained
89,3,centre_reference_for_tips,null,6,151631,800,cdf_grid_distance_d2,0.674834379374,0.0,0.674834379374,,,,sampled_flat_reference_25_point_grid,source_and_reference_joint_uncertainty_unavailable
89,3,centre_reference_for_tips,null,6,151631,800,cdf_grid_distance_d3,0.34251974975300004,0.0,0.34251974975300004,,,,sampled_flat_reference_25_point_grid,source_and_reference_joint_uncertainty_unavailable
89,3,centre_reference_for_tips,null,6,151631,800,cdf_grid_distance_d4,0.202850345755,0.0,0.202850345755,,,,sampled_flat_reference_25_point_grid,source_and_reference_joint_uncertainty_unavailable
89,3,centre_reference_for_tips,null,6,151631,800,cdf_grid_distance_d5,0.292766030809,0.0,0.292766030809,,,,sampled_flat_reference_25_point_grid,source_and_reference_joint_uncertainty_unavailable
89,3,centre_reference_for_tips,null,6,151631,800,cdf_grid_distance_d6,0.45270038792,0.0,0.45270038792,,,,sampled_flat_reference_25_point_grid,source_and_reference_joint_uncertainty_unavailable
89,3,centre_reference_for_tips,null,6,151631,800,count_volume_coefficient,1.06453355826,1.0,0.06453355825999996,0.06453355825999996,,,supplied_continuum_volume,deterministic_finite_geometry_not_sampling_error
89,3,centre_reference_for_tips,null,6,151631,800,empty_interval_weight,0.222030345755,0.0,0.222030345755,,,,continuum_zero_lattice_sensitive_control,not_retained
89,3,centre_reference_for_tips,null,6,151631,800,interval_mean,0.00792747198801,0.009523809523809523,-0.0015963375357995226,-0.1676154412589499,,,analytic_flat,not_retained
89,3,centre_reference_for_tips,null,6,151631,800,interval_mean_sampled_reference_d2,0.00792747198801,0.111230923338,-0.10330345134999,-0.9287296036919463,,,sampled_flat_reference,source_and_reference_joint_uncertainty_unavailable
89,3,centre_reference_for_tips,null,6,151631,800,interval_mean_sampled_reference_d3,0.00792747198801,0.0334036486429,-0.02547617665489,-0.7626764646952722,,,sampled_flat_reference,source_and_reference_joint_uncertainty_unavailable
89,3,centre_reference_for_tips,null,6,151631,800,interval_mean_sampled_reference_d4,0.00792747198801,0.00953169216111,-0.0016042201730999996,-0.1683038169912091,,,sampled_flat_reference,source_and_reference_joint_uncertainty_unavailable
89,3,centre_reference_for_tips,null,6,151631,800,interval_mean_sampled_reference_d5,0.00792747198801,0.00264783067105,0.00527964131696,1.9939497546745888,,,sampled_flat_reference,source_and_reference_joint_uncertainty_unavailable
89,3,centre_reference_for_tips,null,6,151631,800,interval_mean_sampled_reference_d6,0.00792747198801,0.000728317610158,0.007199154377852001,9.88463587512353,,,sampled_flat_reference,source_and_reference_joint_uncertainty_unavailable
89,3,centre_reference_for_tips,null,6,151631,800,interval_second_moment_d2,0.000363441730626,0.0278764142498,-0.027512972519174,-0.9869623931051819,,,sampled_flat_reference,source_and_reference_joint_uncertainty_unavailable
89,3,centre_reference_for_tips,null,6,151631,800,interval_second_moment_d3,0.000363441730626,0.00409438370913,-0.0037309419785040003,-0.9112340815015536,,,sampled_flat_reference,source_and_reference_joint_uncertainty_unavailable
89,3,centre_reference_for_tips,null,6,151631,800,interval_second_moment_d4,0.000363441730626,0.000567225438714,-0.000203783708088,-0.3592640494932906,,,sampled_flat_reference,source_and_reference_joint_uncertainty_unavailable
89,3,centre_reference_for_tips,null,6,151631,800,interval_second_moment_d5,0.000363441730626,7.71570990227e-05,0.00028628463160330003,3.7104120713386806,,,sampled_flat_reference,source_and_reference_joint_uncertainty_unavailable
89,3,centre_reference_for_tips,null,6,151631,800,interval_second_moment_d6,0.000363441730626,1.05269535255e-05,0.0003529147771005,33.52487272273177,,,sampled_flat_reference,source_and_reference_joint_uncertainty_unavailable
144,3,centre_reference_for_tips,null,8,942373,400,C2_coefficient,0.04339831298041971,0.05,-0.006601687019580291,-0.13203374039160576,0.003980601276407336,0.07961202552814671,analytic_flat,reported_marginal_not_reconstructed
144,3,centre_reference_for_tips,null,8,942373,400,C2_count,38540563123.4,44403296437.8,-5862733314.400002,-0.13203374039160587,3535036369.54,0.07961202552814671,analytic_flat,reported_marginal_not_reconstructed
144,3,centre_reference_for_tips,null,8,942373,400,C2_dimension,4.16782553541,4,0.16782553540999956,0.04195638385249989,,,analytic_flat,not_retained
144,3,centre_reference_for_tips,null,8,942373,400,C3_N_over_C2_squared,0.25681723669344264,0.19047619047619044,0.0663410462172522,0.3482904926405741,,,analytic_flat,not_retained
144,3,centre_reference_for_tips,null,8,942373,400,C3_coefficient,0.00048369358175430276,0.0004761904761904762,7.503105563826573e-06,0.01575652168403585,3.56265305588494e-05,0.07481571417358374,analytic_flat,reported_marginal_not_reconstructed
144,3,centre_reference_for_tips,null,8,942373,400,C3_count,404797149813000.0,398517893975105.0,6279255837895.0,0.01575652168403585,29815400848700.0,0.07481571417358372,analytic_flat,reported_marginal_not_reconstructed
144,3,centre_reference_for_tips,null,8,942373,400,C3_dimension,3.99259249469,4,-0.0074075053099997845,-0.0018518763274999461,,,analytic_flat,not_retained
144,3,centre_reference_for_tips,null,8,942373,400,C4_N2_over_C2_cubed,0.014834504215856909,0.011337868480725622,0.003496635735131287,0.30840327183857963,,,analytic_flat,not_retained
144,3,centre_reference_for_tips,null,8,942373,400,C4_coefficient,1.2125313092765484e-06,1.417233560090703e-06,-2.0470225081415455e-07,-0.14443790817446744,2.434503451810945e-07,0.17177856355978027,analytic_flat,reported_marginal_not_reconstructed
144,3,centre_reference_for_tips,null,8,942373,400,C4_count,9.5627220965e+17,1.1177122254324991e+18,-1.6144001578249907e+17,-0.14443790817446756,1.91999000558e+17,0.17177856355978027,analytic_flat,reported_marginal_not_reconstructed
144,3,centre_reference_for_tips,null,8,942373,400,C4_dimension,4.04243068123,4,0.042430681229999934,0.010607670307499983,,,analytic_flat,not_retained
144,3,centre_reference_for_tips,null,8,942373,400,cdf_grid_distance_d2,0.666515380638,0.0,0.666515380638,,,,sampled_flat_reference_25_point_grid,source_and_reference_joint_uncertainty_unavailable
144,3,centre_reference_for_tips,null,8,942373,400,cdf_grid_distance_d3,0.337311491672,0.0,0.337311491672,,,,sampled_flat_reference_25_point_grid,source_and_reference_joint_uncertainty_unavailable
144,3,centre_reference_for_tips,null,8,942373,400,cdf_grid_distance_d4,0.083971719714,0.0,0.083971719714,,,,sampled_flat_reference_25_point_grid,source_and_reference_joint_uncertainty_unavailable
144,3,centre_reference_for_tips,null,8,942373,400,cdf_grid_distance_d5,0.318023433594,0.0,0.318023433594,,,,sampled_flat_reference_25_point_grid,source_and_reference_joint_uncertainty_unavailable
144,3,centre_reference_for_tips,null,8,942373,400,cdf_grid_distance_d6,0.512669914851,0.0,0.512669914851,,,,sampled_flat_reference_25_point_grid,source_and_reference_joint_uncertainty_unavailable
144,3,centre_reference_for_tips,null,8,942373,400,count_volume_coefficient,1.01713949372,1.0,0.01713949372000001,0.01713949372000001,,,supplied_continuum_volume,deterministic_finite_geometry_not_sampling_error
144,3,centre_reference_for_tips,null,8,942373,400,empty_interval_weight,0.103151719714,0.0,0.103151719714,,,,continuum_zero_lattice_sensitive_control,not_retained
144,3,centre_reference_for_tips,null,8,942373,400,interval_mean,0.00658547982089,0.009523809523809523,-0.002938329702919523,-0.3085246188065499,,,analytic_flat,not_retained
144,3,centre_reference_for_tips,null,8,942373,400,interval_mean_sampled_reference_d2,0.00658547982089,0.111230923338,-0.10464544351711,-0.9407945234718716,,,sampled_flat_reference,source_and_reference_joint_uncertainty_unavailable
144,3,centre_reference_for_tips,null,8,942373,400,interval_mean_sampled_reference_d3,0.00658547982089,0.0334036486429,-0.026818168822009998,-0.8028514821452071,,,sampled_flat_reference,source_and_reference_joint_uncertainty_unavailable
144,3,centre_reference_for_tips,null,8,942373,400,interval_mean_sampled_reference_d4,0.00658547982089,0.00953169216111,-0.00294621234022,-0.3090964637150958,,,sampled_flat_reference,source_and_reference_joint_uncertainty_unavailable
144,3,centre_reference_for_tips,null,8,942373,400,interval_mean_sampled_reference_d5,0.00658547982089,0.00264783067105,0.0039376491498399994,1.4871227200788186,,,sampled_flat_reference,source_and_reference_joint_uncertainty_unavailable
144,3,centre_reference_for_tips,null,8,942373,400,interval_mean_sampled_reference_d6,0.00658547982089,0.000728317610158,0.005857162210732,8.042043922927192,,,sampled_flat_reference,source_and_reference_joint_uncertainty_unavailable
144,3,centre_reference_for_tips,null,8,942373,400,interval_second_moment_d2,0.000141810953864,0.0278764142498,-0.027734603295935998,-0.9949128696182645,,,sampled_flat_reference,source_and_reference_joint_uncertainty_unavailable
144,3,centre_reference_for_tips,null,8,942373,400,interval_second_moment_d3,0.000141810953864,0.00409438370913,-0.0039525727552660005,-0.9653645178521549,,,sampled_flat_reference,source_and_reference_joint_uncertainty_unavailable
144,3,centre_reference_for_tips,null,8,942373,400,interval_second_moment_d4,0.000141810953864,0.000567225438714,-0.00042541448485000004,-0.7499919006003849,,,sampled_flat_reference,source_and_reference_joint_uncertainty_unavailable
144,3,centre_reference_for_tips,null,8,942373,400,interval_second_moment_d5,0.000141810953864,7.71570990227e-05,6.465385484129999e-05,0.8379508257856936,,,sampled_flat_reference,source_and_reference_joint_uncertainty_unavailable
144,3,centre_reference_for_tips,null,8,942373,400,interval_second_moment_d6,0.000141810953864,1.05269535255e-05,0.0001312840003385,12.471224463989868,,,sampled_flat_reference,source_and_reference_joint_uncertainty_unavailable
55,3,moving,null,8,31935,3000,C2_coefficient,0.054580227970188515,0.05,0.004580227970188512,0.09160455940377021,0.0015907446061764956,0.031814892123529906,analytic_flat,reported_marginal_not_reconstructed
55,3,moving,null,8,31935,3000,C2_count,55661587.275,50990614.5,4670972.7749999985,0.09160455940377021,1622260.89963,0.03181489212352991,analytic_flat,reported_marginal_not_reconstructed
55,3,moving,null,8,31935,3000,C2_dimension,3.89569605882,4,-0.10430394117999997,-0.026075985294999993,,,analytic_flat,not_retained
55,3,moving,null,8,31935,3000,C3_N_over_C2_squared,0.19398228178909652,0.19047619047619044,0.003506091312906079,0.018406979392756817,,,analytic_flat,not_retained
55,3,moving,null,8,31935,3000,C3_coefficient,0.0005778915632060768,0.0004761904761904762,0.00010170108701560061,0.2135722827327613,1.4875344075308351e-05,0.031238222558147538,analytic_flat,reported_marginal_not_reconstructed
55,3,moving,null,8,31935,3000,C3_count,18819423548.7,15507459931.7,3311963617.0,0.2135722827327613,484425484.658,0.031238222558147535,analytic_flat,reported_marginal_not_reconstructed
55,3,moving,null,8,31935,3000,C3_dimension,3.90818552907,4,-0.09181447093000017,-0.022953617732500042,,,analytic_flat,not_retained
55,3,moving,null,8,31935,3000,C4_N2_over_C2_cubed,0.011418996672654488,0.011337868480725622,8.112819192886665e-05,0.007155506528126132,,,analytic_flat,not_retained
55,3,moving,null,8,31935,3000,C4_coefficient,1.8568412805389738e-06,1.417233560090703e-06,4.3960772044827084e-07,0.31018720754829987,1.680286806050589e-07,0.11856103703492957,analytic_flat,reported_marginal_not_reconstructed
55,3,moving,null,8,31935,3000,C4_count,1930904815560.0,1473762531366.2036,457142284193.7964,0.31018720754829987,174730814062.0,0.11856103703492955,analytic_flat,reported_marginal_not_reconstructed
55,3,moving,null,8,31935,3000,C4_dimension,3.92642016285,4,-0.07357983715000005,-0.018394959287500012,,,analytic_flat,not_retained
55,3,moving,null,8,31935,3000,cdf_grid_distance_d2,0.61660378079,0.0,0.61660378079,,,,sampled_flat_reference_25_point_grid,source_and_reference_joint_uncertainty_unavailable
55,3,moving,null,8,31935,3000,cdf_grid_distance_d3,0.30453530636099996,0.0,0.30453530636099996,,,,sampled_flat_reference_25_point_grid,source_and_reference_joint_uncertainty_unavailable
55,3,moving,null,8,31935,3000,cdf_grid_distance_d4,0.18253336391299999,0.0,0.18253336391299999,,,,sampled_flat_reference_25_point_grid,source_and_reference_joint_uncertainty_unavailable
55,3,moving,null,8,31935,3000,cdf_grid_distance_d5,0.286980020737,0.0,0.286980020737,,,,sampled_flat_reference_25_point_grid,source_and_reference_joint_uncertainty_unavailable
55,3,moving,null,8,31935,3000,cdf_grid_distance_d6,0.479629054422,0.0,0.479629054422,,,,sampled_flat_reference_25_point_grid,source_and_reference_joint_uncertainty_unavailable
55,3,moving,null,8,31935,3000,count_volume_coefficient,0.80728191978,1.0,-0.19271808022000003,-0.19271808022000003,,,supplied_continuum_volume,deterministic_finite_geometry_not_sampling_error
55,3,moving,null,8,31935,3000,empty_interval_weight,0.201713363913,0.0,0.201713363913,,,,continuum_zero_lattice_sensitive_control,not_retained
55,3,moving,null,8,31935,3000,interval_mean,0.0096451476434,0.009523809523809523,0.00012133811959047676,0.012740502556999989,,,analytic_flat,not_retained
55,3,moving,null,8,31935,3000,interval_mean_sampled_reference_d2,0.0096451476434,0.111230923338,-0.1015857756946,-0.9132871745198854,,,sampled_flat_reference,source_and_reference_joint_uncertainty_unavailable
55,3,moving,null,8,31935,3000,interval_mean_sampled_reference_d3,0.0096451476434,0.0334036486429,-0.0237585009995,-0.7112546672218069,,,sampled_flat_reference,source_and_reference_joint_uncertainty_unavailable
55,3,moving,null,8,31935,3000,interval_mean_sampled_reference_d4,0.0096451476434,0.00953169216111,0.00011345548228999976,0.011902973823777696,,,sampled_flat_reference,source_and_reference_joint_uncertainty_unavailable
55,3,moving,null,8,31935,3000,interval_mean_sampled_reference_d5,0.0096451476434,0.00264783067105,0.006997316972349999,2.642660291254654,,,sampled_flat_reference,source_and_reference_joint_uncertainty_unavailable
55,3,moving,null,8,31935,3000,interval_mean_sampled_reference_d6,0.0096451476434,0.000728317610158,0.008916830033242,12.243051532569146,,,sampled_flat_reference,source_and_reference_joint_uncertainty_unavailable
55,3,moving,null,8,31935,3000,interval_second_moment_d2,0.000461697373994,0.0278764142498,-0.027414716875806,-0.9834377058018747,,,sampled_flat_reference,source_and_reference_joint_uncertainty_unavailable
55,3,moving,null,8,31935,3000,interval_second_moment_d3,0.000461697373994,0.00409438370913,-0.0036326863351360005,-0.8872364177875004,,,sampled_flat_reference,source_and_reference_joint_uncertainty_unavailable
55,3,moving,null,8,31935,3000,interval_second_moment_d4,0.000461697373994,0.000567225438714,-0.00010552806472,-0.1860425459042364,,,sampled_flat_reference,source_and_reference_joint_uncertainty_unavailable
55,3,moving,null,8,31935,3000,interval_second_moment_d5,0.000461697373994,7.71570990227e-05,0.0003845402749713,4.983861236905321,,,sampled_flat_reference,source_and_reference_joint_uncertainty_unavailable
55,3,moving,null,8,31935,3000,interval_second_moment_d6,0.000461697373994,1.05269535255e-05,0.0004511704204685,42.858593359950326,,,sampled_flat_reference,source_and_reference_joint_uncertainty_unavailable
89,3,moving,null,10,369757,3000,C2_coefficient,0.05518428368978461,0.05,0.005184283689784609,0.10368567379569216,0.0016537740123865829,0.03307548024773165,analytic_flat,reported_marginal_not_reconstructed
89,3,moving,null,10,369757,3000,C2_count,7544788053.04,6835993464.6,708794588.4399996,0.10368567379569216,226103766.812,0.03307548024773166,analytic_flat,reported_marginal_not_reconstructed
89,3,moving,null,10,369757,3000,C2_dimension,3.8825739683,4,-0.11742603169999999,-0.029356507924999997,,,analytic_flat,not_retained
89,3,moving,null,10,369757,3000,C3_N_over_C2_squared,0.17198450204560434,0.19047619047619044,-0.0184916884305861,-0.09708136426057701,,,analytic_flat,not_retained
89,3,moving,null,10,369757,3000,C3_coefficient,0.000523746709078155,0.0004761904761904762,4.755623288767879e-05,0.09986808906412548,1.3581489840151183e-05,0.028521128664317483,analytic_flat,reported_marginal_not_reconstructed
89,3,moving,null,10,369757,3000,C3_count,26476891582200.0,24072788223839.742,2404103358360.258,0.09986808906412548,686583090241.0,0.028521128664317483,analytic_flat,reported_marginal_not_reconstructed
89,3,moving,null,10,369757,3000,C3_dimension,3.95487574754,4,-0.04512425245999996,-0.01128106311499999,,,analytic_flat,not_retained
89,3,moving,null,10,369757,3000,C4_N2_over_C2_cubed,0.010749697153940318,0.011337868480725622,-0.0005881713267853039,-0.05187671102246383,,,analytic_flat,not_retained
89,3,moving,null,10,369757,3000,C4_coefficient,1.8065333434103501e-06,1.417233560090703e-06,3.8929978331964713e-07,0.2746899271103429,1.4209808279677558e-07,0.10026440722140485,analytic_flat,reported_marginal_not_reconstructed
89,3,moving,null,10,369757,3000,C4_count,3.37679388475e+16,2.6491100407492976e+16,7276838440007024.0,0.2746899271103431,2656114479000000.0,0.10026440722140487,analytic_flat,reported_marginal_not_reconstructed
89,3,moving,null,10,369757,3000,C4_dimension,3.93390628713,4,-0.06609371286999988,-0.01652342821749997,,,analytic_flat,not_retained
89,3,moving,null,10,369757,3000,cdf_grid_distance_d2,0.611344856776,0.0,0.611344856776,,,,sampled_flat_reference_25_point_grid,source_and_reference_joint_uncertainty_unavailable
89,3,moving,null,10,369757,3000,cdf_grid_distance_d3,0.31661696171299997,0.0,0.31661696171299997,,,,sampled_flat_reference_25_point_grid,source_and_reference_joint_uncertainty_unavailable
89,3,moving,null,10,369757,3000,cdf_grid_distance_d4,0.0724108835472,0.0,0.0724108835472,,,,sampled_flat_reference_25_point_grid,source_and_reference_joint_uncertainty_unavailable
89,3,moving,null,10,369757,3000,cdf_grid_distance_d5,0.29124607558,0.0,0.29124607558,,,,sampled_flat_reference_25_point_grid,source_and_reference_joint_uncertainty_unavailable
89,3,moving,null,10,369757,3000,cdf_grid_distance_d6,0.485847322322,0.0,0.485847322322,,,,sampled_flat_reference_25_point_grid,source_and_reference_joint_uncertainty_unavailable
89,3,moving,null,10,369757,3000,count_volume_coefficient,0.902795459447,1.0,-0.09720454055299999,-0.09720454055299999,,,supplied_continuum_volume,deterministic_finite_geometry_not_sampling_error
89,3,moving,null,10,369757,3000,empty_interval_weight,0.0915908835472,0.0,0.0915908835472,,,,continuum_zero_lattice_sensitive_control,not_retained
89,3,moving,null,10,369757,3000,interval_mean,0.0117269269272,0.009523809523809523,0.0022031174033904765,0.23132732735600015,,,analytic_flat,not_retained
89,3,moving,null,10,369757,3000,interval_mean_sampled_reference_d2,0.0117269269272,0.111230923338,-0.0995039964108,-0.8945713424353665,,,sampled_flat_reference,source_and_reference_joint_uncertainty_unavailable
89,3,moving,null,10,369757,3000,interval_mean_sampled_reference_d3,0.0117269269272,0.0334036486429,-0.0216767217157,-0.6489327542459175,,,sampled_flat_reference,source_and_reference_joint_uncertainty_unavailable
89,3,moving,null,10,369757,3000,interval_mean_sampled_reference_d4,0.0117269269272,0.00953169216111,0.0021952347660899995,0.23030902897249628,,,sampled_flat_reference,source_and_reference_joint_uncertainty_unavailable
89,3,moving,null,10,369757,3000,interval_mean_sampled_reference_d5,0.0117269269272,0.00264783067105,0.009079096256149999,3.428880991302089,,,sampled_flat_reference,source_and_reference_joint_uncertainty_unavailable
89,3,moving,null,10,369757,3000,interval_mean_sampled_reference_d6,0.0117269269272,0.000728317610158,0.010998609317042,15.10139143093901,,,sampled_flat_reference,source_and_reference_joint_uncertainty_unavailable
89,3,moving,null,10,369757,3000,interval_second_moment_d2,0.000902073008533,0.0278764142498,-0.026974341241267,-0.9676402782492203,,,sampled_flat_reference,source_and_reference_joint_uncertainty_unavailable
89,3,moving,null,10,369757,3000,interval_second_moment_d3,0.000902073008533,0.00409438370913,-0.0031923107005970004,-0.7796803932856899,,,sampled_flat_reference,source_and_reference_joint_uncertainty_unavailable
89,3,moving,null,10,369757,3000,interval_second_moment_d4,0.000902073008533,0.000567225438714,0.000334847569819,0.5903253750010904,,,sampled_flat_reference,source_and_reference_joint_uncertainty_unavailable
89,3,moving,null,10,369757,3000,interval_second_moment_d5,0.000902073008533,7.71570990227e-05,0.0008249159095103,10.691380572351557,,,sampled_flat_reference,source_and_reference_joint_uncertainty_unavailable
89,3,moving,null,10,369757,3000,interval_second_moment_d6,0.000902073008533,1.05269535255e-05,0.0008915460550075001,84.69174418295479,,,sampled_flat_reference,source_and_reference_joint_uncertainty_unavailable
144,3,moving,null,12,3043847,1500,C2_coefficient,0.05040341637954641,0.05,0.0004034163795464049,0.008068327590928126,0.002287451827104688,0.04574903654209376,analytic_flat,reported_marginal_not_reconstructed
144,3,moving,null,12,3043847,1500,C2_count,466987729146.0,463250075778.10004,3737653367.8999634,0.008068327590928126,21193244644.9,0.04574903654209376,analytic_flat,reported_marginal_not_reconstructed
144,3,moving,null,12,3043847,1500,C2_dimension,3.99045095453,4,-0.009549045470000017,-0.0023872613675000043,,,analytic_flat,not_retained
144,3,moving,null,12,3043847,1500,C3_N_over_C2_squared,0.18744862322184352,0.19047619047619044,-0.0030275672543469134,-0.01589472808532133,,,analytic_flat,not_retained
144,3,moving,null,12,3043847,1500,C3_coefficient,0.00047621420528326215,0.0004761904761904762,2.3729092785964787e-08,4.9831094850461e-05,1.6993492560437192e-05,0.0356863343769181,analytic_flat,reported_marginal_not_reconstructed
144,3,moving,null,12,3043847,1500,C3_count,1.34298256363e+16,1.342915644673134e+16,669189568660.0,4.9831094850461e-05,479237367358000.0,0.0356863343769181,analytic_flat,reported_marginal_not_reconstructed
144,3,moving,null,12,3043847,1500,C3_dimension,3.99997639194,4,-2.360805999979121e-05,-5.902014999947802e-06,,,analytic_flat,not_retained
144,3,moving,null,12,3043847,1500,C4_N2_over_C2_cubed,0.009770502140416068,0.011337868480725622,-0.0015673663403095537,-0.1382417112153027,,,analytic_flat,not_retained
144,3,moving,null,12,3043847,1500,C4_coefficient,1.251115011341404e-06,1.417233560090703e-06,-1.6611854874929904e-07,-0.11721324799750543,1.215451332227297e-07,0.08576224600195807,analytic_flat,reported_marginal_not_reconstructed
144,3,moving,null,12,3043847,1500,C4_count,1.07395888078e+20,1.2165552760548961e+20,-1.4259639527489618e+19,-0.11721324799750543,1.0433451286e+19,0.08576224600195807,analytic_flat,reported_marginal_not_reconstructed
144,3,moving,null,12,3043847,1500,C4_dimension,4.03391349917,4,0.03391349916999964,0.00847837479249991,,,analytic_flat,not_retained
144,3,moving,null,12,3043847,1500,cdf_grid_distance_d2,0.638496596389,0.0,0.638496596389,,,,sampled_flat_reference_25_point_grid,source_and_reference_joint_uncertainty_unavailable
144,3,moving,null,12,3043847,1500,cdf_grid_distance_d3,0.276789596389,0.0,0.276789596389,,,,sampled_flat_reference_25_point_grid,source_and_reference_joint_uncertainty_unavailable
144,3,moving,null,12,3043847,1500,cdf_grid_distance_d4,0.05880122042000002,0.0,0.05880122042000002,,,,sampled_flat_reference_25_point_grid,source_and_reference_joint_uncertainty_unavailable
144,3,moving,null,12,3043847,1500,cdf_grid_distance_d5,0.32006752716200004,0.0,0.32006752716200004,,,,sampled_flat_reference_25_point_grid,source_and_reference_joint_uncertainty_unavailable
144,3,moving,null,12,3043847,1500,cdf_grid_distance_d6,0.51046230917,0.0,0.51046230917,,,,sampled_flat_reference_25_point_grid,source_and_reference_joint_uncertainty_unavailable
144,3,moving,null,12,3043847,1500,count_volume_coefficient,0.945688042678,1.0,-0.054311957322000004,-0.054311957322000004,,,supplied_continuum_volume,deterministic_finite_geometry_not_sampling_error
144,3,moving,null,12,3043847,1500,empty_interval_weight,0.0254926777239,0.0,0.0254926777239,,,,continuum_zero_lattice_sensitive_control,not_retained
144,3,moving,null,12,3043847,1500,interval_mean,0.00803802614769,0.009523809523809523,-0.0014857833761195236,-0.15600725449255004,,,analytic_flat,not_retained
144,3,moving,null,12,3043847,1500,interval_mean_sampled_reference_d2,0.00803802614769,0.111230923338,-0.10319289719031,-0.9277356880040935,,,sampled_flat_reference,source_and_reference_joint_uncertainty_unavailable
144,3,moving,null,12,3043847,1500,interval_mean_sampled_reference_d3,0.00803802614769,0.0334036486429,-0.02536562249521,-0.7593668214625262,,,sampled_flat_reference,source_and_reference_joint_uncertainty_unavailable
144,3,moving,null,12,3043847,1500,interval_mean_sampled_reference_d4,0.00803802614769,0.00953169216111,-0.0014936660134200006,-0.15670523010743753,,,sampled_flat_reference,source_and_reference_joint_uncertainty_unavailable
144,3,moving,null,12,3043847,1500,interval_mean_sampled_reference_d5,0.00803802614769,0.00264783067105,0.005390195476639999,2.0357024848958756,,,sampled_flat_reference,source_and_reference_joint_uncertainty_unavailable
144,3,moving,null,12,3043847,1500,interval_mean_sampled_reference_d6,0.00803802614769,0.000728317610158,0.007309708537532,10.036429760288568,,,sampled_flat_reference,source_and_reference_joint_uncertainty_unavailable
144,3,moving,null,12,3043847,1500,interval_second_moment_d2,0.000225266389932,0.0278764142498,-0.027651147859867997,-0.9919191045192042,,,sampled_flat_reference,source_and_reference_joint_uncertainty_unavailable
144,3,moving,null,12,3043847,1500,interval_second_moment_d3,0.000225266389932,0.00409438370913,-0.0038691173191980005,-0.9449816123902403,,,sampled_flat_reference,source_and_reference_joint_uncertainty_unavailable
144,3,moving,null,12,3043847,1500,interval_second_moment_d4,0.000225266389932,0.000567225438714,-0.000341959048782,-0.6028626811189594,,,sampled_flat_reference,source_and_reference_joint_uncertainty_unavailable
144,3,moving,null,12,3043847,1500,interval_second_moment_d5,0.000225266389932,7.71570990227e-05,0.00014810929090930001,1.9195808653423518,,,sampled_flat_reference,source_and_reference_joint_uncertainty_unavailable
144,3,moving,null,12,3043847,1500,interval_second_moment_d6,0.000225266389932,1.05269535255e-05,0.0002147394364065,20.39901058614206,,,sampled_flat_reference,source_and_reference_joint_uncertainty_unavailable
55,3,tip,"[-1,-1,-1]",4,16261,800,C2_coefficient,0.032170049200492004,0.05,-0.017829950799508,-0.35659901599016,0.00214352558660074,0.042870511732014796,analytic_flat,reported_marginal_not_reconstructed
55,3,tip,"[-1,-1,-1]",4,16261,800,C2_count,8505885.185,13220193.0,-4714307.8149999995,-0.35659901599015986,566756.439106,0.0428705117320148,analytic_flat,reported_marginal_not_reconstructed
55,3,tip,"[-1,-1,-1]",4,16261,800,C2_dimension,4.52015086139,4,0.5201508613900003,0.13003771534750008,,,analytic_flat,not_retained
55,3,tip,"[-1,-1,-1]",4,16261,800,C3_N_over_C2_squared,0.38569909299128224,0.19047619047619044,0.1952229025150918,1.0249202382042322,,,analytic_flat,not_retained
55,3,tip,"[-1,-1,-1]",4,16261,800,C3_coefficient,0.0003991891953940479,0.0004761904761904762,-7.700128079642831e-05,-0.16170268967249946,3.3461793856128854e-05,0.0702697670978706,analytic_flat,reported_marginal_not_reconstructed
55,3,tip,"[-1,-1,-1]",4,16261,800,C3_count,1716091341.63,2047115409.4,-331024067.77,-0.16170268967249946,143850323.041,0.07026976709787058,analytic_flat,reported_marginal_not_reconstructed
55,3,tip,"[-1,-1,-1]",4,16261,800,C3_dimension,4.08347918531,4,0.08347918530999987,0.020869796327499968,,,analytic_flat,not_retained
55,3,tip,"[-1,-1,-1]",4,16261,800,C4_N2_over_C2_cubed,0.0014156957991575275,0.011337868480725622,-0.009922172681568094,-0.8751356305143061,,,analytic_flat,not_retained
55,3,tip,"[-1,-1,-1]",4,16261,800,C4_coefficient,4.7141701210566435e-08,1.417233560090703e-06,-1.3700918588801366e-06,-0.9667368156258244,4.69731483486351e-09,0.0033144253474796923,analytic_flat,reported_marginal_not_reconstructed
55,3,tip,"[-1,-1,-1]",4,16261,800,C4_count,3294837439.62,99053578351.26547,-95758740911.64548,-0.9667368156258244,328305690.846,0.0033144253474796928,analytic_flat,reported_marginal_not_reconstructed
55,3,tip,"[-1,-1,-1]",4,16261,800,C4_dimension,4.91798508788,4,0.91798508788,0.22949627197,,,analytic_flat,not_retained
55,3,tip,"[-1,-1,-1]",4,16261,800,cdf_grid_distance_d2,0.654636221618,0.0,0.654636221618,,,,sampled_flat_reference_25_point_grid,source_and_reference_joint_uncertainty_unavailable
55,3,tip,"[-1,-1,-1]",4,16261,800,cdf_grid_distance_d3,0.6526742216179999,0.0,0.6526742216179999,,,,sampled_flat_reference_25_point_grid,source_and_reference_joint_uncertainty_unavailable
55,3,tip,"[-1,-1,-1]",4,16261,800,cdf_grid_distance_d4,0.635515221618,0.0,0.635515221618,,,,sampled_flat_reference_25_point_grid,source_and_reference_joint_uncertainty_unavailable
55,3,tip,"[-1,-1,-1]",4,16261,800,cdf_grid_distance_d5,0.574688221618,0.0,0.574688221618,,,,sampled_flat_reference_25_point_grid,source_and_reference_joint_uncertainty_unavailable
55,3,tip,"[-1,-1,-1]",4,16261,800,cdf_grid_distance_d6,0.448929221618,0.0,0.448929221618,,,,sampled_flat_reference_25_point_grid,source_and_reference_joint_uncertainty_unavailable
55,3,tip,"[-1,-1,-1]",4,16261,800,count_volume_coefficient,1.18966482049,1.0,0.18966482049,0.18966482049,,,supplied_continuum_volume,deterministic_finite_geometry_not_sampling_error
55,3,tip,"[-1,-1,-1]",4,16261,800,empty_interval_weight,0.654695221618,0.0,0.654695221618,,,,continuum_zero_lattice_sensitive_control,not_retained
55,3,tip,"[-1,-1,-1]",4,16261,800,interval_mean,0.0106679330577,0.009523809523809523,0.0011441235338904773,0.12013297105850018,,,analytic_flat,not_retained
55,3,tip,"[-1,-1,-1]",4,16261,800,interval_mean_sampled_reference_d2,0.0106679330577,0.111230923338,-0.1005629902803,-0.9040920210175447,,,sampled_flat_reference,source_and_reference_joint_uncertainty_unavailable
55,3,tip,"[-1,-1,-1]",4,16261,800,interval_mean_sampled_reference_d3,0.0106679330577,0.0334036486429,-0.022735715585199996,-0.6806356942696592,,,sampled_flat_reference,source_and_reference_joint_uncertainty_unavailable
55,3,tip,"[-1,-1,-1]",4,16261,800,interval_mean_sampled_reference_d4,0.0106679330577,0.00953169216111,0.0011362408965900003,0.1192066295663583,,,sampled_flat_reference,source_and_reference_joint_uncertainty_unavailable
55,3,tip,"[-1,-1,-1]",4,16261,800,interval_mean_sampled_reference_d5,0.0106679330577,0.00264783067105,0.00802010238665,3.0289332600976406,,,sampled_flat_reference,source_and_reference_joint_uncertainty_unavailable
55,3,tip,"[-1,-1,-1]",4,16261,800,interval_mean_sampled_reference_d6,0.0106679330577,0.000728317610158,0.009939615447542,13.647363882064745,,,sampled_flat_reference,source_and_reference_joint_uncertainty_unavailable
55,3,tip,"[-1,-1,-1]",4,16261,800,interval_second_moment_d2,0.000465260357213,0.0278764142498,-0.027411153892586998,-0.9833098922607545,,,sampled_flat_reference,source_and_reference_joint_uncertainty_unavailable
55,3,tip,"[-1,-1,-1]",4,16261,800,interval_second_moment_d3,0.000465260357213,0.00409438370913,-0.0036291233519170005,-0.8863662054497913,,,sampled_flat_reference,source_and_reference_joint_uncertainty_unavailable
55,3,tip,"[-1,-1,-1]",4,16261,800,interval_second_moment_d4,0.000465260357213,0.000567225438714,-0.00010196508150099999,-0.17976112237168484,,,sampled_flat_reference,source_and_reference_joint_uncertainty_unavailable
55,3,tip,"[-1,-1,-1]",4,16261,800,interval_second_moment_d5,0.000465260357213,7.71570990227e-05,0.0003881032581903,5.030039531114539,,,sampled_flat_reference,source_and_reference_joint_uncertainty_unavailable
55,3,tip,"[-1,-1,-1]",4,16261,800,interval_second_moment_d6,0.000465260357213,1.05269535255e-05,0.0004547334036875,43.19705626000676,,,sampled_flat_reference,source_and_reference_joint_uncertainty_unavailable
89,3,tip,"[-1,-1,-1]",6,151595,800,C2_coefficient,0.03585302683482427,0.05,-0.014146973165175734,-0.2829394633035147,0.0022463284528023877,0.04492656905604775,analytic_flat,reported_marginal_not_reconstructed
89,3,tip,"[-1,-1,-1]",6,151595,800,C2_count,823934552.981,1149044621.5,-325110068.51900005,-0.2829394633035146,51622632.5363,0.044926569056047756,analytic_flat,reported_marginal_not_reconstructed
89,3,tip,"[-1,-1,-1]",6,151595,800,C2_dimension,4.39295868027,4,0.3929586802699996,0.0982396700674999,,,analytic_flat,not_retained
89,3,tip,"[-1,-1,-1]",6,151595,800,C3_N_over_C2_squared,0.32601030762544536,0.19047619047619044,0.13553411714925492,0.7115541150335885,,,analytic_flat,not_retained
89,3,tip,"[-1,-1,-1]",6,151595,800,C3_coefficient,0.00041906930207730446,0.0004761904761904762,-5.7121174113171727e-05,-0.11995446563766066,2.24511668744234e-05,0.047147450436289144,analytic_flat,reported_marginal_not_reconstructed
89,3,tip,"[-1,-1,-1]",6,151595,800,C3_count,1459929507140.0,1658924964829.043,-198995457689.04297,-0.11995446563766077,78214082556.8,0.04714745043628914,analytic_flat,reported_marginal_not_reconstructed
89,3,tip,"[-1,-1,-1]",6,151595,800,C3_dimension,4.06049414577,4,0.060494145769999896,0.015123536442499974,,,analytic_flat,not_retained
89,3,tip,"[-1,-1,-1]",6,151595,800,C4_N2_over_C2_cubed,0.0224956110008445,0.011337868480725622,0.011157742520118879,0.9841128902744853,,,analytic_flat,not_retained
89,3,tip,"[-1,-1,-1]",6,151595,800,C4_coefficient,1.036773448768242e-06,1.417233560090703e-06,-3.8046011132246103e-07,-0.2684526545491285,1.6406471478392002e-07,0.11576406275153396,analytic_flat,reported_marginal_not_reconstructed
89,3,tip,"[-1,-1,-1]",6,151595,800,C4_count,547527815292000.0,748451646632036.5,-200923831340036.5,-0.2684526545491285,86643803387200.0,0.11576406275153396,analytic_flat,reported_marginal_not_reconstructed
89,3,tip,"[-1,-1,-1]",6,151595,800,C4_dimension,4.08498561274,4,0.08498561273999972,0.02124640318499993,,,analytic_flat,not_retained
89,3,tip,"[-1,-1,-1]",6,151595,800,cdf_grid_distance_d2,0.659449707381,0.0,0.659449707381,,,,sampled_flat_reference_25_point_grid,source_and_reference_joint_uncertainty_unavailable
89,3,tip,"[-1,-1,-1]",6,151595,800,cdf_grid_distance_d3,0.340209707381,0.0,0.340209707381,,,,sampled_flat_reference_25_point_grid,source_and_reference_joint_uncertainty_unavailable
89,3,tip,"[-1,-1,-1]",6,151595,800,cdf_grid_distance_d4,0.191840580794,0.0,0.191840580794,,,,sampled_flat_reference_25_point_grid,source_and_reference_joint_uncertainty_unavailable
89,3,tip,"[-1,-1,-1]",6,151595,800,cdf_grid_distance_d5,0.304605353841,0.0,0.304605353841,,,,sampled_flat_reference_25_point_grid,source_and_reference_joint_uncertainty_unavailable
89,3,tip,"[-1,-1,-1]",6,151595,800,cdf_grid_distance_d6,0.496530526029,0.0,0.496530526029,,,,sampled_flat_reference_25_point_grid,source_and_reference_joint_uncertainty_unavailable
89,3,tip,"[-1,-1,-1]",6,151595,800,count_volume_coefficient,1.06428081834,1.0,0.0642808183400001,0.0642808183400001,,,supplied_continuum_volume,deterministic_finite_geometry_not_sampling_error
89,3,tip,"[-1,-1,-1]",6,151595,800,empty_interval_weight,0.211020580794,0.0,0.211020580794,,,,continuum_zero_lattice_sensitive_control,not_retained
89,3,tip,"[-1,-1,-1]",6,151595,800,interval_mean,0.00887021093764,0.009523809523809523,-0.0006535985861695227,-0.06862785154779993,,,analytic_flat,not_retained
89,3,tip,"[-1,-1,-1]",6,151595,800,interval_mean_sampled_reference_d2,0.00887021093764,0.111230923338,-0.10236071240036,-0.9202540923742413,,,sampled_flat_reference,source_and_reference_joint_uncertainty_unavailable
89,3,tip,"[-1,-1,-1]",6,151595,800,interval_mean_sampled_reference_d3,0.00887021093764,0.0334036486429,-0.024533437705259998,-0.7344538307037493,,,sampled_flat_reference,source_and_reference_joint_uncertainty_unavailable
89,3,tip,"[-1,-1,-1]",6,151595,800,interval_mean_sampled_reference_d4,0.00887021093764,0.00953169216111,-0.0006614812234699997,-0.06939808926781033,,,sampled_flat_reference,source_and_reference_joint_uncertainty_unavailable
89,3,tip,"[-1,-1,-1]",6,151595,800,interval_mean_sampled_reference_d5,0.00887021093764,0.00264783067105,0.00622238026659,2.3499917629258777,,,sampled_flat_reference,source_and_reference_joint_uncertainty_unavailable
89,3,tip,"[-1,-1,-1]",6,151595,800,interval_mean_sampled_reference_d6,0.00887021093764,0.000728317610158,0.008141893327482,11.179042239162268,,,sampled_flat_reference,source_and_reference_joint_uncertainty_unavailable
89,3,tip,"[-1,-1,-1]",6,151595,800,interval_second_moment_d2,0.00047596278589,0.0278764142498,-0.02740045146391,-0.982925968109639,,,sampled_flat_reference,source_and_reference_joint_uncertainty_unavailable
89,3,tip,"[-1,-1,-1]",6,151595,800,interval_second_moment_d3,0.00047596278589,0.00409438370913,-0.0036184209232400003,-0.8837522763612364,,,sampled_flat_reference,source_and_reference_joint_uncertainty_unavailable
89,3,tip,"[-1,-1,-1]",6,151595,800,interval_second_moment_d4,0.00047596278589,0.000567225438714,-9.126265282399999e-05,-0.16089308870016217,,,sampled_flat_reference,source_and_reference_joint_uncertainty_unavailable
89,3,tip,"[-1,-1,-1]",6,151595,800,interval_second_moment_d5,0.00047596278589,7.71570990227e-05,0.00039880568686730003,5.168749109527425,,,sampled_flat_reference,source_and_reference_joint_uncertainty_unavailable
89,3,tip,"[-1,-1,-1]",6,151595,800,interval_second_moment_d6,0.00047596278589,1.05269535255e-05,0.0004654358323645,44.21372538950134,,,sampled_flat_reference,source_and_reference_joint_uncertainty_unavailable
144,3,tip,"[-1,-1,-1]",8,949468,400,C2_coefficient,0.047933846041998164,0.05,-0.0020661539580018387,-0.041323079160036746,0.004174368444627849,0.08348736889255697,analytic_flat,reported_marginal_not_reconstructed
144,3,tip,"[-1,-1,-1]",8,949468,400,C2_count,43211812576.1,45074426677.8,-1862614101.7000046,-0.04132307916003686,3763145287.67,0.08348736889255697,analytic_flat,reported_marginal_not_reconstructed
144,3,tip,"[-1,-1,-1]",8,949468,400,C2_dimension,4.05010235641,4,0.05010235641000005,0.012525589102500012,,,analytic_flat,not_retained
144,3,tip,"[-1,-1,-1]",8,949468,400,C3_N_over_C2_squared,0.15376651013159665,0.19047619047619044,-0.03670968034459379,-0.19272582180911746,,,analytic_flat,not_retained
144,3,tip,"[-1,-1,-1]",8,949468,400,C3_coefficient,0.0003533025471125438,0.0004761904761904762,-0.0001228879290779324,-0.25806465106365806,3.0052587389207643e-05,0.06311043351733606,analytic_flat,reported_marginal_not_reconstructed
144,3,tip,"[-1,-1,-1]",8,949468,400,C3_count,302403207307000.0,407587005714895.8,-105183798407895.81,-0.25806465106365806,25722992626700.0,0.06311043351733604,analytic_flat,reported_marginal_not_reconstructed
144,3,tip,"[-1,-1,-1]",8,949468,400,C3_dimension,4.14117393561,4,0.14117393561000036,0.03529348390250009,,,analytic_flat,not_retained
144,3,tip,"[-1,-1,-1]",8,949468,400,C4_N2_over_C2_cubed,0.006832779119232286,0.011337868480725622,-0.004505089361493336,-0.3973488816837123,,,analytic_flat,not_retained
144,3,tip,"[-1,-1,-1]",8,949468,400,C4_coefficient,7.525330597773517e-07,1.417233560090703e-06,-6.647005003133512e-07,-0.4690126730211006,1.5287786801705916e-07,0.10787062367283694,analytic_flat,reported_marginal_not_reconstructed
144,3,tip,"[-1,-1,-1]",8,949468,400,C4_count,6.1156717664e+17,1.151754751134207e+18,-5.40187574494207e+17,-0.4690126730211006,1.24240503323e+17,0.10787062367283694,analytic_flat,reported_marginal_not_reconstructed
144,3,tip,"[-1,-1,-1]",8,949468,400,C4_dimension,4.17194214472,4,0.17194214472000002,0.042985536180000006,,,analytic_flat,not_retained
144,3,tip,"[-1,-1,-1]",8,949468,400,cdf_grid_distance_d2,0.560980752267,0.0,0.560980752267,,,,sampled_flat_reference_25_point_grid,source_and_reference_joint_uncertainty_unavailable
144,3,tip,"[-1,-1,-1]",8,949468,400,cdf_grid_distance_d3,0.27777374180000003,0.0,0.27777374180000003,,,,sampled_flat_reference_25_point_grid,source_and_reference_joint_uncertainty_unavailable
144,3,tip,"[-1,-1,-1]",8,949468,400,cdf_grid_distance_d4,0.11684832743099993,0.0,0.11684832743099993,,,,sampled_flat_reference_25_point_grid,source_and_reference_joint_uncertainty_unavailable
144,3,tip,"[-1,-1,-1]",8,949468,400,cdf_grid_distance_d5,0.33019977920800003,0.0,0.33019977920800003,,,,sampled_flat_reference_25_point_grid,source_and_reference_joint_uncertainty_unavailable
144,3,tip,"[-1,-1,-1]",8,949468,400,cdf_grid_distance_d6,0.561235779208,0.0,0.561235779208,,,,sampled_flat_reference_25_point_grid,source_and_reference_joint_uncertainty_unavailable
144,3,tip,"[-1,-1,-1]",8,949468,400,count_volume_coefficient,1.02479740063,1.0,0.02479740063000002,0.02479740063000002,,,supplied_continuum_volume,deterministic_finite_geometry_not_sampling_error
144,3,tip,"[-1,-1,-1]",8,949468,400,empty_interval_weight,0.0669825311588,0.0,0.0669825311588,,,,continuum_zero_lattice_sensitive_control,not_retained
144,3,tip,"[-1,-1,-1]",8,949468,400,interval_mean,0.0136023159762,0.009523809523809523,0.004078506452390477,0.42824317750100005,,,analytic_flat,not_retained
144,3,tip,"[-1,-1,-1]",8,949468,400,interval_mean_sampled_reference_d2,0.0136023159762,0.111230923338,-0.0976286073618,-0.8777110216475833,,,sampled_flat_reference,source_and_reference_joint_uncertainty_unavailable
144,3,tip,"[-1,-1,-1]",8,949468,400,interval_mean_sampled_reference_d3,0.0136023159762,0.0334036486429,-0.0198013326667,-0.5927895146540767,,,sampled_flat_reference,source_and_reference_joint_uncertainty_unavailable
144,3,tip,"[-1,-1,-1]",8,949468,400,interval_mean_sampled_reference_d4,0.0136023159762,0.00953169216111,0.00407062381509,0.4270620311992914,,,sampled_flat_reference,source_and_reference_joint_uncertainty_unavailable
144,3,tip,"[-1,-1,-1]",8,949468,400,interval_mean_sampled_reference_d5,0.0136023159762,0.00264783067105,0.010954485305149999,4.137154775386746,,,sampled_flat_reference,source_and_reference_joint_uncertainty_unavailable
144,3,tip,"[-1,-1,-1]",8,949468,400,interval_mean_sampled_reference_d6,0.0136023159762,0.000728317610158,0.012873998366042,17.67635189165498,,,sampled_flat_reference,source_and_reference_joint_uncertainty_unavailable
144,3,tip,"[-1,-1,-1]",8,949468,400,interval_second_moment_d2,0.000667390578119,0.0278764142498,-0.027209023671680998,-0.976058951766948,,,sampled_flat_reference,source_and_reference_joint_uncertainty_unavailable
144,3,tip,"[-1,-1,-1]",8,949468,400,interval_second_moment_d3,0.000667390578119,0.00409438370913,-0.0034269931310110004,-0.8369985263885267,,,sampled_flat_reference,source_and_reference_joint_uncertainty_unavailable
144,3,tip,"[-1,-1,-1]",8,949468,400,interval_second_moment_d4,0.000667390578119,0.000567225438714,0.00010016513940499995,0.1765878829977936,,,sampled_flat_reference,source_and_reference_joint_uncertainty_unavailable
144,3,tip,"[-1,-1,-1]",8,949468,400,interval_second_moment_d5,0.000667390578119,7.71570990227e-05,0.0005902334790963,7.649762453130208,,,sampled_flat_reference,source_and_reference_joint_uncertainty_unavailable
144,3,tip,"[-1,-1,-1]",8,949468,400,interval_second_moment_d6,0.000667390578119,1.05269535255e-05,0.0006568636245934999,62.39826394239741,,,sampled_flat_reference,source_and_reference_joint_uncertainty_unavailable
55,3,tip,"[-1,-1,1]",4,16311,800,C2_coefficient,0.034749693439607605,0.05,-0.015250306560392397,-0.3050061312078479,0.002285451894752222,0.045709037895044435,analytic_flat,reported_marginal_not_reconstructed
55,3,tip,"[-1,-1,1]",4,16311,800,C2_count,9244544.6925,13301620.5,-4057075.807499999,-0.3050061312078479,608004.2755,0.04570903789504444,analytic_flat,reported_marginal_not_reconstructed
55,3,tip,"[-1,-1,1]",4,16311,800,C2_dimension,4.42967827821,4,0.42967827820999993,0.10741956955249998,,,analytic_flat,not_retained
55,3,tip,"[-1,-1,1]",4,16311,800,C3_N_over_C2_squared,0.3099508212684494,0.19047619047619044,0.11947463079225898,0.6272418116593597,,,analytic_flat,not_retained
55,3,tip,"[-1,-1,1]",4,16311,800,C3_coefficient,0.0003743013340340235,0.0004761904761904762,-0.0001018891421564527,-0.21396719852855073,3.3361192922629296e-05,0.07005850513752152,analytic_flat,reported_marginal_not_reconstructed
55,3,tip,"[-1,-1,1]",4,16311,800,C3_count,1623989647.71,2066058368.9,-442068721.19000006,-0.21396719852855073,144744960.852,0.07005850513752153,analytic_flat,reported_marginal_not_reconstructed
55,3,tip,"[-1,-1,1]",4,16311,800,C3_dimension,4.11390453072,4,0.11390453072000017,0.028476132680000044,,,analytic_flat,not_retained
55,3,tip,"[-1,-1,1]",4,16311,800,C4_N2_over_C2_cubed,0.0011779845953549454,0.011337868480725622,-0.010159883885370676,-0.8961017586896938,,,analytic_flat,not_retained
55,3,tip,"[-1,-1,1]",4,16311,800,C4_coefficient,4.943931338048511e-08,1.417233560090703e-06,-1.3677942467102178e-06,-0.9651156204787297,4.645377830399477e-09,0.003277778597129871,analytic_flat,reported_marginal_not_reconstructed
55,3,tip,"[-1,-1,1]",4,16311,800,C4_count,3498122507.89,100277618690.53929,-96779496182.64929,-0.9651156204787297,328687832.315,0.003277778597129871,analytic_flat,reported_marginal_not_reconstructed
55,3,tip,"[-1,-1,1]",4,16311,800,C4_dimension,4.90524623425,4,0.9052462342499998,0.22631155856249996,,,analytic_flat,not_retained
55,3,tip,"[-1,-1,1]",4,16311,800,cdf_grid_distance_d2,0.6515331431629999,0.0,0.6515331431629999,,,,sampled_flat_reference_25_point_grid,source_and_reference_joint_uncertainty_unavailable
55,3,tip,"[-1,-1,1]",4,16311,800,cdf_grid_distance_d3,0.6495711431629999,0.0,0.6495711431629999,,,,sampled_flat_reference_25_point_grid,source_and_reference_joint_uncertainty_unavailable
55,3,tip,"[-1,-1,1]",4,16311,800,cdf_grid_distance_d4,0.632412143163,0.0,0.632412143163,,,,sampled_flat_reference_25_point_grid,source_and_reference_joint_uncertainty_unavailable
55,3,tip,"[-1,-1,1]",4,16311,800,cdf_grid_distance_d5,0.5715851431629999,0.0,0.5715851431629999,,,,sampled_flat_reference_25_point_grid,source_and_reference_joint_uncertainty_unavailable
55,3,tip,"[-1,-1,1]",4,16311,800,cdf_grid_distance_d6,0.44582614316299995,0.0,0.44582614316299995,,,,sampled_flat_reference_25_point_grid,source_and_reference_joint_uncertainty_unavailable
55,3,tip,"[-1,-1,1]",4,16311,800,count_volume_coefficient,1.19332285143,1.0,0.19332285143000005,0.19332285143000005,,,supplied_continuum_volume,deterministic_finite_geometry_not_sampling_error
55,3,tip,"[-1,-1,1]",4,16311,800,empty_interval_weight,0.651592143163,0.0,0.651592143163,,,,continuum_zero_lattice_sensitive_control,not_retained
55,3,tip,"[-1,-1,1]",4,16311,800,interval_mean,0.0118123132217,0.009523809523809523,0.002288503697890477,0.24029288827850004,,,analytic_flat,not_retained
55,3,tip,"[-1,-1,1]",4,16311,800,interval_mean_sampled_reference_d2,0.0118123132217,0.111230923338,-0.0994186101163,-0.8938036935483701,,,sampled_flat_reference,source_and_reference_joint_uncertainty_unavailable
55,3,tip,"[-1,-1,1]",4,16311,800,interval_mean_sampled_reference_d3,0.0118123132217,0.0334036486429,-0.021591335421199998,-0.6463765576036639,,,sampled_flat_reference,source_and_reference_joint_uncertainty_unavailable
55,3,tip,"[-1,-1,1]",4,16311,800,interval_mean_sampled_reference_d4,0.0118123132217,0.00953169216111,0.00228062106059,0.23926717544394704,,,sampled_flat_reference,source_and_reference_joint_uncertainty_unavailable
55,3,tip,"[-1,-1,1]",4,16311,800,interval_mean_sampled_reference_d5,0.0118123132217,0.00264783067105,0.00916448255065,3.46112863290303,,,sampled_flat_reference,source_and_reference_joint_uncertainty_unavailable
55,3,tip,"[-1,-1,1]",4,16311,800,interval_mean_sampled_reference_d6,0.0118123132217,0.000728317610158,0.011083995611542,15.218629148809757,,,sampled_flat_reference,source_and_reference_joint_uncertainty_unavailable
55,3,tip,"[-1,-1,1]",4,16311,800,interval_second_moment_d2,0.000562091198741,0.0278764142498,-0.027314323051059,-0.9798363163316447,,,sampled_flat_reference,source_and_reference_joint_uncertainty_unavailable
55,3,tip,"[-1,-1,1]",4,16311,800,interval_second_moment_d3,0.000562091198741,0.00409438370913,-0.0035322925103890004,-0.8627165310648335,,,sampled_flat_reference,source_and_reference_joint_uncertainty_unavailable
55,3,tip,"[-1,-1,1]",4,16311,800,interval_second_moment_d4,0.000562091198741,0.000567225438714,-5.134239972999976e-06,-0.009051498086263932,,,sampled_flat_reference,source_and_reference_joint_uncertainty_unavailable
55,3,tip,"[-1,-1,1]",4,16311,800,interval_second_moment_d5,0.000562091198741,7.71570990227e-05,0.00048493409971830004,6.285022452381601,,,sampled_flat_reference,source_and_reference_joint_uncertainty_unavailable
55,3,tip,"[-1,-1,1]",4,16311,800,interval_second_moment_d6,0.000562091198741,1.05269535255e-05,0.0005515642452155001,52.39542892247188,,,sampled_flat_reference,source_and_reference_joint_uncertainty_unavailable
89,3,tip,"[-1,-1,1]",6,151271,800,C2_coefficient,0.04245096516160967,0.05,-0.0075490348383903325,-0.15098069676780668,0.0028287668365678917,0.05657533673135783,analytic_flat,reported_marginal_not_reconstructed
89,3,tip,"[-1,-1,1]",6,151271,800,C2_count,971395424.582,1144138208.5,-172742783.91799998,-0.15098069676780657,64730004.4131,0.05657533673135783,analytic_flat,reported_marginal_not_reconstructed
89,3,tip,"[-1,-1,1]",6,151271,800,C2_dimension,4.19391145879,4,0.1939114587899997,0.04847786469749993,,,analytic_flat,not_retained
89,3,tip,"[-1,-1,1]",6,151271,800,C3_N_over_C2_squared,0.2236960935031532,0.19047619047619044,0.03321990302696276,0.17440449089155452,,,analytic_flat,not_retained
89,3,tip,"[-1,-1,1]",6,151271,800,C3_coefficient,0.00040312191501242574,0.0004761904761904762,-7.306856117805045e-05,-0.1534439784739059,2.39833861882857e-05,0.05036511099539997,analytic_flat,reported_marginal_not_reconstructed
89,3,tip,"[-1,-1,1]",6,151271,800,C3_count,1395387502920.0,1648310882491.3,-252923379571.30005,-0.153443978473906,83017360551.6,0.05036511099539997,analytic_flat,reported_marginal_not_reconstructed
89,3,tip,"[-1,-1,1]",6,151271,800,C3_dimension,4.07884376612,4,0.07884376612000032,0.01971094153000008,,,analytic_flat,not_retained
89,3,tip,"[-1,-1,1]",6,151271,800,C4_N2_over_C2_cubed,0.014580137405028877,0.011337868480725622,0.003242268924303255,0.28596811912354725,,,analytic_flat,not_retained
89,3,tip,"[-1,-1,1]",6,151271,800,C4_coefficient,1.1154058969201329e-06,1.417233560090703e-06,-3.018276631705701e-07,-0.21296959913315427,1.7076814525337766e-07,0.12049400329078327,analytic_flat,reported_marginal_not_reconstructed
89,3,tip,"[-1,-1,1]",6,151271,800,C4_count,584034391465000.0,742073483847303.5,-158039092382303.5,-0.21296959913315427,89415404804700.0,0.12049400329078327,analytic_flat,reported_marginal_not_reconstructed
89,3,tip,"[-1,-1,1]",6,151271,800,C4_dimension,4.06512425955,4,0.06512425955000012,0.01628106488750003,,,analytic_flat,not_retained
89,3,tip,"[-1,-1,1]",6,151271,800,cdf_grid_distance_d2,0.556683011185,0.0,0.556683011185,,,,sampled_flat_reference_25_point_grid,source_and_reference_joint_uncertainty_unavailable
89,3,tip,"[-1,-1,1]",6,151271,800,cdf_grid_distance_d3,0.280033434773,0.0,0.280033434773,,,,sampled_flat_reference_25_point_grid,source_and_reference_joint_uncertainty_unavailable
89,3,tip,"[-1,-1,1]",6,151271,800,cdf_grid_distance_d4,0.222251109197,0.0,0.222251109197,,,,sampled_flat_reference_25_point_grid,source_and_reference_joint_uncertainty_unavailable
89,3,tip,"[-1,-1,1]",6,151271,800,cdf_grid_distance_d5,0.295695275699,0.0,0.295695275699,,,,sampled_flat_reference_25_point_grid,source_and_reference_joint_uncertainty_unavailable
89,3,tip,"[-1,-1,1]",6,151271,800,cdf_grid_distance_d6,0.465166917768,0.0,0.465166917768,,,,sampled_flat_reference_25_point_grid,source_and_reference_joint_uncertainty_unavailable
89,3,tip,"[-1,-1,1]",6,151271,800,count_volume_coefficient,1.06200615898,1.0,0.06200615898000006,0.06200615898000006,,,supplied_continuum_volume,deterministic_finite_geometry_not_sampling_error
89,3,tip,"[-1,-1,1]",6,151271,800,empty_interval_weight,0.241431109197,0.0,0.241431109197,,,,continuum_zero_lattice_sensitive_control,not_retained
89,3,tip,"[-1,-1,1]",6,151271,800,interval_mean,0.0133153084446,0.009523809523809523,0.0037914989207904776,0.3981073866830003,,,analytic_flat,not_retained
89,3,tip,"[-1,-1,1]",6,151271,800,interval_mean_sampled_reference_d2,0.0133153084446,0.111230923338,-0.0979156148934,-0.8802913070842857,,,sampled_flat_reference,source_and_reference_joint_uncertainty_unavailable
89,3,tip,"[-1,-1,1]",6,151271,800,interval_mean_sampled_reference_d3,0.0133153084446,0.0334036486429,-0.020088340198299998,-0.6013816159142785,,,sampled_flat_reference,source_and_reference_joint_uncertainty_unavailable
89,3,tip,"[-1,-1,1]",6,151271,800,interval_mean_sampled_reference_d4,0.0133153084446,0.00953169216111,0.0037836162834900006,0.39695116245229056,,,sampled_flat_reference,source_and_reference_joint_uncertainty_unavailable
89,3,tip,"[-1,-1,1]",6,151271,800,interval_mean_sampled_reference_d5,0.0133153084446,0.00264783067105,0.01066747777355,4.028761314000415,,,sampled_flat_reference,source_and_reference_joint_uncertainty_unavailable
89,3,tip,"[-1,-1,1]",6,151271,800,interval_mean_sampled_reference_d6,0.0133153084446,0.000728317610158,0.012586990834442001,17.2822827004161,,,sampled_flat_reference,source_and_reference_joint_uncertainty_unavailable
89,3,tip,"[-1,-1,1]",6,151271,800,interval_second_moment_d2,0.000833432167483,0.0278764142498,-0.027042982082317,-0.9701026050189012,,,sampled_flat_reference,source_and_reference_joint_uncertainty_unavailable
89,3,tip,"[-1,-1,1]",6,151271,800,interval_second_moment_d3,0.000833432167483,0.00409438370913,-0.0032609515416470005,-0.7964450264823634,,,sampled_flat_reference,source_and_reference_joint_uncertainty_unavailable
89,3,tip,"[-1,-1,1]",6,151271,800,interval_second_moment_d4,0.000833432167483,0.000567225438714,0.00026620672876899996,0.4693138047061809,,,sampled_flat_reference,source_and_reference_joint_uncertainty_unavailable
89,3,tip,"[-1,-1,1]",6,151271,800,interval_second_moment_d5,0.000833432167483,7.71570990227e-05,0.0007562750684603,9.80175613183435,,,sampled_flat_reference,source_and_reference_joint_uncertainty_unavailable
89,3,tip,"[-1,-1,1]",6,151271,800,interval_second_moment_d6,0.000833432167483,1.05269535255e-05,0.0008229052139575,78.17125932627448,,,sampled_flat_reference,source_and_reference_joint_uncertainty_unavailable
144,3,tip,"[-1,-1,1]",8,949468,400,C2_coefficient,0.03679325611104911,0.05,-0.013206743888950892,-0.2641348777790178,0.003586207358919416,0.07172414717838832,analytic_flat,reported_marginal_not_reconstructed
144,3,tip,"[-1,-1,1]",8,949468,400,C2_count,33168698496.3,45074426677.8,-11905728181.500004,-0.2641348777790178,3232924813.02,0.0717241471783883,analytic_flat,reported_marginal_not_reconstructed
144,3,tip,"[-1,-1,1]",8,949468,400,C2_dimension,4.36252253346,4,0.36252253345999996,0.09063063336499999,,,analytic_flat,not_retained
144,3,tip,"[-1,-1,1]",8,949468,400,C3_N_over_C2_squared,0.28431654399960177,0.19047619047619044,0.09384035352341133,0.4926618559979097,,,analytic_flat,not_retained
144,3,tip,"[-1,-1,1]",8,949468,400,C3_coefficient,0.00038489213427270777,0.0004761904761904762,-9.129834191776842e-05,-0.19172651802731366,2.827567732796708e-05,0.05937892238873087,analytic_flat,reported_marginal_not_reconstructed
144,3,tip,"[-1,-1,1]",8,949468,400,C3_count,329441768316000.0,407587005714895.8,-78145237398895.81,-0.19172651802731377,24202077179000.0,0.05937892238873086,analytic_flat,reported_marginal_not_reconstructed
144,3,tip,"[-1,-1,1]",8,949468,400,C3_dimension,4.10071989512,4,0.10071989512000012,0.02517997378000003,,,analytic_flat,not_retained
144,3,tip,"[-1,-1,1]",8,949468,400,C4_N2_over_C2_cubed,0.025884507781073995,0.011337868480725622,0.014546639300348373,1.2830135862907266,,,analytic_flat,not_retained
144,3,tip,"[-1,-1,1]",8,949468,400,C4_coefficient,1.2892761641928667e-06,1.417233560090703e-06,-1.279573958978363e-07,-0.09028673854551328,4.5619568151548697e-07,0.3218916728773276,analytic_flat,reported_marginal_not_reconstructed
144,3,tip,"[-1,-1,1]",8,949468,400,C4_count,1.04776657105e+18,1.151754751134207e+18,-1.0398818008420698e+17,-0.09028673854551339,3.70740263587e+17,0.3218916728773276,analytic_flat,reported_marginal_not_reconstructed
144,3,tip,"[-1,-1,1]",8,949468,400,C4_dimension,4.02574265666,4,0.025742656660000307,0.006435664165000077,,,analytic_flat,not_retained
144,3,tip,"[-1,-1,1]",8,949468,400,cdf_grid_distance_d2,0.633281496517,0.0,0.633281496517,,,,sampled_flat_reference_25_point_grid,source_and_reference_joint_uncertainty_unavailable
144,3,tip,"[-1,-1,1]",8,949468,400,cdf_grid_distance_d3,0.32561126525300005,0.0,0.32561126525300005,,,,sampled_flat_reference_25_point_grid,source_and_reference_joint_uncertainty_unavailable
144,3,tip,"[-1,-1,1]",8,949468,400,cdf_grid_distance_d4,0.0707253665009,0.0,0.0707253665009,,,,sampled_flat_reference_25_point_grid,source_and_reference_joint_uncertainty_unavailable
144,3,tip,"[-1,-1,1]",8,949468,400,cdf_grid_distance_d5,0.318324799556,0.0,0.318324799556,,,,sampled_flat_reference_25_point_grid,source_and_reference_joint_uncertainty_unavailable
144,3,tip,"[-1,-1,1]",8,949468,400,cdf_grid_distance_d6,0.549360799556,0.0,0.549360799556,,,,sampled_flat_reference_25_point_grid,source_and_reference_joint_uncertainty_unavailable
144,3,tip,"[-1,-1,1]",8,949468,400,count_volume_coefficient,1.02479740063,1.0,0.02479740063000002,0.02479740063000002,,,supplied_continuum_volume,deterministic_finite_geometry_not_sampling_error
144,3,tip,"[-1,-1,1]",8,949468,400,empty_interval_weight,0.0899053665009,0.0,0.0899053665009,,,,continuum_zero_lattice_sensitive_control,not_retained
144,3,tip,"[-1,-1,1]",8,949468,400,interval_mean,0.00755307387756,0.009523809523809523,-0.001970735646249523,-0.2069272428561999,,,analytic_flat,not_retained
144,3,tip,"[-1,-1,1]",8,949468,400,interval_mean_sampled_reference_d2,0.00755307387756,0.111230923338,-0.10367784946044,-0.9320955571445874,,,sampled_flat_reference,source_and_reference_joint_uncertainty_unavailable
144,3,tip,"[-1,-1,1]",8,949468,400,interval_mean_sampled_reference_d3,0.00755307387756,0.0334036486429,-0.025850574765339997,-0.7738847645565384,,,sampled_flat_reference,source_and_reference_joint_uncertainty_unavailable
144,3,tip,"[-1,-1,1]",8,949468,400,interval_mean_sampled_reference_d4,0.00755307387756,0.00953169216111,-0.00197861828355,-0.20758310802597124,,,sampled_flat_reference,source_and_reference_joint_uncertainty_unavailable
144,3,tip,"[-1,-1,1]",8,949468,400,interval_mean_sampled_reference_d5,0.00755307387756,0.00264783067105,0.00490524320651,1.8525516983171815,,,sampled_flat_reference,source_and_reference_joint_uncertainty_unavailable
144,3,tip,"[-1,-1,1]",8,949468,400,interval_mean_sampled_reference_d6,0.00755307387756,0.000728317610158,0.006824756267402,9.37057702877931,,,sampled_flat_reference,source_and_reference_joint_uncertainty_unavailable
144,3,tip,"[-1,-1,1]",8,949468,400,interval_second_moment_d2,0.000190526068444,0.0278764142498,-0.027685888181356,-0.9931653308514969,,,sampled_flat_reference,source_and_reference_joint_uncertainty_unavailable
144,3,tip,"[-1,-1,1]",8,949468,400,interval_second_moment_d3,0.000190526068444,0.00409438370913,-0.0039038576406860005,-0.953466484340696,,,sampled_flat_reference,source_and_reference_joint_uncertainty_unavailable
144,3,tip,"[-1,-1,1]",8,949468,400,interval_second_moment_d4,0.000190526068444,0.000567225438714,-0.00037669937026999997,-0.6641087380073147,,,sampled_flat_reference,source_and_reference_joint_uncertainty_unavailable
144,3,tip,"[-1,-1,1]",8,949468,400,interval_second_moment_d5,0.000190526068444,7.71570990227e-05,0.0001133689694213,1.469326489166555,,,sampled_flat_reference,source_and_reference_joint_uncertainty_unavailable
144,3,tip,"[-1,-1,1]",8,949468,400,interval_second_moment_d6,0.000190526068444,1.05269535255e-05,0.0001799991149185,17.098879982938897,,,sampled_flat_reference,source_and_reference_joint_uncertainty_unavailable
55,3,tip,"[-1,0,0]",4,16102,800,C2_coefficient,0.030912676231289984,0.05,-0.01908732376871002,-0.38174647537420037,0.002126034445330896,0.04252068890661792,analytic_flat,reported_marginal_not_reconstructed
55,3,tip,"[-1,0,0]",4,16102,800,C2_count,8014367.95,12962915.100000001,-4948547.150000001,-0.38174647537420037,551192.08029,0.04252068890661792,analytic_flat,reported_marginal_not_reconstructed
55,3,tip,"[-1,0,0]",4,16102,800,C2_dimension,4.5668373403,4,0.5668373403000002,0.14170933507500005,,,analytic_flat,not_retained
55,3,tip,"[-1,0,0]",4,16102,800,C3_N_over_C2_squared,0.37145358258434513,0.19047619047619044,0.1809773921081547,0.9501313085678122,,,analytic_flat,not_retained
55,3,tip,"[-1,0,0]",4,16102,800,C3_coefficient,0.0003549806954244008,0.0004761904761904762,-0.00012120978076607538,-0.25454053960875833,3.0573844861762805e-05,0.0642050742097019,analytic_flat,reported_marginal_not_reconstructed
55,3,tip,"[-1,0,0]",4,16102,800,C3_count,1481710246.65,1987646982.0,-505936735.3499999,-0.25454053960875833,127617021.982,0.06420507420970188,analytic_flat,reported_marginal_not_reconstructed
55,3,tip,"[-1,0,0]",4,16102,800,C3_dimension,4.13893649138,4,0.13893649137999997,0.03473412284499999,,,analytic_flat,not_retained
55,3,tip,"[-1,0,0]",4,16102,800,C4_N2_over_C2_cubed,0.0015467983250641892,0.011337868480725622,-0.009791070155661432,-0.8635723877293385,,,analytic_flat,not_retained
55,3,tip,"[-1,0,0]",4,16102,800,C4_coefficient,4.5700866293436556e-08,1.417233560090703e-06,-1.3715326937972664e-06,-0.9677534687433511,4.333545491813702e-09,0.003057749699023748,analytic_flat,reported_marginal_not_reconstructed
55,3,tip,"[-1,0,0]",4,16102,800,C4_count,3071014600.74,95235502271.48215,-92164487670.74214,-0.9677534687433512,291206328.407,0.003057749699023748,analytic_flat,reported_marginal_not_reconstructed
55,3,tip,"[-1,0,0]",4,16102,800,C4_dimension,4.92629311819,4,0.9262931181900003,0.23157327954750007,,,analytic_flat,not_retained
55,3,tip,"[-1,0,0]",4,16102,800,cdf_grid_distance_d2,0.7366530397809999,0.0,0.7366530397809999,,,,sampled_flat_reference_25_point_grid,source_and_reference_joint_uncertainty_unavailable
55,3,tip,"[-1,0,0]",4,16102,800,cdf_grid_distance_d3,0.7346910397809999,0.0,0.7346910397809999,,,,sampled_flat_reference_25_point_grid,source_and_reference_joint_uncertainty_unavailable
55,3,tip,"[-1,0,0]",4,16102,800,cdf_grid_distance_d4,0.717532039781,0.0,0.717532039781,,,,sampled_flat_reference_25_point_grid,source_and_reference_joint_uncertainty_unavailable
55,3,tip,"[-1,0,0]",4,16102,800,cdf_grid_distance_d5,0.6567050397809999,0.0,0.6567050397809999,,,,sampled_flat_reference_25_point_grid,source_and_reference_joint_uncertainty_unavailable
55,3,tip,"[-1,0,0]",4,16102,800,cdf_grid_distance_d6,0.530946039781,0.0,0.530946039781,,,,sampled_flat_reference_25_point_grid,source_and_reference_joint_uncertainty_unavailable
55,3,tip,"[-1,0,0]",4,16102,800,count_volume_coefficient,1.17803228212,1.0,0.17803228212,0.17803228212,,,supplied_continuum_volume,deterministic_finite_geometry_not_sampling_error
55,3,tip,"[-1,0,0]",4,16102,800,empty_interval_weight,0.736712039781,0.0,0.736712039781,,,,continuum_zero_lattice_sensitive_control,not_retained
55,3,tip,"[-1,0,0]",4,16102,800,interval_mean,0.0100625403966,0.009523809523809523,0.0005387308727904765,0.05656674164300002,,,analytic_flat,not_retained
55,3,tip,"[-1,0,0]",4,16102,800,interval_mean_sampled_reference_d2,0.0100625403966,0.111230923338,-0.1011683829414,-0.909534686087045,,,sampled_flat_reference,source_and_reference_joint_uncertainty_unavailable
55,3,tip,"[-1,0,0]",4,16102,800,interval_mean_sampled_reference_d3,0.0100625403966,0.0334036486429,-0.0233411082463,-0.698759243214025,,,sampled_flat_reference,source_and_reference_joint_uncertainty_unavailable
55,3,tip,"[-1,0,0]",4,16102,800,interval_mean_sampled_reference_d4,0.0100625403966,0.00953169216111,0.0005308482354899995,0.05569296894164277,,,sampled_flat_reference,source_and_reference_joint_uncertainty_unavailable
55,3,tip,"[-1,0,0]",4,16102,800,interval_mean_sampled_reference_d5,0.0100625403966,0.00264783067105,0.007414709725549999,2.8002960335109677,,,sampled_flat_reference,source_and_reference_joint_uncertainty_unavailable
55,3,tip,"[-1,0,0]",4,16102,800,interval_mean_sampled_reference_d6,0.0100625403966,0.000728317610158,0.009334222786442,12.81614319941687,,,sampled_flat_reference,source_and_reference_joint_uncertainty_unavailable
55,3,tip,"[-1,0,0]",4,16102,800,interval_second_moment_d2,0.00054845847492,0.0278764142498,-0.027327955774879998,-0.9803253578453357,,,sampled_flat_reference,source_and_reference_joint_uncertainty_unavailable
55,3,tip,"[-1,0,0]",4,16102,800,interval_second_moment_d3,0.00054845847492,0.00409438370913,-0.0035459252342100005,-0.8660461466527914,,,sampled_flat_reference,source_and_reference_joint_uncertainty_unavailable
55,3,tip,"[-1,0,0]",4,16102,800,interval_second_moment_d4,0.00054845847492,0.000567225438714,-1.8766963794000042e-05,-0.0330855467916743,,,sampled_flat_reference,source_and_reference_joint_uncertainty_unavailable
55,3,tip,"[-1,0,0]",4,16102,800,interval_second_moment_d5,0.00054845847492,7.71570990227e-05,0.0004713013758973,6.1083345779840785,,,sampled_flat_reference,source_and_reference_joint_uncertainty_unavailable
55,3,tip,"[-1,0,0]",4,16102,800,interval_second_moment_d6,0.00054845847492,1.05269535255e-05,0.0005379315213945,51.10039861878746,,,sampled_flat_reference,source_and_reference_joint_uncertainty_unavailable
89,3,tip,"[-1,0,0]",6,151624,800,C2_coefficient,0.04293564465813234,0.05,-0.0070643553418676605,-0.14128710683735324,0.0027486207508514012,0.05497241501702802,analytic_flat,reported_marginal_not_reconstructed
89,3,tip,"[-1,0,0]",6,151624,800,C2_count,987076978.25,1149484287.6000001,-162407309.35000014,-0.14128710683735324,63189927.3135,0.05497241501702802,analytic_flat,reported_marginal_not_reconstructed
89,3,tip,"[-1,0,0]",6,151624,800,C2_dimension,4.18049589419,4,0.1804958941899999,0.045123973547499974,,,analytic_flat,not_retained
89,3,tip,"[-1,0,0]",6,151624,800,C3_N_over_C2_squared,0.22309141382248915,0.19047619047619044,0.03261522334629871,0.17122992256806824,,,analytic_flat,not_retained
89,3,tip,"[-1,0,0]",6,151624,800,C3_coefficient,0.00041126494785180697,0.0004761904761904762,-6.492552833866922e-05,-0.1363436095112054,2.2631611064233865e-05,0.04752638323489112,analytic_flat,reported_marginal_not_reconstructed
89,3,tip,"[-1,0,0]",6,151624,800,C3_count,1433563556590.0,1659877206233.2114,-226313649643.21143,-0.1363436095112054,78887960226.3,0.04752638323489112,analytic_flat,reported_marginal_not_reconstructed
89,3,tip,"[-1,0,0]",6,151624,800,C3_dimension,4.06938620685,4,0.06938620684999997,0.01734655171249999,,,analytic_flat,not_retained
89,3,tip,"[-1,0,0]",6,151624,800,C4_N2_over_C2_cubed,0.015370385311621774,0.011337868480725622,0.004032516830896152,0.3556679844850408,,,analytic_flat,not_retained
89,3,tip,"[-1,0,0]",6,151624,800,C4_coefficient,1.2165985981585935e-06,1.417233560090703e-06,-2.0063496193210948e-07,-0.14156802913929645,1.9968076089384873e-07,0.14089474488669965,analytic_flat,reported_marginal_not_reconstructed
89,3,tip,"[-1,0,0]",6,151624,800,C4_count,642986603016000.0,749024529423469.5,-106037926407469.5,-0.14156802913929645,105533619987000.0,0.14089474488669967,analytic_flat,reported_marginal_not_reconstructed
89,3,tip,"[-1,0,0]",6,151624,800,C4_dimension,4.04152023579,4,0.04152023579000019,0.010380058947500048,,,analytic_flat,not_retained
89,3,tip,"[-1,0,0]",6,151624,800,cdf_grid_distance_d2,0.624126015279,0.0,0.624126015279,,,,sampled_flat_reference_25_point_grid,source_and_reference_joint_uncertainty_unavailable
89,3,tip,"[-1,0,0]",6,151624,800,cdf_grid_distance_d3,0.27932001052700006,0.0,0.27932001052700006,,,,sampled_flat_reference_25_point_grid,source_and_reference_joint_uncertainty_unavailable
89,3,tip,"[-1,0,0]",6,151624,800,cdf_grid_distance_d4,0.20574921981,0.0,0.20574921981,,,,sampled_flat_reference_25_point_grid,source_and_reference_joint_uncertainty_unavailable
89,3,tip,"[-1,0,0]",6,151624,800,cdf_grid_distance_d5,0.339119906798,0.0,0.339119906798,,,,sampled_flat_reference_25_point_grid,source_and_reference_joint_uncertainty_unavailable
89,3,tip,"[-1,0,0]",6,151624,800,cdf_grid_distance_d6,0.48348912629500007,0.0,0.48348912629500007,,,,sampled_flat_reference_25_point_grid,source_and_reference_joint_uncertainty_unavailable
89,3,tip,"[-1,0,0]",6,151624,800,count_volume_coefficient,1.06448441439,1.0,0.06448441439000008,0.06448441439000008,,,supplied_continuum_volume,deterministic_finite_geometry_not_sampling_error
89,3,tip,"[-1,0,0]",6,151624,800,empty_interval_weight,0.22492921981,0.0,0.22492921981,,,,continuum_zero_lattice_sensitive_control,not_retained
89,3,tip,"[-1,0,0]",6,151624,800,interval_mean,0.00936389041449,0.009523809523809523,-0.0001599191093195236,-0.01679150647854999,,,analytic_flat,not_retained
89,3,tip,"[-1,0,0]",6,151624,800,interval_mean_sampled_reference_d2,0.00936389041449,0.111230923338,-0.10186703292351,-0.9158157629777492,,,sampled_flat_reference,source_and_reference_joint_uncertainty_unavailable
89,3,tip,"[-1,0,0]",6,151624,800,interval_mean_sampled_reference_d3,0.00936389041449,0.0334036486429,-0.02403975822841,-0.7196746225361729,,,sampled_flat_reference,source_and_reference_joint_uncertainty_unavailable
89,3,tip,"[-1,0,0]",6,151624,800,interval_mean_sampled_reference_d4,0.00936389041449,0.00953169216111,-0.0001678017466200006,-0.01760461246373901,,,sampled_flat_reference,source_and_reference_joint_uncertainty_unavailable
89,3,tip,"[-1,0,0]",6,151624,800,interval_mean_sampled_reference_d5,0.00936389041449,0.00264783067105,0.006716059743439999,2.536438533199987,,,sampled_flat_reference,source_and_reference_joint_uncertainty_unavailable
89,3,tip,"[-1,0,0]",6,151624,800,interval_mean_sampled_reference_d6,0.00936389041449,0.000728317610158,0.008635572804332,11.856877664208357,,,sampled_flat_reference,source_and_reference_joint_uncertainty_unavailable
89,3,tip,"[-1,0,0]",6,151624,800,interval_second_moment_d2,0.000428851236382,0.0278764142498,-0.027447563013417997,-0.9846159827968163,,,sampled_flat_reference,source_and_reference_joint_uncertainty_unavailable
89,3,tip,"[-1,0,0]",6,151624,800,interval_second_moment_d3,0.000428851236382,0.00409438370913,-0.0036655324727480005,-0.8952586599478423,,,sampled_flat_reference,source_and_reference_joint_uncertainty_unavailable
89,3,tip,"[-1,0,0]",6,151624,800,interval_second_moment_d4,0.000428851236382,0.000567225438714,-0.00013837420233199998,-0.24394921822568227,,,sampled_flat_reference,source_and_reference_joint_uncertainty_unavailable
89,3,tip,"[-1,0,0]",6,151624,800,interval_second_moment_d5,0.000428851236382,7.71570990227e-05,0.00035169413735930004,4.558156563867569,,,sampled_flat_reference,source_and_reference_joint_uncertainty_unavailable
89,3,tip,"[-1,0,0]",6,151624,800,interval_second_moment_d6,0.000428851236382,1.05269535255e-05,0.0004183242828565,39.73839932352421,,,sampled_flat_reference,source_and_reference_joint_uncertainty_unavailable
144,3,tip,"[-1,0,0]",8,945016,400,C2_coefficient,0.04195975196158668,0.05,-0.008040248038413321,-0.16080496076826645,0.003606030378494012,0.07212060756988023,analytic_flat,reported_marginal_not_reconstructed
144,3,tip,"[-1,0,0]",8,945016,400,C2_count,37472336716.5,44652714762.0,-7180378045.5,-0.16080496076826645,3220380918.28,0.07212060756988024,analytic_flat,reported_marginal_not_reconstructed
144,3,tip,"[-1,0,0]",8,945016,400,C2_dimension,4.20765991771,4,0.20765991771000003,0.05191497942750001,,,analytic_flat,not_retained
144,3,tip,"[-1,0,0]",8,945016,400,C3_N_over_C2_squared,0.25232123823580777,0.19047619047619044,0.06184504775961733,0.3246865007379911,,,analytic_flat,not_retained
144,3,tip,"[-1,0,0]",8,945016,400,C3_coefficient,0.0004442424865440291,0.0004761904761904762,-3.194798964644709e-05,-0.06709077825753884,3.381540999094424e-05,0.0710123609809829,analytic_flat,reported_marginal_not_reconstructed
144,3,tip,"[-1,0,0]",8,945016,400,C3_count,374917918653000.0,401880386553301.56,-26962467900301.562,-0.06709077825753884,28538475081100.0,0.0710123609809829,analytic_flat,reported_marginal_not_reconstructed
144,3,tip,"[-1,0,0]",8,945016,400,C3_dimension,4.03288884452,4,0.032888844520000404,0.008222211130000101,,,analytic_flat,not_retained
144,3,tip,"[-1,0,0]",8,945016,400,C4_N2_over_C2_cubed,0.016780946613700214,0.011337868480725622,0.005443078132974592,0.48007949132835903,,,analytic_flat,not_retained
144,3,tip,"[-1,0,0]",8,945016,400,C4_coefficient,1.2396999144635732e-06,1.417233560090703e-06,-1.7753364562712982e-07,-0.12526774035450283,2.1459504267572976e-07,0.1514182621119949,analytic_flat,reported_marginal_not_reconstructed
144,3,tip,"[-1,0,0]",8,945016,400,C4_count,9.88713491079e+17,1.1303041361246881e+18,-1.4159064504568806e+17,-0.12526774035450283,1.7114868795e+17,0.1514182621119949,analytic_flat,reported_marginal_not_reconstructed
144,3,tip,"[-1,0,0]",8,945016,400,C4_dimension,4.03640582216,4,0.03640582215999988,0.00910145553999997,,,analytic_flat,not_retained
144,3,tip,"[-1,0,0]",8,945016,400,cdf_grid_distance_d2,0.713112201551,0.0,0.713112201551,,,,sampled_flat_reference_25_point_grid,source_and_reference_joint_uncertainty_unavailable
144,3,tip,"[-1,0,0]",8,945016,400,cdf_grid_distance_d3,0.35140520155099997,0.0,0.35140520155099997,,,,sampled_flat_reference_25_point_grid,source_and_reference_joint_uncertainty_unavailable
144,3,tip,"[-1,0,0]",8,945016,400,cdf_grid_distance_d4,0.08684811745399999,0.0,0.08684811745399999,,,,sampled_flat_reference_25_point_grid,source_and_reference_joint_uncertainty_unavailable
144,3,tip,"[-1,0,0]",8,945016,400,cdf_grid_distance_d5,0.29602885479100005,0.0,0.29602885479100005,,,,sampled_flat_reference_25_point_grid,source_and_reference_joint_uncertainty_unavailable
144,3,tip,"[-1,0,0]",8,945016,400,cdf_grid_distance_d6,0.5029788015600001,0.0,0.5029788015600001,,,,sampled_flat_reference_25_point_grid,source_and_reference_joint_uncertainty_unavailable
144,3,tip,"[-1,0,0]",8,945016,400,count_volume_coefficient,1.01999218547,1.0,0.019992185470000035,0.019992185470000035,,,supplied_continuum_volume,deterministic_finite_geometry_not_sampling_error
144,3,tip,"[-1,0,0]",8,945016,400,empty_interval_weight,0.106028117454,0.0,0.106028117454,,,,continuum_zero_lattice_sensitive_control,not_retained
144,3,tip,"[-1,0,0]",8,945016,400,interval_mean,0.00725801306768,0.009523809523809523,-0.0022657964561295226,-0.2379086278935999,,,analytic_flat,not_retained
144,3,tip,"[-1,0,0]",8,945016,400,interval_mean_sampled_reference_d2,0.00725801306768,0.111230923338,-0.10397291027032,-0.9347482440146172,,,sampled_flat_reference,source_and_reference_joint_uncertainty_unavailable
144,3,tip,"[-1,0,0]",8,945016,400,interval_mean_sampled_reference_d3,0.00725801306768,0.0334036486429,-0.026145635575219997,-0.7827179555960662,,,sampled_flat_reference,source_and_reference_joint_uncertainty_unavailable
144,3,tip,"[-1,0,0]",8,945016,400,interval_mean_sampled_reference_d4,0.00725801306768,0.00953169216111,-0.0022736790934299997,-0.23853887169235033,,,sampled_flat_reference,source_and_reference_joint_uncertainty_unavailable
144,3,tip,"[-1,0,0]",8,945016,400,interval_mean_sampled_reference_d5,0.00725801306768,0.00264783067105,0.0046101823966300005,1.7411167742089138,,,sampled_flat_reference,source_and_reference_joint_uncertainty_unavailable
144,3,tip,"[-1,0,0]",8,945016,400,interval_mean_sampled_reference_d6,0.00725801306768,0.000728317610158,0.006529695457522001,8.965450466185294,,,sampled_flat_reference,source_and_reference_joint_uncertainty_unavailable
144,3,tip,"[-1,0,0]",8,945016,400,interval_second_moment_d2,0.000226003604041,0.0278764142498,-0.027650410645759,-0.9918926587180192,,,sampled_flat_reference,source_and_reference_joint_uncertainty_unavailable
144,3,tip,"[-1,0,0]",8,945016,400,interval_second_moment_d3,0.000226003604041,0.00409438370913,-0.0038683801050890003,-0.9448015574268142,,,sampled_flat_reference,source_and_reference_joint_uncertainty_unavailable
144,3,tip,"[-1,0,0]",8,945016,400,interval_second_moment_d4,0.000226003604041,0.000567225438714,-0.000341221834673,-0.6015629966219604,,,sampled_flat_reference,source_and_reference_joint_uncertainty_unavailable
144,3,tip,"[-1,0,0]",8,945016,400,interval_second_moment_d5,0.000226003604041,7.71570990227e-05,0.00014884650501830002,1.929135580570605,,,sampled_flat_reference,source_and_reference_joint_uncertainty_unavailable
144,3,tip,"[-1,0,0]",8,945016,400,interval_second_moment_d6,0.000226003604041,1.05269535255e-05,0.0002154766505155,20.469041683668447,,,sampled_flat_reference,source_and_reference_joint_uncertainty_unavailable
55,3,tip,"[-1,1,-1]",4,16311,800,C2_coefficient,0.03339960147148988,0.05,-0.01660039852851012,-0.33200797057020237,0.002260250088930894,0.04520500177861788,analytic_flat,reported_marginal_not_reconstructed
55,3,tip,"[-1,1,-1]",4,16311,800,C2_count,8885376.4725,13301620.5,-4416244.0275,-0.33200797057020237,601299.778361,0.04520500177861787,analytic_flat,reported_marginal_not_reconstructed
55,3,tip,"[-1,1,-1]",4,16311,800,C2_dimension,4.47618199429,4,0.4761819942900001,0.11904549857250002,,,analytic_flat,not_retained
55,3,tip,"[-1,1,-1]",4,16311,800,C3_N_over_C2_squared,0.3100689258530961,0.19047619047619044,0.11959273537690565,0.6278618607287547,,,analytic_flat,not_retained
55,3,tip,"[-1,1,-1]",4,16311,800,C3_coefficient,0.0003459134450829074,0.0004761904761904762,-0.00013027703110756876,-0.2735817653258944,3.218694492767331e-05,0.06759258434811395,analytic_flat,reported_marginal_not_reconstructed
55,3,tip,"[-1,1,-1]",4,16311,800,C3_count,1500822473.07,2066058368.9,-565235895.8300002,-0.2735817653258945,139650224.568,0.06759258434811395,analytic_flat,reported_marginal_not_reconstructed
55,3,tip,"[-1,1,-1]",4,16311,800,C3_dimension,4.15115237208,4,0.15115237208000032,0.03778809302000008,,,analytic_flat,not_retained
55,3,tip,"[-1,1,-1]",4,16311,800,C4_N2_over_C2_cubed,0.001413077576748953,0.011337868480725622,-0.009924790903976669,-0.8753665577307423,,,analytic_flat,not_retained
55,3,tip,"[-1,1,-1]",4,16311,800,C4_coefficient,5.2658653011147794e-08,1.417233560090703e-06,-1.3645749070795552e-06,-0.9628440544353342,5.346049039960694e-09,0.0037721722025962656,analytic_flat,reported_marginal_not_reconstructed
55,3,tip,"[-1,1,-1]",4,16311,800,C4_count,3725909741.42,100277618690.53929,-96551708949.1193,-0.9628440544353342,378264445.767,0.003772172202596265,analytic_flat,reported_marginal_not_reconstructed
55,3,tip,"[-1,1,-1]",4,16311,800,C4_dimension,4.88835534991,4,0.8883553499100003,0.22208883747750008,,,analytic_flat,not_retained
55,3,tip,"[-1,1,-1]",4,16311,800,cdf_grid_distance_d2,0.6844714475929999,0.0,0.6844714475929999,,,,sampled_flat_reference_25_point_grid,source_and_reference_joint_uncertainty_unavailable
55,3,tip,"[-1,1,-1]",4,16311,800,cdf_grid_distance_d3,0.6825094475929999,0.0,0.6825094475929999,,,,sampled_flat_reference_25_point_grid,source_and_reference_joint_uncertainty_unavailable
55,3,tip,"[-1,1,-1]",4,16311,800,cdf_grid_distance_d4,0.665350447593,0.0,0.665350447593,,,,sampled_flat_reference_25_point_grid,source_and_reference_joint_uncertainty_unavailable
55,3,tip,"[-1,1,-1]",4,16311,800,cdf_grid_distance_d5,0.6045234475929999,0.0,0.6045234475929999,,,,sampled_flat_reference_25_point_grid,source_and_reference_joint_uncertainty_unavailable
55,3,tip,"[-1,1,-1]",4,16311,800,cdf_grid_distance_d6,0.47876444759299996,0.0,0.47876444759299996,,,,sampled_flat_reference_25_point_grid,source_and_reference_joint_uncertainty_unavailable
55,3,tip,"[-1,1,-1]",4,16311,800,count_volume_coefficient,1.19332285143,1.0,0.19332285143000005,0.19332285143000005,,,supplied_continuum_volume,deterministic_finite_geometry_not_sampling_error
55,3,tip,"[-1,1,-1]",4,16311,800,empty_interval_weight,0.684530447593,0.0,0.684530447593,,,,continuum_zero_lattice_sensitive_control,not_retained
55,3,tip,"[-1,1,-1]",4,16311,800,interval_mean,0.0121227648973,0.009523809523809523,0.0025989553734904764,0.2728903142165,,,analytic_flat,not_retained
55,3,tip,"[-1,1,-1]",4,16311,800,interval_mean_sampled_reference_d2,0.0121227648973,0.111230923338,-0.0991081584407,-0.8910126380910974,,,sampled_flat_reference,source_and_reference_joint_uncertainty_unavailable
55,3,tip,"[-1,1,-1]",4,16311,800,interval_mean_sampled_reference_d3,0.0121227648973,0.0334036486429,-0.0212808837456,-0.6370826125344031,,,sampled_flat_reference,source_and_reference_joint_uncertainty_unavailable
55,3,tip,"[-1,1,-1]",4,16311,800,interval_mean_sampled_reference_d4,0.0121227648973,0.00953169216111,0.0025910727361899994,0.2718376435573282,,,sampled_flat_reference,source_and_reference_joint_uncertainty_unavailable
55,3,tip,"[-1,1,-1]",4,16311,800,interval_mean_sampled_reference_d5,0.0121227648973,0.00264783067105,0.009474934226249999,3.5783761891740244,,,sampled_flat_reference,source_and_reference_joint_uncertainty_unavailable
55,3,tip,"[-1,1,-1]",4,16311,800,interval_mean_sampled_reference_d6,0.0121227648973,0.000728317610158,0.011394447287142,15.644887791014838,,,sampled_flat_reference,source_and_reference_joint_uncertainty_unavailable
55,3,tip,"[-1,1,-1]",4,16311,800,interval_second_moment_d2,0.000621387735909,0.0278764142498,-0.027255026513890997,-0.9777091942191433,,,sampled_flat_reference,source_and_reference_joint_uncertainty_unavailable
55,3,tip,"[-1,1,-1]",4,16311,800,interval_second_moment_d3,0.000621387735909,0.00409438370913,-0.0034729959732210003,-0.8482341226291572,,,sampled_flat_reference,source_and_reference_joint_uncertainty_unavailable
55,3,tip,"[-1,1,-1]",4,16311,800,interval_second_moment_d4,0.000621387735909,0.000567225438714,5.4162297195000015e-05,0.09548636837902658,,,sampled_flat_reference,source_and_reference_joint_uncertainty_unavailable
55,3,tip,"[-1,1,-1]",4,16311,800,interval_second_moment_d5,0.000621387735909,7.71570990227e-05,0.0005442306368863,7.053539386261589,,,sampled_flat_reference,source_and_reference_joint_uncertainty_unavailable
55,3,tip,"[-1,1,-1]",4,16311,800,interval_second_moment_d6,0.000621387735909,1.05269535255e-05,0.0006108607823835,58.028258688877024,,,sampled_flat_reference,source_and_reference_joint_uncertainty_unavailable
89,3,tip,"[-1,1,-1]",6,151271,800,C2_coefficient,0.04718509122755164,0.05,-0.00281490877244836,-0.0562981754489672,0.0028780091326178273,0.057560182652356545,analytic_flat,reported_marginal_not_reconstructed
89,3,tip,"[-1,1,-1]",6,151271,800,C2_count,1079725314.9,1144138208.5,-64412893.599999905,-0.05629817544896709,65856804.2608,0.057560182652356545,analytic_flat,reported_marginal_not_reconstructed
89,3,tip,"[-1,1,-1]",6,151271,800,C2_dimension,4.06877487175,4,0.06877487174999963,0.01719371793749991,,,analytic_flat,not_retained
89,3,tip,"[-1,1,-1]",6,151271,800,C3_N_over_C2_squared,0.17052357369339646,0.19047619047619044,-0.019952616782793975,-0.10475123810966835,,,analytic_flat,not_retained
89,3,tip,"[-1,1,-1]",6,151271,800,C3_coefficient,0.000379661793296718,0.0004761904761904762,-9.652868289375816e-05,-0.20271023407689215,2.16776558195336e-05,0.04552307722102056,analytic_flat,reported_marginal_not_reconstructed
89,3,tip,"[-1,1,-1]",6,151271,800,C3_count,1314181397670.0,1648310882491.3,-334129484821.30005,-0.20271023407689215,75036183587.9,0.04552307722102056,analytic_flat,reported_marginal_not_reconstructed
89,3,tip,"[-1,1,-1]",6,151271,800,C3_dimension,4.10718576549,4,0.1071857654899997,0.026796441372499924,,,analytic_flat,not_retained
89,3,tip,"[-1,1,-1]",6,151271,800,C4_N2_over_C2_cubed,0.01282768015342791,0.011337868480725622,0.0014898116727022886,0.13140138953234182,,,analytic_flat,not_retained
89,3,tip,"[-1,1,-1]",6,151271,800,C4_coefficient,1.3476314349566008e-06,1.417233560090703e-06,-6.960212513410217e-08,-0.04911125949462247,2.590623762371021e-07,0.18279441267289923,analytic_flat,reported_marginal_not_reconstructed
89,3,tip,"[-1,1,-1]",6,151271,800,C4_count,705629320418000.0,742073483847303.5,-36444163429303.5,-0.04911125949462247,135646886640000.0,0.1827944126728992,analytic_flat,reported_marginal_not_reconstructed
89,3,tip,"[-1,1,-1]",6,151271,800,C4_dimension,4.01370159573,4,0.013701595729999738,0.0034253989324999345,,,analytic_flat,not_retained
89,3,tip,"[-1,1,-1]",6,151271,800,cdf_grid_distance_d2,0.5983248101749999,0.0,0.5983248101749999,,,,sampled_flat_reference_25_point_grid,source_and_reference_joint_uncertainty_unavailable
89,3,tip,"[-1,1,-1]",6,151271,800,cdf_grid_distance_d3,0.29139718277000004,0.0,0.29139718277000004,,,,sampled_flat_reference_25_point_grid,source_and_reference_joint_uncertainty_unavailable
89,3,tip,"[-1,1,-1]",6,151271,800,cdf_grid_distance_d4,0.212155738757,0.0,0.212155738757,,,,sampled_flat_reference_25_point_grid,source_and_reference_joint_uncertainty_unavailable
89,3,tip,"[-1,1,-1]",6,151271,800,cdf_grid_distance_d5,0.273699762154,0.0,0.273699762154,,,,sampled_flat_reference_25_point_grid,source_and_reference_joint_uncertainty_unavailable
89,3,tip,"[-1,1,-1]",6,151271,800,cdf_grid_distance_d6,0.448430144277,0.0,0.448430144277,,,,sampled_flat_reference_25_point_grid,source_and_reference_joint_uncertainty_unavailable
89,3,tip,"[-1,1,-1]",6,151271,800,count_volume_coefficient,1.06200615898,1.0,0.06200615898000006,0.06200615898000006,,,supplied_continuum_volume,deterministic_finite_geometry_not_sampling_error
89,3,tip,"[-1,1,-1]",6,151271,800,empty_interval_weight,0.231335738757,0.0,0.231335738757,,,,continuum_zero_lattice_sensitive_control,not_retained
89,3,tip,"[-1,1,-1]",6,151271,800,interval_mean,0.0142561243124,0.009523809523809523,0.004732314788590477,0.49689305280200013,,,analytic_flat,not_retained
89,3,tip,"[-1,1,-1]",6,151271,800,interval_mean_sampled_reference_d2,0.0142561243124,0.111230923338,-0.0969747990256,-0.8718330848600475,,,sampled_flat_reference,source_and_reference_joint_uncertainty_unavailable
89,3,tip,"[-1,1,-1]",6,151271,800,interval_mean_sampled_reference_d3,0.0142561243124,0.0334036486429,-0.019147524330499998,-0.5732165529339512,,,sampled_flat_reference,source_and_reference_joint_uncertainty_unavailable
89,3,tip,"[-1,1,-1]",6,151271,800,interval_mean_sampled_reference_d4,0.0142561243124,0.00953169216111,0.00472443215129,0.4956551335728223,,,sampled_flat_reference,source_and_reference_joint_uncertainty_unavailable
89,3,tip,"[-1,1,-1]",6,151271,800,interval_mean_sampled_reference_d5,0.0142561243124,0.00264783067105,0.01160829364135,4.3840770364468655,,,sampled_flat_reference,source_and_reference_joint_uncertainty_unavailable
89,3,tip,"[-1,1,-1]",6,151271,800,interval_mean_sampled_reference_d6,0.0142561243124,0.000728317610158,0.013527806702242,18.574048620501294,,,sampled_flat_reference,source_and_reference_joint_uncertainty_unavailable
89,3,tip,"[-1,1,-1]",6,151271,800,interval_second_moment_d2,0.00121671117477,0.0278764142498,-0.02665970307503,-0.9563533830475084,,,sampled_flat_reference,source_and_reference_joint_uncertainty_unavailable
89,3,tip,"[-1,1,-1]",6,151271,800,interval_second_moment_d3,0.00121671117477,0.00409438370913,-0.00287767253436,-0.7028341110148335,,,sampled_flat_reference,source_and_reference_joint_uncertainty_unavailable
89,3,tip,"[-1,1,-1]",6,151271,800,interval_second_moment_d4,0.00121671117477,0.000567225438714,0.000649485736056,1.1450222287782061,,,sampled_flat_reference,source_and_reference_joint_uncertainty_unavailable
89,3,tip,"[-1,1,-1]",6,151271,800,interval_second_moment_d5,0.00121671117477,7.71570990227e-05,0.0011395540757473,14.769270620348719,,,sampled_flat_reference,source_and_reference_joint_uncertainty_unavailable
89,3,tip,"[-1,1,-1]",6,151271,800,interval_second_moment_d6,0.00121671117477,1.05269535255e-05,0.0012061842212445,114.58055916393054,,,sampled_flat_reference,source_and_reference_joint_uncertainty_unavailable
144,3,tip,"[-1,1,-1]",8,949468,400,C2_coefficient,0.0460959043336724,0.05,-0.0039040956663276005,-0.07808191332655201,0.003779390784739642,0.07558781569479284,analytic_flat,reported_marginal_not_reconstructed
144,3,tip,"[-1,1,-1]",8,949468,400,C2_count,41554929200.7,45074426677.8,-3519497477.100006,-0.07808191332655212,3407077456.27,0.07558781569479284,analytic_flat,reported_marginal_not_reconstructed
144,3,tip,"[-1,1,-1]",8,949468,400,C2_dimension,4.09645425044,4,0.09645425043999989,0.024113562609999972,,,analytic_flat,not_retained
144,3,tip,"[-1,1,-1]",8,949468,400,C3_N_over_C2_squared,0.22036974263582207,0.19047619047619044,0.02989355215963163,0.1569411488380661,,,analytic_flat,not_retained
144,3,tip,"[-1,1,-1]",8,949468,400,C3_coefficient,0.0004682492614961538,0.0004761904761904762,-7.941214694322403e-06,-0.016676550858077066,3.328676969955245e-05,0.06990221636906015,analytic_flat,reported_marginal_not_reconstructed
144,3,tip,"[-1,1,-1]",8,949468,400,C3_count,400789860285000.0,407587005714895.8,-6797145429895.8125,-0.016676550858077066,28491235062700.0,0.06990221636906015,analytic_flat,reported_marginal_not_reconstructed
144,3,tip,"[-1,1,-1]",8,949468,400,C3_dimension,4.00796673237,4,0.007966732369999896,0.001991683092499974,,,analytic_flat,not_retained
144,3,tip,"[-1,1,-1]",8,949468,400,C4_N2_over_C2_cubed,0.014906125608806014,0.011337868480725622,0.003568257128080392,0.3147202786966905,,,analytic_flat,not_retained
144,3,tip,"[-1,1,-1]",8,949468,400,C4_coefficient,1.4600010483431417e-06,1.417233560090703e-06,4.276748825243874e-08,0.03017673971092072,2.430112264747133e-07,0.17146872140055772,analytic_flat,reported_marginal_not_reconstructed
144,3,tip,"[-1,1,-1]",8,949468,400,C4_count,1.18651095447e+18,1.151754751134207e+18,3.475620333579315e+16,0.03017673971092072,1.97489914544e+17,0.1714687214005577,analytic_flat,reported_marginal_not_reconstructed
144,3,tip,"[-1,1,-1]",8,949468,400,C4_dimension,3.99190894331,4,-0.008091056690000098,-0.0020227641725000245,,,analytic_flat,not_retained
144,3,tip,"[-1,1,-1]",8,949468,400,cdf_grid_distance_d2,0.649262121394,0.0,0.649262121394,,,,sampled_flat_reference_25_point_grid,source_and_reference_joint_uncertainty_unavailable
144,3,tip,"[-1,1,-1]",8,949468,400,cdf_grid_distance_d3,0.28755512139399997,0.0,0.28755512139399997,,,,sampled_flat_reference_25_point_grid,source_and_reference_joint_uncertainty_unavailable
144,3,tip,"[-1,1,-1]",8,949468,400,cdf_grid_distance_d4,0.07353949299199991,0.0,0.07353949299199991,,,,sampled_flat_reference_25_point_grid,source_and_reference_joint_uncertainty_unavailable
144,3,tip,"[-1,1,-1]",8,949468,400,cdf_grid_distance_d5,0.331806459123,0.0,0.331806459123,,,,sampled_flat_reference_25_point_grid,source_and_reference_joint_uncertainty_unavailable
144,3,tip,"[-1,1,-1]",8,949468,400,cdf_grid_distance_d6,0.562842459123,0.0,0.562842459123,,,,sampled_flat_reference_25_point_grid,source_and_reference_joint_uncertainty_unavailable
144,3,tip,"[-1,1,-1]",8,949468,400,count_volume_coefficient,1.02479740063,1.0,0.02479740063000002,0.02479740063000002,,,supplied_continuum_volume,deterministic_finite_geometry_not_sampling_error
144,3,tip,"[-1,1,-1]",8,949468,400,empty_interval_weight,0.0715548910195,0.0,0.0715548910195,,,,continuum_zero_lattice_sensitive_control,not_retained
144,3,tip,"[-1,1,-1]",8,949468,400,interval_mean,0.00810350556389,0.009523809523809523,-0.0014203039599195236,-0.14913191579154994,,,analytic_flat,not_retained
144,3,tip,"[-1,1,-1]",8,949468,400,interval_mean_sampled_reference_d2,0.00810350556389,0.111230923338,-0.10312741777411,-0.9271470080378126,,,sampled_flat_reference,source_and_reference_joint_uncertainty_unavailable
144,3,tip,"[-1,1,-1]",8,949468,400,interval_mean_sampled_reference_d3,0.00810350556389,0.0334036486429,-0.025300143079009997,-0.7574065740386593,,,sampled_flat_reference,source_and_reference_joint_uncertainty_unavailable
144,3,tip,"[-1,1,-1]",8,949468,400,interval_mean_sampled_reference_d4,0.00810350556389,0.00953169216111,-0.0014281865972200006,-0.14983557725952446,,,sampled_flat_reference,source_and_reference_joint_uncertainty_unavailable
144,3,tip,"[-1,1,-1]",8,949468,400,interval_mean_sampled_reference_d5,0.00810350556389,0.00264783067105,0.005455674892839999,2.060431942453686,,,sampled_flat_reference,source_and_reference_joint_uncertainty_unavailable
144,3,tip,"[-1,1,-1]",8,949468,400,interval_mean_sampled_reference_d6,0.00810350556389,0.000728317610158,0.007375187953732,10.126334789752013,,,sampled_flat_reference,source_and_reference_joint_uncertainty_unavailable
144,3,tip,"[-1,1,-1]",8,949468,400,interval_second_moment_d2,0.000213444165304,0.0278764142498,-0.027662970084496,-0.9923431986843311,,,sampled_flat_reference,source_and_reference_joint_uncertainty_unavailable
144,3,tip,"[-1,1,-1]",8,949468,400,interval_second_moment_d3,0.000213444165304,0.00409438370913,-0.0038809395438260006,-0.9478690370841296,,,sampled_flat_reference,source_and_reference_joint_uncertainty_unavailable
144,3,tip,"[-1,1,-1]",8,949468,400,interval_second_moment_d4,0.000213444165304,0.000567225438714,-0.00035378127341,-0.6237048786318267,,,sampled_flat_reference,source_and_reference_joint_uncertainty_unavailable
144,3,tip,"[-1,1,-1]",8,949468,400,interval_second_moment_d5,0.000213444165304,7.71570990227e-05,0.00013628706628130002,1.7663580928723577,,,sampled_flat_reference,source_and_reference_joint_uncertainty_unavailable
144,3,tip,"[-1,1,-1]",8,949468,400,interval_second_moment_d6,0.000213444165304,1.05269535255e-05,0.0002029172117785,19.275967285973366,,,sampled_flat_reference,source_and_reference_joint_uncertainty_unavailable
55,3,tip,"[-1,1,1]",4,16369,800,C2_coefficient,0.032937744379276636,0.05,-0.017062255620723367,-0.3412451124144673,0.002186425239554842,0.04372850479109684,analytic_flat,reported_marginal_not_reconstructed
55,3,tip,"[-1,1,1]",4,16369,800,C2_count,8824937.125,13396389.600000001,-4571452.4750000015,-0.3412451124144673,585804.086807,0.04372850479109684,analytic_flat,reported_marginal_not_reconstructed
55,3,tip,"[-1,1,1]",4,16369,800,C2_dimension,4.49251069798,4,0.49251069798000024,0.12312767449500006,,,analytic_flat,not_retained
55,3,tip,"[-1,1,1]",4,16369,800,C3_N_over_C2_squared,0.3735355198146081,0.19047619047619044,0.18305932933841765,0.9610614790266929,,,analytic_flat,not_retained
55,3,tip,"[-1,1,1]",4,16369,800,C3_coefficient,0.0004052715795540746,0.0004761904761904762,-7.091889663640157e-05,-0.14892968293644326,3.340481872682707e-05,0.07015011932633684,analytic_flat,reported_marginal_not_reconstructed
55,3,tip,"[-1,1,1]",4,16369,800,C3_count,1777186463.17,2088178176.9828572,-310991713.81285715,-0.14892968293644337,146485948.29,0.07015011932633686,analytic_flat,reported_marginal_not_reconstructed
55,3,tip,"[-1,1,1]",4,16369,800,C3_dimension,4.0763288606,4,0.07632886060000033,0.01908221515000008,,,analytic_flat,not_retained
55,3,tip,"[-1,1,1]",4,16369,800,C4_N2_over_C2_cubed,0.0014173753392187295,0.011337868480725622,-0.009920493141506892,-0.874987495080908,,,analytic_flat,not_retained
55,3,tip,"[-1,1,1]",4,16369,800,C4_coefficient,5.0657766761325304e-08,1.417233560090703e-06,-1.3665757933293776e-06,-0.9642558797732088,4.96269290408596e-09,0.003501676113123053,analytic_flat,reported_marginal_not_reconstructed
55,3,tip,"[-1,1,1]",4,16369,800,C4_count,3635594472.06,101711678703.87334,-98076084231.81334,-0.9642558797732088,356161355.743,0.0035016761131230526,analytic_flat,reported_marginal_not_reconstructed
55,3,tip,"[-1,1,1]",4,16369,800,C4_dimension,4.89872793612,4,0.8987279361200002,0.22468198403000006,,,analytic_flat,not_retained
55,3,tip,"[-1,1,1]",4,16369,800,cdf_grid_distance_d2,0.656569796661,0.0,0.656569796661,,,,sampled_flat_reference_25_point_grid,source_and_reference_joint_uncertainty_unavailable
55,3,tip,"[-1,1,1]",4,16369,800,cdf_grid_distance_d3,0.654607796661,0.0,0.654607796661,,,,sampled_flat_reference_25_point_grid,source_and_reference_joint_uncertainty_unavailable
55,3,tip,"[-1,1,1]",4,16369,800,cdf_grid_distance_d4,0.6374487966610001,0.0,0.6374487966610001,,,,sampled_flat_reference_25_point_grid,source_and_reference_joint_uncertainty_unavailable
55,3,tip,"[-1,1,1]",4,16369,800,cdf_grid_distance_d5,0.5766217966610001,0.0,0.5766217966610001,,,,sampled_flat_reference_25_point_grid,source_and_reference_joint_uncertainty_unavailable
55,3,tip,"[-1,1,1]",4,16369,800,cdf_grid_distance_d6,0.45086279666100004,0.0,0.45086279666100004,,,,sampled_flat_reference_25_point_grid,source_and_reference_joint_uncertainty_unavailable
55,3,tip,"[-1,1,1]",4,16369,800,count_volume_coefficient,1.19756616731,1.0,0.19756616730999998,0.19756616730999998,,,supplied_continuum_volume,deterministic_finite_geometry_not_sampling_error
55,3,tip,"[-1,1,1]",4,16369,800,empty_interval_weight,0.656628796661,0.0,0.656628796661,,,,continuum_zero_lattice_sensitive_control,not_retained
55,3,tip,"[-1,1,1]",4,16369,800,interval_mean,0.0120133629281,0.009523809523809523,0.0024895534042904763,0.2614031074505001,,,analytic_flat,not_retained
55,3,tip,"[-1,1,1]",4,16369,800,interval_mean_sampled_reference_d2,0.0120133629281,0.111230923338,-0.0992175604099,-0.891996195234353,,,sampled_flat_reference,source_and_reference_joint_uncertainty_unavailable
55,3,tip,"[-1,1,1]",4,16369,800,interval_mean_sampled_reference_d3,0.0120133629281,0.0334036486429,-0.0213902857148,-0.640357762814229,,,sampled_flat_reference,source_and_reference_joint_uncertainty_unavailable
55,3,tip,"[-1,1,1]",4,16369,800,interval_mean_sampled_reference_d4,0.0120133629281,0.00953169216111,0.0024816707669899993,0.2603599366244116,,,sampled_flat_reference,source_and_reference_joint_uncertainty_unavailable
55,3,tip,"[-1,1,1]",4,16369,800,interval_mean_sampled_reference_d5,0.0120133629281,0.00264783067105,0.009365532257049999,3.53705860402927,,,sampled_flat_reference,source_and_reference_joint_uncertainty_unavailable
55,3,tip,"[-1,1,1]",4,16369,800,interval_mean_sampled_reference_d6,0.0120133629281,0.000728317610158,0.011285045317942,15.494675894894044,,,sampled_flat_reference,source_and_reference_joint_uncertainty_unavailable
55,3,tip,"[-1,1,1]",4,16369,800,interval_second_moment_d2,0.000554650047264,0.0278764142498,-0.027321764202536,-0.9801032499268453,,,sampled_flat_reference,source_and_reference_joint_uncertainty_unavailable
55,3,tip,"[-1,1,1]",4,16369,800,interval_second_moment_d3,0.000554650047264,0.00409438370913,-0.0035397336618660006,-0.8645339355890864,,,sampled_flat_reference,source_and_reference_joint_uncertainty_unavailable
55,3,tip,"[-1,1,1]",4,16369,800,interval_second_moment_d4,0.000554650047264,0.000567225438714,-1.257539145000004e-05,-0.022170006124038966,,,sampled_flat_reference,source_and_reference_joint_uncertainty_unavailable
55,3,tip,"[-1,1,1]",4,16369,800,interval_second_moment_d5,0.000554650047264,7.71570990227e-05,0.0004774929482413,6.18858088613232,,,sampled_flat_reference,source_and_reference_joint_uncertainty_unavailable
55,3,tip,"[-1,1,1]",4,16369,800,interval_second_moment_d6,0.000554650047264,1.05269535255e-05,0.0005441230937384999,51.68856235761292,,,sampled_flat_reference,source_and_reference_joint_uncertainty_unavailable
89,3,tip,"[-1,1,1]",6,151151,800,C2_coefficient,0.040113819053909004,0.05,-0.009886180946090999,-0.19772361892182,0.00261410945489174,0.052282189097834796,analytic_flat,reported_marginal_not_reconstructed
89,3,tip,"[-1,1,1]",6,151151,800,C2_count,916459310.016,1142323682.5,-225864372.48399997,-0.1977236189218199,59723182.7794,0.052282189097834796,analytic_flat,reported_marginal_not_reconstructed
89,3,tip,"[-1,1,1]",6,151151,800,C2_dimension,4.26075653456,4,0.2607565345599996,0.0651891336399999,,,analytic_flat,not_retained
89,3,tip,"[-1,1,1]",6,151151,800,C3_N_over_C2_squared,0.25114336063807513,0.19047619047619044,0.06066717016188469,0.31850264334989475,,,analytic_flat,not_retained
89,3,tip,"[-1,1,1]",6,151151,800,C3_coefficient,0.0004041220961527583,0.0004761904761904762,-7.206838003771788e-05,-0.1513435980792075,2.262832406169529e-05,0.04751948052956011,analytic_flat,reported_marginal_not_reconstructed
89,3,tip,"[-1,1,1]",6,151151,800,C3_count,1395523169950.0,1644391259868.5,-248868089918.5,-0.1513435980792075,78140618456.3,0.04751948052956011,analytic_flat,reported_marginal_not_reconstructed
89,3,tip,"[-1,1,1]",6,151151,800,C3_dimension,4.0776720031,4,0.0776720031,0.019418000775,,,analytic_flat,not_retained
89,3,tip,"[-1,1,1]",6,151151,800,C4_N2_over_C2_cubed,0.022829886075854636,0.011337868480725622,0.011492017595129014,1.013595951890379,,,analytic_flat,not_retained
89,3,tip,"[-1,1,1]",6,151151,800,C4_coefficient,1.4736501668444663e-06,1.417233560090703e-06,5.6416606753763286e-08,0.0398075577254553,3.098557132702007e-07,0.21863419128345363,analytic_flat,reported_marginal_not_reconstructed
89,3,tip,"[-1,1,1]",6,151151,800,C4_count,769168087227000.0,739721577817274.0,29446509409726.0,0.0398075577254553,161728428941000.0,0.2186341912834536,analytic_flat,reported_marginal_not_reconstructed
89,3,tip,"[-1,1,1]",6,151151,800,C4_dimension,3.98937623642,4,-0.010623763579999945,-0.0026559408949999863,,,analytic_flat,not_retained
89,3,tip,"[-1,1,1]",6,151151,800,cdf_grid_distance_d2,0.618422636848,0.0,0.618422636848,,,,sampled_flat_reference_25_point_grid,source_and_reference_joint_uncertainty_unavailable
89,3,tip,"[-1,1,1]",6,151151,800,cdf_grid_distance_d3,0.312213699863,0.0,0.312213699863,,,,sampled_flat_reference_25_point_grid,source_and_reference_joint_uncertainty_unavailable
89,3,tip,"[-1,1,1]",6,151151,800,cdf_grid_distance_d4,0.179870708134,0.0,0.179870708134,,,,sampled_flat_reference_25_point_grid,source_and_reference_joint_uncertainty_unavailable
89,3,tip,"[-1,1,1]",6,151151,800,cdf_grid_distance_d5,0.272006629026,0.0,0.272006629026,,,,sampled_flat_reference_25_point_grid,source_and_reference_joint_uncertainty_unavailable
89,3,tip,"[-1,1,1]",6,151151,800,cdf_grid_distance_d6,0.463280751469,0.0,0.463280751469,,,,sampled_flat_reference_25_point_grid,source_and_reference_joint_uncertainty_unavailable
89,3,tip,"[-1,1,1]",6,151151,800,count_volume_coefficient,1.06116369255,1.0,0.06116369255000009,0.06116369255000009,,,supplied_continuum_volume,deterministic_finite_geometry_not_sampling_error
89,3,tip,"[-1,1,1]",6,151151,800,empty_interval_weight,0.199050708134,0.0,0.199050708134,,,,continuum_zero_lattice_sensitive_control,not_retained
89,3,tip,"[-1,1,1]",6,151151,800,interval_mean,0.00831569486005,0.009523809523809523,-0.0012081146637595228,-0.1268520396947499,,,analytic_flat,not_retained
89,3,tip,"[-1,1,1]",6,151151,800,interval_mean_sampled_reference_d2,0.00831569486005,0.111230923338,-0.10291522847795,-0.9252393614068912,,,sampled_flat_reference,source_and_reference_joint_uncertainty_unavailable
89,3,tip,"[-1,1,1]",6,151151,800,interval_mean_sampled_reference_d3,0.00831569486005,0.0334036486429,-0.025087953782849996,-0.7510542950278123,,,sampled_flat_reference,source_and_reference_joint_uncertainty_unavailable
89,3,tip,"[-1,1,1]",6,151151,800,interval_mean_sampled_reference_d4,0.00831569486005,0.00953169216111,-0.0012159973010599998,-0.12757412645168686,,,sampled_flat_reference,source_and_reference_joint_uncertainty_unavailable
89,3,tip,"[-1,1,1]",6,151151,800,interval_mean_sampled_reference_d5,0.00831569486005,0.00264783067105,0.005667864189,2.1405689763206808,,,sampled_flat_reference,source_and_reference_joint_uncertainty_unavailable
89,3,tip,"[-1,1,1]",6,151151,800,interval_mean_sampled_reference_d6,0.00831569486005,0.000728317610158,0.0075873772498920005,10.417676497271579,,,sampled_flat_reference,source_and_reference_joint_uncertainty_unavailable
89,3,tip,"[-1,1,1]",6,151151,800,interval_second_moment_d2,0.000239895718452,0.0278764142498,-0.027636518531348,-0.9913943121844043,,,sampled_flat_reference,source_and_reference_joint_uncertainty_unavailable
89,3,tip,"[-1,1,1]",6,151151,800,interval_second_moment_d3,0.000239895718452,0.00409438370913,-0.0038544879906780003,-0.9414085890589442,,,sampled_flat_reference,source_and_reference_joint_uncertainty_unavailable
89,3,tip,"[-1,1,1]",6,151151,800,interval_second_moment_d4,0.000239895718452,0.000567225438714,-0.000327329720262,-0.5770716507428055,,,sampled_flat_reference,source_and_reference_joint_uncertainty_unavailable
89,3,tip,"[-1,1,1]",6,151151,800,interval_second_moment_d5,0.000239895718452,7.71570990227e-05,0.0001627386194293,2.109185304924716,,,sampled_flat_reference,source_and_reference_joint_uncertainty_unavailable
89,3,tip,"[-1,1,1]",6,151151,800,interval_second_moment_d6,0.000239895718452,1.05269535255e-05,0.0002293687649265,21.788712600553218,,,sampled_flat_reference,source_and_reference_joint_uncertainty_unavailable
144,3,tip,"[-1,1,1]",8,949468,400,C2_coefficient,0.04498811175115259,0.05,-0.005011888248847414,-0.10023776497694825,0.004313312625399527,0.08626625250799054,analytic_flat,reported_marginal_not_reconstructed
144,3,tip,"[-1,1,1]",8,949468,400,C2_count,40556266890.0,45074426677.8,-4518159787.800003,-0.10023776497694825,3888401873.44,0.08626625250799054,analytic_flat,reported_marginal_not_reconstructed
144,3,tip,"[-1,1,1]",8,949468,400,C2_dimension,4.12526211951,4,0.12526211951000032,0.03131552987750008,,,analytic_flat,not_retained
144,3,tip,"[-1,1,1]",8,949468,400,C3_N_over_C2_squared,0.2277400265088275,0.19047619047619044,0.037263836032637054,0.19563513917134467,,,analytic_flat,not_retained
144,3,tip,"[-1,1,1]",8,949468,400,C3_coefficient,0.0004609304026195572,0.0004761904761904762,-1.526007357091901e-05,-0.03204615449892989,3.462891016689597e-05,0.07272071135048153,analytic_flat,reported_marginal_not_reconstructed
144,3,tip,"[-1,1,1]",8,949468,400,C3_count,394525409558000.0,407587005714895.8,-13061596156895.812,-0.03204615449893,29640016992800.0,0.07272071135048153,analytic_flat,reported_marginal_not_reconstructed
144,3,tip,"[-1,1,1]",8,949468,400,C3_dimension,4.01542823744,4,0.015428237440000103,0.003857059360000026,,,analytic_flat,not_retained
144,3,tip,"[-1,1,1]",8,949468,400,C4_N2_over_C2_cubed,0.016274210919559752,0.011337868480725622,0.00493634243883413,0.43538540310517027,,,analytic_flat,not_retained
144,3,tip,"[-1,1,1]",8,949468,400,C4_coefficient,1.4818171209638155e-06,1.417233560090703e-06,6.458356087311252e-08,0.045570160552068195,2.9802181022789815e-07,0.21028418929680492,analytic_flat,reported_marginal_not_reconstructed
144,3,tip,"[-1,1,1]",8,949468,400,C4_count,1.20424040006e+18,1.151754751134207e+18,5.248564892579302e+16,0.04557016055206797,2.42195814111e+17,0.2102841892968049,analytic_flat,reported_marginal_not_reconstructed
144,3,tip,"[-1,1,1]",8,949468,400,C4_dimension,3.98787191683,4,-0.012128083169999915,-0.0030320207924999787,,,analytic_flat,not_retained
144,3,tip,"[-1,1,1]",8,949468,400,cdf_grid_distance_d2,0.640785932648,0.0,0.640785932648,,,,sampled_flat_reference_25_point_grid,source_and_reference_joint_uncertainty_unavailable
144,3,tip,"[-1,1,1]",8,949468,400,cdf_grid_distance_d3,0.312225683792,0.0,0.312225683792,,,,sampled_flat_reference_25_point_grid,source_and_reference_joint_uncertainty_unavailable
144,3,tip,"[-1,1,1]",8,949468,400,cdf_grid_distance_d4,0.064418917961,0.0,0.064418917961,,,,sampled_flat_reference_25_point_grid,source_and_reference_joint_uncertainty_unavailable
144,3,tip,"[-1,1,1]",8,949468,400,cdf_grid_distance_d5,0.299470338096,0.0,0.299470338096,,,,sampled_flat_reference_25_point_grid,source_and_reference_joint_uncertainty_unavailable
144,3,tip,"[-1,1,1]",8,949468,400,cdf_grid_distance_d6,0.5075570112200001,0.0,0.5075570112200001,,,,sampled_flat_reference_25_point_grid,source_and_reference_joint_uncertainty_unavailable
144,3,tip,"[-1,1,1]",8,949468,400,count_volume_coefficient,1.02479740063,1.0,0.02479740063000002,0.02479740063000002,,,supplied_continuum_volume,deterministic_finite_geometry_not_sampling_error
144,3,tip,"[-1,1,1]",8,949468,400,empty_interval_weight,0.083598917961,0.0,0.083598917961,,,,continuum_zero_lattice_sensitive_control,not_retained
144,3,tip,"[-1,1,1]",8,949468,400,interval_mean,0.0125066426958,0.009523809523809523,0.0029828331719904764,0.3131974830590001,,,analytic_flat,not_retained
144,3,tip,"[-1,1,1]",8,949468,400,interval_mean_sampled_reference_d2,0.0125066426958,0.111230923338,-0.0987242806422,-0.8875614593452958,,,sampled_flat_reference,source_and_reference_joint_uncertainty_unavailable
144,3,tip,"[-1,1,1]",8,949468,400,interval_mean_sampled_reference_d3,0.0125066426958,0.0334036486429,-0.0208970059471,-0.6255905206792939,,,sampled_flat_reference,source_and_reference_joint_uncertainty_unavailable
144,3,tip,"[-1,1,1]",8,949468,400,interval_mean_sampled_reference_d4,0.0125066426958,0.00953169216111,0.0029749505346899994,0.3121114786761594,,,sampled_flat_reference,source_and_reference_joint_uncertainty_unavailable
144,3,tip,"[-1,1,1]",8,949468,400,interval_mean_sampled_reference_d5,0.0125066426958,0.00264783067105,0.009858812024749999,3.723354417086073,,,sampled_flat_reference,source_and_reference_joint_uncertainty_unavailable
144,3,tip,"[-1,1,1]",8,949468,400,interval_mean_sampled_reference_d6,0.0125066426958,0.000728317610158,0.011778325085642,16.17196250834417,,,sampled_flat_reference,source_and_reference_joint_uncertainty_unavailable
144,3,tip,"[-1,1,1]",8,949468,400,interval_second_moment_d2,0.000844347212181,0.0278764142498,-0.027032067037618998,-0.9697110537741755,,,sampled_flat_reference,source_and_reference_joint_uncertainty_unavailable
144,3,tip,"[-1,1,1]",8,949468,400,interval_second_moment_d3,0.000844347212181,0.00409438370913,-0.0032500364969490006,-0.7937791686943743,,,sampled_flat_reference,source_and_reference_joint_uncertainty_unavailable
144,3,tip,"[-1,1,1]",8,949468,400,interval_second_moment_d4,0.000844347212181,0.000567225438714,0.00027712177346700005,0.48855667350759857,,,sampled_flat_reference,source_and_reference_joint_uncertainty_unavailable
144,3,tip,"[-1,1,1]",8,949468,400,interval_second_moment_d5,0.000844347212181,7.71570990227e-05,0.0007671901131583001,9.943221335117705,,,sampled_flat_reference,source_and_reference_joint_uncertainty_unavailable
144,3,tip,"[-1,1,1]",8,949468,400,interval_second_moment_d6,0.000844347212181,1.05269535255e-05,0.0008338202586555001,79.20812575411232,,,sampled_flat_reference,source_and_reference_joint_uncertainty_unavailable
55,3,tip,"[0,-1,0]",4,16102,800,C2_coefficient,0.0340850723557543,0.05,-0.0159149276442457,-0.31829855288491404,0.00224261002012194,0.0448522004024388,analytic_flat,reported_marginal_not_reconstructed
55,3,tip,"[0,-1,0]",4,16102,800,C2_count,8836837.9825,12962915.100000001,-4126077.1175000016,-0.31829855288491404,581415.265865,0.04485220040243879,analytic_flat,reported_marginal_not_reconstructed
55,3,tip,"[0,-1,0]",4,16102,800,C2_dimension,4.45234746551,4,0.45234746550999994,0.11308686637749998,,,analytic_flat,not_retained
55,3,tip,"[0,-1,0]",4,16102,800,C3_N_over_C2_squared,0.31797366884912553,0.19047619047619044,0.1274974783729351,0.6693617614579095,,,analytic_flat,not_retained
55,3,tip,"[0,-1,0]",4,16102,800,C3_coefficient,0.00036944226005851746,0.0004761904761904762,-0.00010674821613195873,-0.22417125387711334,3.1620291363474836e-05,0.06640261186329716,analytic_flat,reported_marginal_not_reconstructed
55,3,tip,"[0,-1,0]",4,16102,800,C3_count,1542073665.78,1987646982.0,-445573316.22,-0.22417125387711334,131984951.067,0.06640261186329716,analytic_flat,reported_marginal_not_reconstructed
55,3,tip,"[0,-1,0]",4,16102,800,C3_dimension,4.12007758841,4,0.12007758841000005,0.03001939710250001,,,analytic_flat,not_retained
55,3,tip,"[0,-1,0]",4,16102,800,C4_N2_over_C2_cubed,0.001236647515289958,0.011337868480725622,-0.010101220965435663,-0.8909276891514257,,,analytic_flat,not_retained
55,3,tip,"[0,-1,0]",4,16102,800,C4_coefficient,4.8980082646936513e-08,1.417233560090703e-06,-1.3682534774437665e-06,-0.9654396536843216,4.592917613562491e-09,0.0032407626681296934,analytic_flat,reported_marginal_not_reconstructed
55,3,tip,"[0,-1,0]",4,16102,800,C4_count,3291371940.05,95235502271.48215,-91944130331.43214,-0.9654396536843216,308635660.442,0.0032407626681296934,analytic_flat,reported_marginal_not_reconstructed
55,3,tip,"[0,-1,0]",4,16102,800,C4_dimension,4.90774456353,4,0.9077445635299997,0.22693614088249991,,,analytic_flat,not_retained
55,3,tip,"[0,-1,0]",4,16102,800,cdf_grid_distance_d2,0.66875703852,0.0,0.66875703852,,,,sampled_flat_reference_25_point_grid,source_and_reference_joint_uncertainty_unavailable
55,3,tip,"[0,-1,0]",4,16102,800,cdf_grid_distance_d3,0.66679503852,0.0,0.66679503852,,,,sampled_flat_reference_25_point_grid,source_and_reference_joint_uncertainty_unavailable
55,3,tip,"[0,-1,0]",4,16102,800,cdf_grid_distance_d4,0.6496360385200001,0.0,0.6496360385200001,,,,sampled_flat_reference_25_point_grid,source_and_reference_joint_uncertainty_unavailable
55,3,tip,"[0,-1,0]",4,16102,800,cdf_grid_distance_d5,0.58880903852,0.0,0.58880903852,,,,sampled_flat_reference_25_point_grid,source_and_reference_joint_uncertainty_unavailable
55,3,tip,"[0,-1,0]",4,16102,800,cdf_grid_distance_d6,0.46305003852000004,0.0,0.46305003852000004,,,,sampled_flat_reference_25_point_grid,source_and_reference_joint_uncertainty_unavailable
55,3,tip,"[0,-1,0]",4,16102,800,count_volume_coefficient,1.17803228212,1.0,0.17803228212,0.17803228212,,,supplied_continuum_volume,deterministic_finite_geometry_not_sampling_error
55,3,tip,"[0,-1,0]",4,16102,800,empty_interval_weight,0.66881603852,0.0,0.66881603852,,,,continuum_zero_lattice_sensitive_control,not_retained
55,3,tip,"[0,-1,0]",4,16102,800,interval_mean,0.00991020517446,0.009523809523809523,0.0003863956506504774,0.04057154331830004,,,analytic_flat,not_retained
55,3,tip,"[0,-1,0]",4,16102,800,interval_mean_sampled_reference_d2,0.00991020517446,0.111230923338,-0.10132071816353999,-0.9109042262973434,,,sampled_flat_reference,source_and_reference_joint_uncertainty_unavailable
55,3,tip,"[0,-1,0]",4,16102,800,interval_mean_sampled_reference_d3,0.00991020517446,0.0334036486429,-0.023493443468439998,-0.7033196798228678,,,sampled_flat_reference,source_and_reference_joint_uncertainty_unavailable
55,3,tip,"[0,-1,0]",4,16102,800,interval_mean_sampled_reference_d4,0.00991020517446,0.00953169216111,0.0003785130133500004,0.03971099852493776,,,sampled_flat_reference,source_and_reference_joint_uncertainty_unavailable
55,3,tip,"[0,-1,0]",4,16102,800,interval_mean_sampled_reference_d5,0.00991020517446,0.00264783067105,0.00726237450341,2.7427639474128824,,,sampled_flat_reference,source_and_reference_joint_uncertainty_unavailable
55,3,tip,"[0,-1,0]",4,16102,800,interval_mean_sampled_reference_d6,0.00991020517446,0.000728317610158,0.009181887564302,12.60698277268086,,,sampled_flat_reference,source_and_reference_joint_uncertainty_unavailable
55,3,tip,"[0,-1,0]",4,16102,800,interval_second_moment_d2,0.000408030616785,0.0278764142498,-0.027468383633015,-0.9853628729603224,,,sampled_flat_reference,source_and_reference_joint_uncertainty_unavailable
55,3,tip,"[0,-1,0]",4,16102,800,interval_second_moment_d3,0.000408030616785,0.00409438370913,-0.0036863530923450004,-0.9003438256470347,,,sampled_flat_reference,source_and_reference_joint_uncertainty_unavailable
55,3,tip,"[0,-1,0]",4,16102,800,interval_second_moment_d4,0.000408030616785,0.000567225438714,-0.000159194821929,-0.2806552934048986,,,sampled_flat_reference,source_and_reference_joint_uncertainty_unavailable
55,3,tip,"[0,-1,0]",4,16102,800,interval_second_moment_d5,0.000408030616785,7.71570990227e-05,0.0003308735177623,4.288309461517668,,,sampled_flat_reference,source_and_reference_joint_uncertainty_unavailable
55,3,tip,"[0,-1,0]",4,16102,800,interval_second_moment_d6,0.000408030616785,1.05269535255e-05,0.0003975036632595,37.76056028903383,,,sampled_flat_reference,source_and_reference_joint_uncertainty_unavailable
89,3,tip,"[0,-1,0]",6,151624,800,C2_coefficient,0.04346152958324265,0.05,-0.006538470416757355,-0.13076940833514705,0.002626873995363171,0.052537479907263415,analytic_flat,reported_marginal_not_reconstructed
89,3,tip,"[0,-1,0]",6,151624,800,C2_count,999166907.42,1149484287.6000001,-150317380.1800002,-0.13076940833514716,60391007.6635,0.05253747990726341,analytic_flat,reported_marginal_not_reconstructed
89,3,tip,"[0,-1,0]",6,151624,800,C2_dimension,4.16610447567,4,0.16610447567000008,0.04152611891750002,,,analytic_flat,not_retained
89,3,tip,"[0,-1,0]",6,151624,800,C3_N_over_C2_squared,0.21781268268815523,0.19047619047619044,0.027336492211964797,0.1435165841128152,,,analytic_flat,not_retained
89,3,tip,"[0,-1,0]",6,151624,800,C3_coefficient,0.0004114300816936181,0.0004761904761904762,-6.476039449685811e-05,-0.135996828443402,2.3415728413292407e-05,0.04917302966791405,analytic_flat,reported_marginal_not_reconstructed
89,3,tip,"[0,-1,0]",6,151624,800,C3_count,1434139170580.0,1659877206233.2114,-225738035653.21143,-0.135996828443402,81621191107.2,0.04917302966791405,analytic_flat,reported_marginal_not_reconstructed
89,3,tip,"[0,-1,0]",6,151624,800,C3_dimension,4.06919633655,4,0.06919633655000013,0.01729908413750003,,,analytic_flat,not_retained
89,3,tip,"[0,-1,0]",6,151624,800,C4_N2_over_C2_cubed,0.012075500310752794,0.011337868480725622,0.0007376318300271727,0.0650591274083967,,,analytic_flat,not_retained
89,3,tip,"[0,-1,0]",6,151624,800,C4_coefficient,9.913539623921907e-07,1.417233560090703e-06,-4.258795976985123e-07,-0.30050064413607025,1.409702185749301e-07,0.09946858622647067,analytic_flat,reported_marginal_not_reconstructed
89,3,tip,"[0,-1,0]",6,151624,800,C4_count,523942175858000.0,749024529423469.5,-225082353565469.5,-0.30050064413607025,74504410990700.0,0.09946858622647067,analytic_flat,reported_marginal_not_reconstructed
89,3,tip,"[0,-1,0]",6,151624,800,C4_dimension,4.0971520865,4,0.0971520865000004,0.0242880216250001,,,analytic_flat,not_retained
89,3,tip,"[0,-1,0]",6,151624,800,cdf_grid_distance_d2,0.705445339328,0.0,0.705445339328,,,,sampled_flat_reference_25_point_grid,source_and_reference_joint_uncertainty_unavailable
89,3,tip,"[0,-1,0]",6,151624,800,cdf_grid_distance_d3,0.38620533932800005,0.0,0.38620533932800005,,,,sampled_flat_reference_25_point_grid,source_and_reference_joint_uncertainty_unavailable
89,3,tip,"[0,-1,0]",6,151624,800,cdf_grid_distance_d4,0.192038946647,0.0,0.192038946647,,,,sampled_flat_reference_25_point_grid,source_and_reference_joint_uncertainty_unavailable
89,3,tip,"[0,-1,0]",6,151624,800,cdf_grid_distance_d5,0.25252746902600004,0.0,0.25252746902600004,,,,sampled_flat_reference_25_point_grid,source_and_reference_joint_uncertainty_unavailable
89,3,tip,"[0,-1,0]",6,151624,800,cdf_grid_distance_d6,0.438366469026,0.0,0.438366469026,,,,sampled_flat_reference_25_point_grid,source_and_reference_joint_uncertainty_unavailable
89,3,tip,"[0,-1,0]",6,151624,800,count_volume_coefficient,1.06448441439,1.0,0.06448441439000008,0.06448441439000008,,,supplied_continuum_volume,deterministic_finite_geometry_not_sampling_error
89,3,tip,"[0,-1,0]",6,151624,800,empty_interval_weight,0.211218946647,0.0,0.211218946647,,,,continuum_zero_lattice_sensitive_control,not_retained
89,3,tip,"[0,-1,0]",6,151624,800,interval_mean,0.00669974556957,0.009523809523809523,-0.0028240639542395233,-0.29652671519514995,,,analytic_flat,not_retained
89,3,tip,"[0,-1,0]",6,151624,800,interval_mean_sampled_reference_d2,0.00669974556957,0.111230923338,-0.10453117776843,-0.9397672394644129,,,sampled_flat_reference,source_and_reference_joint_uncertainty_unavailable
89,3,tip,"[0,-1,0]",6,151624,800,interval_mean_sampled_reference_d3,0.00669974556957,0.0334036486429,-0.02670390307333,-0.7994307256314037,,,sampled_flat_reference,source_and_reference_joint_uncertainty_unavailable
89,3,tip,"[0,-1,0]",6,151624,800,interval_mean_sampled_reference_d4,0.00669974556957,0.00953169216111,-0.0028319465915400003,-0.2971084822792063,,,sampled_flat_reference,source_and_reference_joint_uncertainty_unavailable
89,3,tip,"[0,-1,0]",6,151624,800,interval_mean_sampled_reference_d5,0.00669974556957,0.00264783067105,0.00405191489852,1.530277197413537,,,sampled_flat_reference,source_and_reference_joint_uncertainty_unavailable
89,3,tip,"[0,-1,0]",6,151624,800,interval_mean_sampled_reference_d6,0.00669974556957,0.000728317610158,0.005971427959412,8.198933921310193,,,sampled_flat_reference,source_and_reference_joint_uncertainty_unavailable
89,3,tip,"[0,-1,0]",6,151624,800,interval_second_moment_d2,0.000292819210996,0.0278764142498,-0.027583595038803997,-0.9894958078764344,,,sampled_flat_reference,source_and_reference_joint_uncertainty_unavailable
89,3,tip,"[0,-1,0]",6,151624,800,interval_second_moment_d3,0.000292819210996,0.00409438370913,-0.0038015644981340005,-0.9284827139324907,,,sampled_flat_reference,source_and_reference_joint_uncertainty_unavailable
89,3,tip,"[0,-1,0]",6,151624,800,interval_second_moment_d4,0.000292819210996,0.000567225438714,-0.000274406227718,-0.4837692546725818,,,sampled_flat_reference,source_and_reference_joint_uncertainty_unavailable
89,3,tip,"[0,-1,0]",6,151624,800,interval_second_moment_d5,0.000292819210996,7.71570990227e-05,0.00021566211197330003,2.7951039464281977,,,sampled_flat_reference,source_and_reference_joint_uncertainty_unavailable
89,3,tip,"[0,-1,0]",6,151624,800,interval_second_moment_d6,0.000292819210996,1.05269535255e-05,0.0002822922574705,26.816139805945607,,,sampled_flat_reference,source_and_reference_joint_uncertainty_unavailable
144,3,tip,"[0,-1,0]",8,945016,400,C2_coefficient,0.03613789199113242,0.05,-0.013862108008867585,-0.2772421601773517,0.0035292864446981598,0.0705857288939632,analytic_flat,reported_marginal_not_reconstructed
144,3,tip,"[0,-1,0]",8,945016,400,C2_count,32273099663.6,44652714762.0,-12379615098.400002,-0.2772421601773517,3151844418.57,0.0705857288939632,analytic_flat,reported_marginal_not_reconstructed
144,3,tip,"[0,-1,0]",8,945016,400,C2_dimension,4.38365633591,4,0.3836563359099996,0.0959140839774999,,,analytic_flat,not_retained
144,3,tip,"[0,-1,0]",8,945016,400,C3_N_over_C2_squared,0.31528052196828643,0.19047619047619044,0.124804331492096,0.655222740333504,,,analytic_flat,not_retained
144,3,tip,"[0,-1,0]",8,945016,400,C3_coefficient,0.00041174016241878617,0.0004761904761904762,-6.445031377169002e-05,-0.13534565892054906,2.9073665066337544e-05,0.06105469663930884,analytic_flat,reported_marginal_not_reconstructed
144,3,tip,"[0,-1,0]",8,945016,400,C3_count,347487620828000.0,401880386553301.56,-54392765725301.56,-0.13534565892054906,24536685086300.0,0.06105469663930884,analytic_flat,reported_marginal_not_reconstructed
144,3,tip,"[0,-1,0]",8,945016,400,C3_dimension,4.0688400103,4,0.06884001029999975,0.01721000257499994,,,analytic_flat,not_retained
144,3,tip,"[0,-1,0]",8,945016,400,C4_N2_over_C2_cubed,0.024725047636171265,0.011337868480725622,0.013387179155445643,1.1807492015103058,,,analytic_flat,not_retained
144,3,tip,"[0,-1,0]",8,945016,400,C4_coefficient,1.1668820583454191e-06,1.417233560090703e-06,-2.5035150174528386e-07,-0.17664801963147225,3.292089470009654e-07,0.2322898330038812,analytic_flat,reported_marginal_not_reconstructed
144,3,tip,"[0,-1,0]",8,945016,400,C4_count,9.30638148897e+17,1.1303041361246881e+18,-1.996659872276882e+17,-0.17664801963147225,2.62558159024e+17,0.2322898330038812,analytic_flat,reported_marginal_not_reconstructed
144,3,tip,"[0,-1,0]",8,945016,400,C4_dimension,4.05286257858,4,0.0528625785800001,0.013215644645000024,,,analytic_flat,not_retained
144,3,tip,"[0,-1,0]",8,945016,400,cdf_grid_distance_d2,0.65590999365,0.0,0.65590999365,,,,sampled_flat_reference_25_point_grid,source_and_reference_joint_uncertainty_unavailable
144,3,tip,"[0,-1,0]",8,945016,400,cdf_grid_distance_d3,0.319446125606,0.0,0.319446125606,,,,sampled_flat_reference_25_point_grid,source_and_reference_joint_uncertainty_unavailable
144,3,tip,"[0,-1,0]",8,945016,400,cdf_grid_distance_d4,0.10524540283300002,0.0,0.10524540283300002,,,,sampled_flat_reference_25_point_grid,source_and_reference_joint_uncertainty_unavailable
144,3,tip,"[0,-1,0]",8,945016,400,cdf_grid_distance_d5,0.26278424872000006,0.0,0.26278424872000006,,,,sampled_flat_reference_25_point_grid,source_and_reference_joint_uncertainty_unavailable
144,3,tip,"[0,-1,0]",8,945016,400,cdf_grid_distance_d6,0.447406222971,0.0,0.447406222971,,,,sampled_flat_reference_25_point_grid,source_and_reference_joint_uncertainty_unavailable
144,3,tip,"[0,-1,0]",8,945016,400,count_volume_coefficient,1.01999218547,1.0,0.019992185470000035,0.019992185470000035,,,supplied_continuum_volume,deterministic_finite_geometry_not_sampling_error
144,3,tip,"[0,-1,0]",8,945016,400,empty_interval_weight,0.105740999126,0.0,0.105740999126,,,,continuum_zero_lattice_sensitive_control,not_retained
144,3,tip,"[0,-1,0]",8,945016,400,interval_mean,0.00800368103482,0.009523809523809523,-0.0015201284889895233,-0.1596134913438999,,,analytic_flat,not_retained
144,3,tip,"[0,-1,0]",8,945016,400,interval_mean_sampled_reference_d2,0.00800368103482,0.111230923338,-0.10322724230318,-0.9280444610668291,,,sampled_flat_reference,source_and_reference_joint_uncertainty_unavailable
144,3,tip,"[0,-1,0]",8,945016,400,interval_mean_sampled_reference_d3,0.00800368103482,0.0334036486429,-0.02539996760808,-0.7603950059353413,,,sampled_flat_reference,source_and_reference_joint_uncertainty_unavailable
144,3,tip,"[0,-1,0]",8,945016,400,interval_mean_sampled_reference_d4,0.00800368103482,0.00953169216111,-0.0015280111262900003,-0.16030848462819614,,,sampled_flat_reference,source_and_reference_joint_uncertainty_unavailable
144,3,tip,"[0,-1,0]",8,945016,400,interval_mean_sampled_reference_d5,0.00800368103482,0.00264783067105,0.005355850363769999,2.0227314466623847,,,sampled_flat_reference,source_and_reference_joint_uncertainty_unavailable
144,3,tip,"[0,-1,0]",8,945016,400,interval_mean_sampled_reference_d6,0.00800368103482,0.000728317610158,0.007275363424662,9.989272980895924,,,sampled_flat_reference,source_and_reference_joint_uncertainty_unavailable
144,3,tip,"[0,-1,0]",8,945016,400,interval_second_moment_d2,0.000250014095429,0.0278764142498,-0.027626400154370997,-0.9910313394976618,,,sampled_flat_reference,source_and_reference_joint_uncertainty_unavailable
144,3,tip,"[0,-1,0]",8,945016,400,interval_second_moment_d3,0.000250014095429,0.00409438370913,-0.0038443696137010004,-0.938937307006303,,,sampled_flat_reference,source_and_reference_joint_uncertainty_unavailable
144,3,tip,"[0,-1,0]",8,945016,400,interval_second_moment_d4,0.000250014095429,0.000567225438714,-0.000317211343285,-0.5592332812226722,,,sampled_flat_reference,source_and_reference_joint_uncertainty_unavailable
144,3,tip,"[0,-1,0]",8,945016,400,interval_second_moment_d5,0.000250014095429,7.71570990227e-05,0.0001728569964063,2.2403252402665452,,,sampled_flat_reference,source_and_reference_joint_uncertainty_unavailable
144,3,tip,"[0,-1,0]",8,945016,400,interval_second_moment_d6,0.000250014095429,1.05269535255e-05,0.0002394871419035,22.749900179893217,,,sampled_flat_reference,source_and_reference_joint_uncertainty_unavailable
55,3,tip,"[0,0,-1]",4,16102,800,C2_coefficient,0.031225389727346127,0.05,-0.018774610272653876,-0.3754922054530775,0.0021275806473692017,0.04255161294738403,analytic_flat,reported_marginal_not_reconstructed
55,3,tip,"[0,0,-1]",4,16102,800,C2_count,8095441.52,12962915.100000001,-4867473.580000002,-0.3754922054530776,551592.946005,0.042551612947384035,analytic_flat,reported_marginal_not_reconstructed
55,3,tip,"[0,0,-1]",4,16102,800,C2_dimension,4.55505603438,4,0.5550560343799997,0.13876400859499993,,,analytic_flat,not_retained
55,3,tip,"[0,0,-1]",4,16102,800,C3_N_over_C2_squared,0.3899427157086726,0.19047619047619044,0.19946652523248218,1.0471992574705316,,,analytic_flat,not_retained
55,3,tip,"[0,0,-1]",4,16102,800,C3_coefficient,0.0003802274973475096,0.0004761904761904762,-9.596297884296659e-05,-0.20152225557022985,3.322616446528388e-05,0.06977494537709614,analytic_flat,reported_marginal_not_reconstructed
55,3,tip,"[0,0,-1]",4,16102,800,C3_count,1587091878.91,1987646982.0,-400555103.0899999,-0.20152225557022974,138687959.598,0.06977494537709614,analytic_flat,reported_marginal_not_reconstructed
55,3,tip,"[0,0,-1]",4,16102,800,C3_dimension,4.10648219504,4,0.1064821950399999,0.026620548759999973,,,analytic_flat,not_retained
55,3,tip,"[0,0,-1]",4,16102,800,C4_N2_over_C2_cubed,0.0015960353408040514,0.011337868480725622,-0.009741833139921571,-0.8592296829410826,,,analytic_flat,not_retained
55,3,tip,"[0,0,-1]",4,16102,800,C4_coefficient,4.860120419224937e-08,1.417233560090703e-06,-1.3686323558984536e-06,-0.9657069903219488,4.961084454321964e-09,0.003500541190969578,analytic_flat,reported_marginal_not_reconstructed
55,3,tip,"[0,0,-1]",4,16102,800,C4_count,3265912001.09,95235502271.48215,-91969590270.39215,-0.9657069903219488,333375798.544,0.0035005411909695776,analytic_flat,reported_marginal_not_reconstructed
55,3,tip,"[0,0,-1]",4,16102,800,C4_dimension,4.90982338471,4,0.9098233847100001,0.22745584617750003,,,analytic_flat,not_retained
55,3,tip,"[0,0,-1]",4,16102,800,cdf_grid_distance_d2,0.6978560091489999,0.0,0.6978560091489999,,,,sampled_flat_reference_25_point_grid,source_and_reference_joint_uncertainty_unavailable
55,3,tip,"[0,0,-1]",4,16102,800,cdf_grid_distance_d3,0.6958940091489999,0.0,0.6958940091489999,,,,sampled_flat_reference_25_point_grid,source_and_reference_joint_uncertainty_unavailable
55,3,tip,"[0,0,-1]",4,16102,800,cdf_grid_distance_d4,0.678735009149,0.0,0.678735009149,,,,sampled_flat_reference_25_point_grid,source_and_reference_joint_uncertainty_unavailable
55,3,tip,"[0,0,-1]",4,16102,800,cdf_grid_distance_d5,0.6179080091489999,0.0,0.6179080091489999,,,,sampled_flat_reference_25_point_grid,source_and_reference_joint_uncertainty_unavailable
55,3,tip,"[0,0,-1]",4,16102,800,cdf_grid_distance_d6,0.49214900914899995,0.0,0.49214900914899995,,,,sampled_flat_reference_25_point_grid,source_and_reference_joint_uncertainty_unavailable
55,3,tip,"[0,0,-1]",4,16102,800,count_volume_coefficient,1.17803228212,1.0,0.17803228212,0.17803228212,,,supplied_continuum_volume,deterministic_finite_geometry_not_sampling_error
55,3,tip,"[0,0,-1]",4,16102,800,empty_interval_weight,0.697915009149,0.0,0.697915009149,,,,continuum_zero_lattice_sensitive_control,not_retained
55,3,tip,"[0,0,-1]",4,16102,800,interval_mean,0.0100604815437,0.009523809523809523,0.0005366720198904766,0.05635056208850009,,,analytic_flat,not_retained
55,3,tip,"[0,0,-1]",4,16102,800,interval_mean_sampled_reference_d2,0.0100604815437,0.111230923338,-0.1011704417943,-0.9095531958039315,,,sampled_flat_reference,source_and_reference_joint_uncertainty_unavailable
55,3,tip,"[0,0,-1]",4,16102,800,interval_mean_sampled_reference_d3,0.0100604815437,0.0334036486429,-0.0233431670992,-0.698820878783301,,,sampled_flat_reference,source_and_reference_joint_uncertainty_unavailable
55,3,tip,"[0,0,-1]",4,16102,800,interval_mean_sampled_reference_d4,0.0100604815437,0.00953169216111,0.0005287893825899996,0.055476968165998786,,,sampled_flat_reference,source_and_reference_joint_uncertainty_unavailable
55,3,tip,"[0,0,-1]",4,16102,800,interval_mean_sampled_reference_d5,0.0100604815437,0.00264783067105,0.007412650872649999,2.7995184713645243,,,sampled_flat_reference,source_and_reference_joint_uncertainty_unavailable
55,3,tip,"[0,0,-1]",4,16102,800,interval_mean_sampled_reference_d6,0.0100604815437,0.000728317610158,0.009332163933542,12.813316338070551,,,sampled_flat_reference,source_and_reference_joint_uncertainty_unavailable
55,3,tip,"[0,0,-1]",4,16102,800,interval_second_moment_d2,0.000470867073271,0.0278764142498,-0.027405547176529,-0.9831087646692445,,,sampled_flat_reference,source_and_reference_joint_uncertainty_unavailable
55,3,tip,"[0,0,-1]",4,16102,800,interval_second_moment_d3,0.000470867073271,0.00409438370913,-0.0036235166358590002,-0.8849968379316718,,,sampled_flat_reference,source_and_reference_joint_uncertainty_unavailable
55,3,tip,"[0,0,-1]",4,16102,800,interval_second_moment_d4,0.000470867073271,0.000567225438714,-9.635836544300003e-05,-0.16987666431438864,,,sampled_flat_reference,source_and_reference_joint_uncertainty_unavailable
55,3,tip,"[0,0,-1]",4,16102,800,interval_second_moment_d5,0.000470867073271,7.71570990227e-05,0.0003937099742483,5.102705768298372,,,sampled_flat_reference,source_and_reference_joint_uncertainty_unavailable
55,3,tip,"[0,0,-1]",4,16102,800,interval_second_moment_d6,0.000470867073271,1.05269535255e-05,0.0004603401197455,43.729662017638205,,,sampled_flat_reference,source_and_reference_joint_uncertainty_unavailable
89,3,tip,"[0,0,-1]",6,151624,800,C2_coefficient,0.039020613627220146,0.05,-0.010979386372779856,-0.21958772745559707,0.002434229219689597,0.04868458439379193,analytic_flat,reported_marginal_not_reconstructed
89,3,tip,"[0,0,-1]",6,151624,800,C2_count,897071645.14,1149484287.6000001,-252412642.46000016,-0.21958772745559718,55962164.809,0.048684584393791926,analytic_flat,reported_marginal_not_reconstructed
89,3,tip,"[0,0,-1]",6,151624,800,C2_dimension,4.29332861196,4,0.2933286119599998,0.07333215298999995,,,analytic_flat,not_retained
89,3,tip,"[0,0,-1]",6,151624,800,C3_N_over_C2_squared,0.2611559278819709,0.19047619047619044,0.07067973740578046,0.3710686213803476,,,analytic_flat,not_retained
89,3,tip,"[0,0,-1]",6,151624,800,C3_coefficient,0.0003976408027754456,0.0004761904761904762,-7.854967341503058e-05,-0.16495431417156425,2.175924368136478e-05,0.04569441173086604,analytic_flat,reported_marginal_not_reconstructed
89,3,tip,"[0,0,-1]",6,151624,800,C3_count,1386073300070.0,1659877206233.2114,-273803906163.21143,-0.16495431417156425,75847112484.3,0.04569441173086604,analytic_flat,reported_marginal_not_reconstructed
89,3,tip,"[0,0,-1]",6,151624,800,C3_dimension,4.08531664367,4,0.08531664366999969,0.021329160917499923,,,analytic_flat,not_retained
89,3,tip,"[0,0,-1]",6,151624,800,C4_N2_over_C2_cubed,0.01742059984001477,0.011337868480725622,0.00608273135928915,0.536496905889303,,,analytic_flat,not_retained
89,3,tip,"[0,0,-1]",6,151624,800,C4_coefficient,1.035032488408297e-06,1.417233560090703e-06,-3.8220107168240605e-07,-0.26968107617910575,1.5481314946443294e-07,0.10923615826210388,analytic_flat,reported_marginal_not_reconstructed
89,3,tip,"[0,0,-1]",6,151624,800,C4_count,547026788244000.0,749024529423469.5,-201997741179469.5,-0.26968107617910575,81820562038300.0,0.10923615826210388,analytic_flat,reported_marginal_not_reconstructed
89,3,tip,"[0,0,-1]",6,151624,800,C4_dimension,4.08544211046,4,0.08544211045999983,0.021360527614999958,,,analytic_flat,not_retained
89,3,tip,"[0,0,-1]",6,151624,800,cdf_grid_distance_d2,0.663598092351,0.0,0.663598092351,,,,sampled_flat_reference_25_point_grid,source_and_reference_joint_uncertainty_unavailable
89,3,tip,"[0,0,-1]",6,151624,800,cdf_grid_distance_d3,0.35116607910500003,0.0,0.35116607910500003,,,,sampled_flat_reference_25_point_grid,source_and_reference_joint_uncertainty_unavailable
89,3,tip,"[0,0,-1]",6,151624,800,cdf_grid_distance_d4,0.23962884943600002,0.0,0.23962884943600002,,,,sampled_flat_reference_25_point_grid,source_and_reference_joint_uncertainty_unavailable
89,3,tip,"[0,0,-1]",6,151624,800,cdf_grid_distance_d5,0.22028522948500007,0.0,0.22028522948500007,,,,sampled_flat_reference_25_point_grid,source_and_reference_joint_uncertainty_unavailable
89,3,tip,"[0,0,-1]",6,151624,800,cdf_grid_distance_d6,0.410098082897,0.0,0.410098082897,,,,sampled_flat_reference_25_point_grid,source_and_reference_joint_uncertainty_unavailable
89,3,tip,"[0,0,-1]",6,151624,800,count_volume_coefficient,1.06448441439,1.0,0.06448441439000008,0.06448441439000008,,,supplied_continuum_volume,deterministic_finite_geometry_not_sampling_error
89,3,tip,"[0,0,-1]",6,151624,800,empty_interval_weight,0.258808849436,0.0,0.258808849436,,,,continuum_zero_lattice_sensitive_control,not_retained
89,3,tip,"[0,0,-1]",6,151624,800,interval_mean,0.00645435890223,0.009523809523809523,-0.0030694506215795227,-0.3222923152658499,,,analytic_flat,not_retained
89,3,tip,"[0,0,-1]",6,151624,800,interval_mean_sampled_reference_d2,0.00645435890223,0.111230923338,-0.10477656443576999,-0.9419733406094546,,,sampled_flat_reference,source_and_reference_joint_uncertainty_unavailable
89,3,tip,"[0,0,-1]",6,151624,800,interval_mean_sampled_reference_d3,0.00645435890223,0.0334036486429,-0.02694928974067,-0.806776829344902,,,sampled_flat_reference,source_and_reference_joint_uncertainty_unavailable
89,3,tip,"[0,0,-1]",6,151624,800,interval_mean_sampled_reference_d4,0.00645435890223,0.00953169216111,-0.0030773332588799997,-0.3228527743935903,,,sampled_flat_reference,source_and_reference_joint_uncertainty_unavailable
89,3,tip,"[0,0,-1]",6,151624,800,interval_mean_sampled_reference_d5,0.00645435890223,0.00264783067105,0.00380652823118,1.4376025902254983,,,sampled_flat_reference,source_and_reference_joint_uncertainty_unavailable
89,3,tip,"[0,0,-1]",6,151624,800,interval_mean_sampled_reference_d6,0.00645435890223,0.000728317610158,0.0057260412920720006,7.862011315131873,,,sampled_flat_reference,source_and_reference_joint_uncertainty_unavailable
89,3,tip,"[0,0,-1]",6,151624,800,interval_second_moment_d2,0.000167911206094,0.0278764142498,-0.027708503043706,-0.9939765852024816,,,sampled_flat_reference,source_and_reference_joint_uncertainty_unavailable
89,3,tip,"[0,0,-1]",6,151624,800,interval_second_moment_d3,0.000167911206094,0.00409438370913,-0.003926472503036,-0.9589898705097968,,,sampled_flat_reference,source_and_reference_joint_uncertainty_unavailable
89,3,tip,"[0,0,-1]",6,151624,800,interval_second_moment_d4,0.000167911206094,0.000567225438714,-0.00039931423262,-0.7039780048040788,,,sampled_flat_reference,source_and_reference_joint_uncertainty_unavailable
89,3,tip,"[0,0,-1]",6,151624,800,interval_second_moment_d5,0.000167911206094,7.71570990227e-05,9.075410707129999e-05,1.1762249776213034,,,sampled_flat_reference,source_and_reference_joint_uncertainty_unavailable
89,3,tip,"[0,0,-1]",6,151624,800,interval_second_moment_d6,0.000167911206094,1.05269535255e-05,0.0001573842525685,14.950598213173425,,,sampled_flat_reference,source_and_reference_joint_uncertainty_unavailable
144,3,tip,"[0,0,-1]",8,945016,400,C2_coefficient,0.05474311518860301,0.05,0.004743115188603007,0.09486230377206017,0.004582570938914955,0.09165141877829909,analytic_flat,reported_marginal_not_reconstructed
144,3,tip,"[0,0,-1]",8,945016,400,C2_count,48888574154.0,44652714762.0,4235859392.0,0.09486230377206017,4092484660.24,0.09165141877829909,analytic_flat,reported_marginal_not_reconstructed
144,3,tip,"[0,0,-1]",8,945016,400,C2_dimension,3.89214390442,4,-0.10785609557999987,-0.026964023894999967,,,analytic_flat,not_retained
144,3,tip,"[0,0,-1]",8,945016,400,C3_N_over_C2_squared,0.1532327559961327,0.19047619047619044,-0.037243434480057735,-0.19552803102030314,,,analytic_flat,not_retained
144,3,tip,"[0,0,-1]",8,945016,400,C3_coefficient,0.0004592097361780782,0.0004761904761904762,-1.6980740012397975e-05,-0.03565955402603571,3.087106682620625e-05,0.06482924033503312,analytic_flat,reported_marginal_not_reconstructed
144,3,tip,"[0,0,-1]",8,945016,400,C3_count,387549511197000.0,401880386553301.56,-14330875356301.562,-0.03565955402603571,26053600165800.0,0.06482924033503312,analytic_flat,reported_marginal_not_reconstructed
144,3,tip,"[0,0,-1]",8,945016,400,C3_dimension,4.0171994356,4,0.017199435600000257,0.004299858900000064,,,analytic_flat,not_retained
144,3,tip,"[0,0,-1]",8,945016,400,C4_N2_over_C2_cubed,0.009129104417050088,0.011337868480725622,-0.002208764063675534,-0.19481299041618216,,,analytic_flat,not_retained
144,3,tip,"[0,0,-1]",8,945016,400,C4_coefficient,1.4976767086573533e-06,1.417233560090703e-06,8.044314856665036e-08,0.05676068562862846,3.0442050622747886e-07,0.21479910919410908,analytic_flat,reported_marginal_not_reconstructed
144,3,tip,"[0,0,-1]",8,945016,400,C4_count,1.19446097386e+18,1.1303041361246881e+18,6.415683773531187e+16,0.05676068562862846,2.42788321558e+17,0.21479910919410905,analytic_flat,reported_marginal_not_reconstructed
144,3,tip,"[0,0,-1]",8,945016,400,C4_dimension,3.98497404147,4,-0.015025958529999883,-0.003756489632499971,,,analytic_flat,not_retained
144,3,tip,"[0,0,-1]",8,945016,400,cdf_grid_distance_d2,0.656070731817,0.0,0.656070731817,,,,sampled_flat_reference_25_point_grid,source_and_reference_joint_uncertainty_unavailable
144,3,tip,"[0,0,-1]",8,945016,400,cdf_grid_distance_d3,0.34377239953800004,0.0,0.34377239953800004,,,,sampled_flat_reference_25_point_grid,source_and_reference_joint_uncertainty_unavailable
144,3,tip,"[0,0,-1]",8,945016,400,cdf_grid_distance_d4,0.103982575986,0.0,0.103982575986,,,,sampled_flat_reference_25_point_grid,source_and_reference_joint_uncertainty_unavailable
144,3,tip,"[0,0,-1]",8,945016,400,cdf_grid_distance_d5,0.27951855682500004,0.0,0.27951855682500004,,,,sampled_flat_reference_25_point_grid,source_and_reference_joint_uncertainty_unavailable
144,3,tip,"[0,0,-1]",8,945016,400,cdf_grid_distance_d6,0.5105545568250001,0.0,0.5105545568250001,,,,sampled_flat_reference_25_point_grid,source_and_reference_joint_uncertainty_unavailable
144,3,tip,"[0,0,-1]",8,945016,400,count_volume_coefficient,1.01999218547,1.0,0.019992185470000035,0.019992185470000035,,,supplied_continuum_volume,deterministic_finite_geometry_not_sampling_error
144,3,tip,"[0,0,-1]",8,945016,400,empty_interval_weight,0.115339821833,0.0,0.115339821833,,,,continuum_zero_lattice_sensitive_control,not_retained
144,3,tip,"[0,0,-1]",8,945016,400,interval_mean,0.00852396721629,0.009523809523809523,-0.0009998423075195228,-0.10498344228954992,,,analytic_flat,not_retained
144,3,tip,"[0,0,-1]",8,945016,400,interval_mean_sampled_reference_d2,0.00852396721629,0.111230923338,-0.10270695612170999,-0.9233669292631149,,,sampled_flat_reference,source_and_reference_joint_uncertainty_unavailable
144,3,tip,"[0,0,-1]",8,945016,400,interval_mean_sampled_reference_d3,0.00852396721629,0.0334036486429,-0.024879681426609998,-0.7448192768575961,,,sampled_flat_reference,source_and_reference_joint_uncertainty_unavailable
144,3,tip,"[0,0,-1]",8,945016,400,interval_mean_sampled_reference_d4,0.00852396721629,0.00953169216111,-0.0010077249448199998,-0.10572361421108323,,,sampled_flat_reference,source_and_reference_joint_uncertainty_unavailable
144,3,tip,"[0,0,-1]",8,945016,400,interval_mean_sampled_reference_d5,0.00852396721629,0.00264783067105,0.0058761365452399995,2.219226708673864,,,sampled_flat_reference,source_and_reference_joint_uncertainty_unavailable
144,3,tip,"[0,0,-1]",8,945016,400,interval_mean_sampled_reference_d6,0.00852396721629,0.000728317610158,0.0077956496061320005,10.703640139143175,,,sampled_flat_reference,source_and_reference_joint_uncertainty_unavailable
144,3,tip,"[0,0,-1]",8,945016,400,interval_second_moment_d2,0.000384930327234,0.0278764142498,-0.027491483922566,-0.986191540856559,,,sampled_flat_reference,source_and_reference_joint_uncertainty_unavailable
144,3,tip,"[0,0,-1]",8,945016,400,interval_second_moment_d3,0.000384930327234,0.00409438370913,-0.0037094533818960006,-0.9059857711001413,,,sampled_flat_reference,source_and_reference_joint_uncertainty_unavailable
144,3,tip,"[0,0,-1]",8,945016,400,interval_second_moment_d4,0.000384930327234,0.000567225438714,-0.00018229511148,-0.32138035256898057,,,sampled_flat_reference,source_and_reference_joint_uncertainty_unavailable
144,3,tip,"[0,0,-1]",8,945016,400,interval_second_moment_d5,0.000384930327234,7.71570990227e-05,0.0003077732282113,3.988916536646247,,,sampled_flat_reference,source_and_reference_joint_uncertainty_unavailable
144,3,tip,"[0,0,-1]",8,945016,400,interval_second_moment_d6,0.000384930327234,1.05269535255e-05,0.0003744033737085,35.56616572891319,,,sampled_flat_reference,source_and_reference_joint_uncertainty_unavailable
55,3,tip,"[0,0,1]",4,16188,800,C2_coefficient,0.03057005621795268,0.05,-0.019429943782047324,-0.3885988756409464,0.0020897934860542146,0.04179586972108429,analytic_flat,reported_marginal_not_reconstructed
55,3,tip,"[0,0,1]",4,16188,800,C2_count,8010429.45,13101757.8,-5091328.350000001,-0.3885988756409464,547599.362126,0.041795869721084296,analytic_flat,reported_marginal_not_reconstructed
55,3,tip,"[0,0,1]",4,16188,800,C2_dimension,4.57987917385,4,0.5798791738500002,0.14496979346250005,,,analytic_flat,not_retained
55,3,tip,"[0,0,1]",4,16188,800,C3_N_over_C2_squared,0.4241640595551423,0.19047619047619044,0.23368786907895187,1.2268613126644974,,,analytic_flat,not_retained
55,3,tip,"[0,0,1]",4,16188,800,C3_coefficient,0.0003964178231512061,0.0004761904761904762,-7.97726530392701e-05,-0.16752257138246718,3.49541598868001e-05,0.07340373576228021,analytic_flat,reported_marginal_not_reconstructed
55,3,tip,"[0,0,1]",4,16188,800,C3_count,1681327323.63,2019667159.5314286,-338339835.90142846,-0.16752257138246718,148251114.506,0.07340373576228021,analytic_flat,reported_marginal_not_reconstructed
55,3,tip,"[0,0,1]",4,16188,800,C3_dimension,4.08677294536,4,0.08677294535999991,0.021693236339999977,,,analytic_flat,not_retained
55,3,tip,"[0,0,1]",4,16188,800,C4_N2_over_C2_cubed,0.0015191467231230253,0.011337868480725622,-0.009818721757602596,-0.8660112590205491,,,analytic_flat,not_retained
55,3,tip,"[0,0,1]",4,16188,800,C4_coefficient,4.340791509819439e-08,1.417233560090703e-06,-1.3738256449925087e-06,-0.969371375106714,4.308663968809516e-09,0.0030401932963919943,analytic_flat,reported_marginal_not_reconstructed
55,3,tip,"[0,0,1]",4,16188,800,C4_count,2979756180.26,97286645764.92908,-94306889584.66908,-0.969371375106714,295770208.283,0.0030401932963919943,analytic_flat,reported_marginal_not_reconstructed
55,3,tip,"[0,0,1]",4,16188,800,C4_dimension,4.94006825745,4,0.9400682574500001,0.23501706436250003,,,analytic_flat,not_retained
55,3,tip,"[0,0,1]",4,16188,800,cdf_grid_distance_d2,0.674766068836,0.0,0.674766068836,,,,sampled_flat_reference_25_point_grid,source_and_reference_joint_uncertainty_unavailable
55,3,tip,"[0,0,1]",4,16188,800,cdf_grid_distance_d3,0.672804068836,0.0,0.672804068836,,,,sampled_flat_reference_25_point_grid,source_and_reference_joint_uncertainty_unavailable
55,3,tip,"[0,0,1]",4,16188,800,cdf_grid_distance_d4,0.655645068836,0.0,0.655645068836,,,,sampled_flat_reference_25_point_grid,source_and_reference_joint_uncertainty_unavailable
55,3,tip,"[0,0,1]",4,16188,800,cdf_grid_distance_d5,0.5948180688360001,0.0,0.5948180688360001,,,,sampled_flat_reference_25_point_grid,source_and_reference_joint_uncertainty_unavailable
55,3,tip,"[0,0,1]",4,16188,800,cdf_grid_distance_d6,0.469059068836,0.0,0.469059068836,,,,sampled_flat_reference_25_point_grid,source_and_reference_joint_uncertainty_unavailable
55,3,tip,"[0,0,1]",4,16188,800,count_volume_coefficient,1.18432409533,1.0,0.18432409533000005,0.18432409533000005,,,supplied_continuum_volume,deterministic_finite_geometry_not_sampling_error
55,3,tip,"[0,0,1]",4,16188,800,empty_interval_weight,0.674825068836,0.0,0.674825068836,,,,continuum_zero_lattice_sensitive_control,not_retained
55,3,tip,"[0,0,1]",4,16188,800,interval_mean,0.0113122410372,0.009523809523809523,0.0017884315133904777,0.1877853089060002,,,analytic_flat,not_retained
55,3,tip,"[0,0,1]",4,16188,800,interval_mean_sampled_reference_d2,0.0113122410372,0.111230923338,-0.0999186823008,-0.8982994953406507,,,sampled_flat_reference,source_and_reference_joint_uncertainty_unavailable
55,3,tip,"[0,0,1]",4,16188,800,interval_mean_sampled_reference_d3,0.0113122410372,0.0334036486429,-0.022091407605699998,-0.6613471432976399,,,sampled_flat_reference,source_and_reference_joint_uncertainty_unavailable
55,3,tip,"[0,0,1]",4,16188,800,interval_mean_sampled_reference_d4,0.0113122410372,0.00953169216111,0.0017805488760900007,0.1868030194423158,,,sampled_flat_reference,source_and_reference_joint_uncertainty_unavailable
55,3,tip,"[0,0,1]",4,16188,800,interval_mean_sampled_reference_d5,0.0113122410372,0.00264783067105,0.00866441036615,3.2722675437225446,,,sampled_flat_reference,source_and_reference_joint_uncertainty_unavailable
55,3,tip,"[0,0,1]",4,16188,800,interval_mean_sampled_reference_d6,0.0113122410372,0.000728317610158,0.010583923427042001,14.53201636130416,,,sampled_flat_reference,source_and_reference_joint_uncertainty_unavailable
55,3,tip,"[0,0,1]",4,16188,800,interval_second_moment_d2,0.000518299557471,0.0278764142498,-0.027358114692329,-0.9814072372139929,,,sampled_flat_reference,source_and_reference_joint_uncertainty_unavailable
55,3,tip,"[0,0,1]",4,16188,800,interval_second_moment_d3,0.000518299557471,0.00409438370913,-0.0035760841516590007,-0.8734120702182231,,,sampled_flat_reference,source_and_reference_joint_uncertainty_unavailable
55,3,tip,"[0,0,1]",4,16188,800,interval_second_moment_d4,0.000518299557471,0.000567225438714,-4.8925881243000024e-05,-0.08625473736495959,,,sampled_flat_reference,source_and_reference_joint_uncertainty_unavailable
55,3,tip,"[0,0,1]",4,16188,800,interval_second_moment_d5,0.000518299557471,7.71570990227e-05,0.0004411424584483,5.717457810570531,,,sampled_flat_reference,source_and_reference_joint_uncertainty_unavailable
55,3,tip,"[0,0,1]",4,16188,800,interval_second_moment_d6,0.000518299557471,1.05269535255e-05,0.0005077726039455,48.235475032305914,,,sampled_flat_reference,source_and_reference_joint_uncertainty_unavailable
89,3,tip,"[0,0,1]",6,151289,800,C2_coefficient,0.04170016789170324,0.05,-0.00829983210829676,-0.16599664216593524,0.0027275721940030807,0.05455144388006161,analytic_flat,reported_marginal_not_reconstructed
89,3,tip,"[0,0,1]",6,151289,800,C2_count,954442209.415,1144410511.6000001,-189968302.18500018,-0.16599664216593535,62429245.7993,0.054551443880061605,analytic_flat,reported_marginal_not_reconstructed
89,3,tip,"[0,0,1]",6,151289,800,C2_dimension,4.21498838342,4,0.2149883834199997,0.05374709585499993,,,analytic_flat,not_retained
89,3,tip,"[0,0,1]",6,151289,800,C3_N_over_C2_squared,0.23493988436512853,0.19047619047619044,0.04446369388893809,0.23343439291692492,,,analytic_flat,not_retained
89,3,tip,"[0,0,1]",6,151289,800,C3_coefficient,0.0004085406056145047,0.0004761904761904762,-6.764987057597148e-05,-0.14206472820954008,2.248416806321494e-05,0.04721675293275137,analytic_flat,reported_marginal_not_reconstructed
89,3,tip,"[0,0,1]",6,151289,800,C3_count,1414648922770.0,1648899362556.4685,-234250439786.4685,-0.14206472820954008,77855673812.8,0.04721675293275137,analytic_flat,reported_marginal_not_reconstructed
89,3,tip,"[0,0,1]",6,151289,800,C3_dimension,4.07252957107,4,0.07252957106999958,0.018132392767499894,,,analytic_flat,not_retained
89,3,tip,"[0,0,1]",6,151289,800,C4_N2_over_C2_cubed,0.013373143763588263,0.011337868480725622,0.002035275282862641,0.17951127994848504,,,analytic_flat,not_retained
89,3,tip,"[0,0,1]",6,151289,800,C4_coefficient,9.697405048221666e-07,1.417233560090703e-06,-4.474930552685364e-07,-0.3157510997974793,1.6023198673698852e-07,0.1130596898416191,analytic_flat,reported_marginal_not_reconstructed
89,3,tip,"[0,0,1]",6,151289,800,C4_count,508004689131000.0,742426752868208.0,-234422063737208.0,-0.3157510997974793,83938538409400.0,0.11305968984161911,analytic_flat,reported_marginal_not_reconstructed
89,3,tip,"[0,0,1]",6,151289,800,C4_dimension,4.10313765787,4,0.10313765786999962,0.025784414467499905,,,analytic_flat,not_retained
89,3,tip,"[0,0,1]",6,151289,800,cdf_grid_distance_d2,0.59164480748,0.0,0.59164480748,,,,sampled_flat_reference_25_point_grid,source_and_reference_joint_uncertainty_unavailable
89,3,tip,"[0,0,1]",6,151289,800,cdf_grid_distance_d3,0.29437077698099995,0.0,0.29437077698099995,,,,sampled_flat_reference_25_point_grid,source_and_reference_joint_uncertainty_unavailable
89,3,tip,"[0,0,1]",6,151289,800,cdf_grid_distance_d4,0.222574289885,0.0,0.222574289885,,,,sampled_flat_reference_25_point_grid,source_and_reference_joint_uncertainty_unavailable
89,3,tip,"[0,0,1]",6,151289,800,cdf_grid_distance_d5,0.322869239803,0.0,0.322869239803,,,,sampled_flat_reference_25_point_grid,source_and_reference_joint_uncertainty_unavailable
89,3,tip,"[0,0,1]",6,151289,800,cdf_grid_distance_d6,0.480334653295,0.0,0.480334653295,,,,sampled_flat_reference_25_point_grid,source_and_reference_joint_uncertainty_unavailable
89,3,tip,"[0,0,1]",6,151289,800,count_volume_coefficient,1.06213252894,1.0,0.0621325289400001,0.0621325289400001,,,supplied_continuum_volume,deterministic_finite_geometry_not_sampling_error
89,3,tip,"[0,0,1]",6,151289,800,empty_interval_weight,0.241754289885,0.0,0.241754289885,,,,continuum_zero_lattice_sensitive_control,not_retained
89,3,tip,"[0,0,1]",6,151289,800,interval_mean,0.0104468164708,0.009523809523809523,0.0009230069469904779,0.09691572943400018,,,analytic_flat,not_retained
89,3,tip,"[0,0,1]",6,151289,800,interval_mean_sampled_reference_d2,0.0104468164708,0.111230923338,-0.10078410686719999,-0.9060799267209622,,,sampled_flat_reference,source_and_reference_joint_uncertainty_unavailable
89,3,tip,"[0,0,1]",6,151289,800,interval_mean_sampled_reference_d3,0.0104468164708,0.0334036486429,-0.022956832172099997,-0.6872552282392514,,,sampled_flat_reference,source_and_reference_joint_uncertainty_unavailable
89,3,tip,"[0,0,1]",6,151289,800,interval_mean_sampled_reference_d4,0.0104468164708,0.00953169216111,0.0009151243096900009,0.09600858842502014,,,sampled_flat_reference,source_and_reference_joint_uncertainty_unavailable
89,3,tip,"[0,0,1]",6,151289,800,interval_mean_sampled_reference_d5,0.0104468164708,0.00264783067105,0.00779898579975,2.9454246772726234,,,sampled_flat_reference,source_and_reference_joint_uncertainty_unavailable
89,3,tip,"[0,0,1]",6,151289,800,interval_mean_sampled_reference_d6,0.0104468164708,0.000728317610158,0.009718498860642001,13.343764760176107,,,sampled_flat_reference,source_and_reference_joint_uncertainty_unavailable
89,3,tip,"[0,0,1]",6,151289,800,interval_second_moment_d2,0.000457897216012,0.0278764142498,-0.027418517033788,-0.983574027423011,,,sampled_flat_reference,source_and_reference_joint_uncertainty_unavailable
89,3,tip,"[0,0,1]",6,151289,800,interval_second_moment_d3,0.000457897216012,0.00409438370913,-0.0036364864931180004,-0.8881645569781498,,,sampled_flat_reference,source_and_reference_joint_uncertainty_unavailable
89,3,tip,"[0,0,1]",6,151289,800,interval_second_moment_d4,0.000457897216012,0.000567225438714,-0.00010932822270200002,-0.1927421008300798,,,sampled_flat_reference,source_and_reference_joint_uncertainty_unavailable
89,3,tip,"[0,0,1]",6,151289,800,interval_second_moment_d5,0.000457897216012,7.71570990227e-05,0.0003807401169893,4.934609022525385,,,sampled_flat_reference,source_and_reference_joint_uncertainty_unavailable
89,3,tip,"[0,0,1]",6,151289,800,interval_second_moment_d6,0.000457897216012,1.05269535255e-05,0.0004473702624865,42.49760022240159,,,sampled_flat_reference,source_and_reference_joint_uncertainty_unavailable
144,3,tip,"[0,0,1]",8,945016,400,C2_coefficient,0.04449256890100034,0.05,-0.005507431098999663,-0.1101486219799932,0.003990114237894542,0.07980228475789083,analytic_flat,reported_marginal_not_reconstructed
144,3,tip,"[0,0,1]",8,945016,400,C2_count,39734279763.3,44652714762.0,-4918434998.699997,-0.11014862197999309,3563388658.65,0.07980228475789085,analytic_flat,reported_marginal_not_reconstructed
144,3,tip,"[0,0,1]",8,945016,400,C2_dimension,4.13837113297,4,0.1383711329699997,0.034592783242499925,,,analytic_flat,not_retained
144,3,tip,"[0,0,1]",8,945016,400,C3_N_over_C2_squared,0.20596379120244987,0.19047619047619044,0.015487600726259432,0.08130990381286196,,,analytic_flat,not_retained
144,3,tip,"[0,0,1]",8,945016,400,C3_coefficient,0.00040772402252764293,0.0004761904761904762,-6.846645366283326e-05,-0.14377955269194986,3.0001150537483398e-05,0.06300241612871514,analytic_flat,reported_marginal_not_reconstructed
144,3,tip,"[0,0,1]",8,945016,400,C3_count,344098204339000.0,401880386553301.56,-57782182214301.56,-0.14377955269194975,25319435347600.0,0.06300241612871514,analytic_flat,reported_marginal_not_reconstructed
144,3,tip,"[0,0,1]",8,945016,400,C3_dimension,4.07347578726,4,0.07347578725999959,0.018368946814999898,,,analytic_flat,not_retained
144,3,tip,"[0,0,1]",8,945016,400,C4_N2_over_C2_cubed,0.011937225368006269,0.011337868480725622,0.0005993568872806471,0.052863277458153,,,analytic_flat,not_retained
144,3,tip,"[0,0,1]",8,945016,400,C4_coefficient,1.0513981701718614e-06,1.417233560090703e-06,-3.6583538991884154e-07,-0.2581334511267346,1.844360142943503e-07,0.13013805168609358,analytic_flat,reported_marginal_not_reconstructed
144,3,tip,"[0,0,1]",8,945016,400,C4_count,8.38534828644e+17,1.1303041361246881e+18,-2.917693074806881e+17,-0.2581334511267346,1.47095578088e+17,0.13013805168609358,analytic_flat,reported_marginal_not_reconstructed
144,3,tip,"[0,0,1]",8,945016,400,C4_dimension,4.08118068193,4,0.08118068193000028,0.02029517048250007,,,analytic_flat,not_retained
144,3,tip,"[0,0,1]",8,945016,400,cdf_grid_distance_d2,0.633774124753,0.0,0.633774124753,,,,sampled_flat_reference_25_point_grid,source_and_reference_joint_uncertainty_unavailable
144,3,tip,"[0,0,1]",8,945016,400,cdf_grid_distance_d3,0.364340730211,0.0,0.364340730211,,,,sampled_flat_reference_25_point_grid,source_and_reference_joint_uncertainty_unavailable
144,3,tip,"[0,0,1]",8,945016,400,cdf_grid_distance_d4,0.07232547571009999,0.0,0.07232547571009999,,,,sampled_flat_reference_25_point_grid,source_and_reference_joint_uncertainty_unavailable
144,3,tip,"[0,0,1]",8,945016,400,cdf_grid_distance_d5,0.25113578335600006,0.0,0.25113578335600006,,,,sampled_flat_reference_25_point_grid,source_and_reference_joint_uncertainty_unavailable
144,3,tip,"[0,0,1]",8,945016,400,cdf_grid_distance_d6,0.493048783356,0.0,0.493048783356,,,,sampled_flat_reference_25_point_grid,source_and_reference_joint_uncertainty_unavailable
144,3,tip,"[0,0,1]",8,945016,400,count_volume_coefficient,1.01999218547,1.0,0.019992185470000035,0.019992185470000035,,,supplied_continuum_volume,deterministic_finite_geometry_not_sampling_error
144,3,tip,"[0,0,1]",8,945016,400,empty_interval_weight,0.0915054757101,0.0,0.0915054757101,,,,continuum_zero_lattice_sensitive_control,not_retained
144,3,tip,"[0,0,1]",8,945016,400,interval_mean,0.00966907881251,0.009523809523809523,0.00014526928870047667,0.015253275313550141,,,analytic_flat,not_retained
144,3,tip,"[0,0,1]",8,945016,400,interval_mean_sampled_reference_d2,0.00966907881251,0.111230923338,-0.10156184452549,-0.9130720259947106,,,sampled_flat_reference,source_and_reference_joint_uncertainty_unavailable
144,3,tip,"[0,0,1]",8,945016,400,interval_mean_sampled_reference_d3,0.00966907881251,0.0334036486429,-0.023734569830389997,-0.7105382434153589,,,sampled_flat_reference,source_and_reference_joint_uncertainty_unavailable
144,3,tip,"[0,0,1]",8,945016,400,interval_mean_sampled_reference_d4,0.00966907881251,0.00953169216111,0.00013738665139999967,0.014413668536269686,,,sampled_flat_reference,source_and_reference_joint_uncertainty_unavailable
144,3,tip,"[0,0,1]",8,945016,400,interval_mean_sampled_reference_d5,0.00966907881251,0.00264783067105,0.007021248141459999,2.6516983197704693,,,sampled_flat_reference,source_and_reference_joint_uncertainty_unavailable
144,3,tip,"[0,0,1]",8,945016,400,interval_mean_sampled_reference_d6,0.00966907881251,0.000728317610158,0.008940761202352,12.275909682332692,,,sampled_flat_reference,source_and_reference_joint_uncertainty_unavailable
144,3,tip,"[0,0,1]",8,945016,400,interval_second_moment_d2,0.000524172253384,0.0278764142498,-0.027352241996415998,-0.9811965682283631,,,sampled_flat_reference,source_and_reference_joint_uncertainty_unavailable
144,3,tip,"[0,0,1]",8,945016,400,interval_second_moment_d3,0.000524172253384,0.00409438370913,-0.003570211455746,-0.871977740577866,,,sampled_flat_reference,source_and_reference_joint_uncertainty_unavailable
144,3,tip,"[0,0,1]",8,945016,400,interval_second_moment_d4,0.000524172253384,0.000567225438714,-4.305318532999997e-05,-0.07590136547403292,,,sampled_flat_reference,source_and_reference_joint_uncertainty_unavailable
144,3,tip,"[0,0,1]",8,945016,400,interval_second_moment_d5,0.000524172253384,7.71570990227e-05,0.00044701515436130004,5.793571298342696,,,sampled_flat_reference,source_and_reference_joint_uncertainty_unavailable
144,3,tip,"[0,0,1]",8,945016,400,interval_second_moment_d6,0.000524172253384,1.05269535255e-05,0.0005136452998585001,48.79334734539007,,,sampled_flat_reference,source_and_reference_joint_uncertainty_unavailable
55,3,tip,"[0,1,0]",4,16188,800,C2_coefficient,0.034002594674738984,0.05,-0.01599740532526102,-0.3199481065052203,0.002263279048464779,0.04526558096929558,analytic_flat,reported_marginal_not_reconstructed
55,3,tip,"[0,1,0]",4,16188,800,C2_count,8909875.2,13101757.8,-4191882.6000000015,-0.3199481065052203,593058.678536,0.04526558096929558,analytic_flat,reported_marginal_not_reconstructed
55,3,tip,"[0,1,0]",4,16188,800,C2_dimension,4.45519053646,4,0.45519053645999996,0.11379763411499999,,,analytic_flat,not_retained
55,3,tip,"[0,1,0]",4,16188,800,C3_N_over_C2_squared,0.3058079192933681,0.19047619047619044,0.11533172881717765,0.6054915762901829,,,analytic_flat,not_retained
55,3,tip,"[0,1,0]",4,16188,800,C3_coefficient,0.00035358975692097806,0.0004761904761904762,-0.00012260071926949813,-0.2574615104659461,3.039756592484213e-05,0.06383488844216847,analytic_flat,reported_marginal_not_reconstructed
55,3,tip,"[0,1,0]",4,16188,800,C3_count,1499680602.0,2019667159.5314286,-519986557.5314286,-0.2574615104659461,128925227.819,0.06383488844216846,analytic_flat,reported_marginal_not_reconstructed
55,3,tip,"[0,1,0]",4,16188,800,C3_dimension,4.1407902596,4,0.14079025960000013,0.03519756490000003,,,analytic_flat,not_retained
55,3,tip,"[0,1,0]",4,16188,800,C4_N2_over_C2_cubed,0.0010352913050224715,0.011337868480725622,-0.01030257717570315,-0.908687306897018,,,analytic_flat,not_retained
55,3,tip,"[0,1,0]",4,16188,800,C4_coefficient,4.070795031129921e-08,1.417233560090703e-06,-1.3765256097794038e-06,-0.9712764702603472,3.863969430100926e-09,0.0027264168298792137,analytic_flat,reported_marginal_not_reconstructed
55,3,tip,"[0,1,0]",4,16188,800,C4_count,2794415862.9,97286645764.92908,-94492229902.02908,-0.9712764702603472,265243948.336,0.002726416829879214,analytic_flat,reported_marginal_not_reconstructed
55,3,tip,"[0,1,0]",4,16188,800,C4_dimension,4.95724960232,4,0.9572496023200001,0.23931240058000003,,,analytic_flat,not_retained
55,3,tip,"[0,1,0]",4,16188,800,cdf_grid_distance_d2,0.614723430959,0.0,0.614723430959,,,,sampled_flat_reference_25_point_grid,source_and_reference_joint_uncertainty_unavailable
55,3,tip,"[0,1,0]",4,16188,800,cdf_grid_distance_d3,0.6127614309589999,0.0,0.6127614309589999,,,,sampled_flat_reference_25_point_grid,source_and_reference_joint_uncertainty_unavailable
55,3,tip,"[0,1,0]",4,16188,800,cdf_grid_distance_d4,0.595602430959,0.0,0.595602430959,,,,sampled_flat_reference_25_point_grid,source_and_reference_joint_uncertainty_unavailable
55,3,tip,"[0,1,0]",4,16188,800,cdf_grid_distance_d5,0.534775430959,0.0,0.534775430959,,,,sampled_flat_reference_25_point_grid,source_and_reference_joint_uncertainty_unavailable
55,3,tip,"[0,1,0]",4,16188,800,cdf_grid_distance_d6,0.409016430959,0.0,0.409016430959,,,,sampled_flat_reference_25_point_grid,source_and_reference_joint_uncertainty_unavailable
55,3,tip,"[0,1,0]",4,16188,800,count_volume_coefficient,1.18432409533,1.0,0.18432409533000005,0.18432409533000005,,,supplied_continuum_volume,deterministic_finite_geometry_not_sampling_error
55,3,tip,"[0,1,0]",4,16188,800,empty_interval_weight,0.614782430959,0.0,0.614782430959,,,,continuum_zero_lattice_sensitive_control,not_retained
55,3,tip,"[0,1,0]",4,16188,800,interval_mean,0.0121534691923,0.009523809523809523,0.0026296596684904777,0.2761142651915003,,,analytic_flat,not_retained
55,3,tip,"[0,1,0]",4,16188,800,interval_mean_sampled_reference_d2,0.0121534691923,0.111230923338,-0.0990774541457,-0.8907365970938768,,,sampled_flat_reference,source_and_reference_joint_uncertainty_unavailable
55,3,tip,"[0,1,0]",4,16188,800,interval_mean_sampled_reference_d3,0.0121534691923,0.0334036486429,-0.021250179450599996,-0.6361634226779822,,,sampled_flat_reference,source_and_reference_joint_uncertainty_unavailable
55,3,tip,"[0,1,0]",4,16188,800,interval_mean_sampled_reference_d4,0.0121534691923,0.00953169216111,0.0026217770311900007,0.2750589283492644,,,sampled_flat_reference,source_and_reference_joint_uncertainty_unavailable
55,3,tip,"[0,1,0]",4,16188,800,interval_mean_sampled_reference_d5,0.0121534691923,0.00264783067105,0.00950563852125,3.5899722082607832,,,sampled_flat_reference,source_and_reference_joint_uncertainty_unavailable
55,3,tip,"[0,1,0]",4,16188,800,interval_mean_sampled_reference_d6,0.0121534691923,0.000728317610158,0.011425151582142001,15.687045627886778,,,sampled_flat_reference,source_and_reference_joint_uncertainty_unavailable
55,3,tip,"[0,1,0]",4,16188,800,interval_second_moment_d2,0.000554779944396,0.0278764142498,-0.027321634305403998,-0.9800985901764614,,,sampled_flat_reference,source_and_reference_joint_uncertainty_unavailable
55,3,tip,"[0,1,0]",4,16188,800,interval_second_moment_d3,0.000554779944396,0.00409438370913,-0.0035396037647340006,-0.8645022099030667,,,sampled_flat_reference,source_and_reference_joint_uncertainty_unavailable
55,3,tip,"[0,1,0]",4,16188,800,interval_second_moment_d4,0.000554779944396,0.000567225438714,-1.2445494317999978e-05,-0.02194100170510005,,,sampled_flat_reference,source_and_reference_joint_uncertainty_unavailable
55,3,tip,"[0,1,0]",4,16188,800,interval_second_moment_d5,0.000554779944396,7.71570990227e-05,0.00047762284537330004,6.190264427033227,,,sampled_flat_reference,source_and_reference_joint_uncertainty_unavailable
55,3,tip,"[0,1,0]",4,16188,800,interval_second_moment_d6,0.000554779944396,1.05269535255e-05,0.0005442529908705001,51.70090183756649,,,sampled_flat_reference,source_and_reference_joint_uncertainty_unavailable
89,3,tip,"[0,1,0]",6,151289,800,C2_coefficient,0.03868098428164595,0.05,-0.011319015718354052,-0.22638031436708106,0.0025136573150382445,0.05027314630076489,analytic_flat,reported_marginal_not_reconstructed
89,3,tip,"[0,1,0]",6,151289,800,C2_count,885338500.219,1144410511.6000001,-259072011.38100016,-0.22638031436708117,57533117.0778,0.05027314630076488,analytic_flat,reported_marginal_not_reconstructed
89,3,tip,"[0,1,0]",6,151289,800,C2_dimension,4.30362804174,4,0.3036280417399997,0.07590701043499992,,,analytic_flat,not_retained
89,3,tip,"[0,1,0]",6,151289,800,C3_N_over_C2_squared,0.26089415289759166,0.19047619047619044,0.07041796242140122,0.3696943027123565,,,analytic_flat,not_retained
89,3,tip,"[0,1,0]",6,151289,800,C3_coefficient,0.00039035725007276954,0.0004761904761904762,-8.583322611770665e-05,-0.18024977484718396,2.1952190434342018e-05,0.04609959991211824,analytic_flat,reported_marginal_not_reconstructed
89,3,tip,"[0,1,0]",6,151289,800,C3_count,1351685623710.0,1648899362556.4685,-297213738846.4685,-0.18024977484718385,76013600909.2,0.04609959991211824,analytic_flat,reported_marginal_not_reconstructed
89,3,tip,"[0,1,0]",6,151289,800,C3_dimension,4.09405594888,4,0.09405594888000035,0.023513987220000088,,,analytic_flat,not_retained
89,3,tip,"[0,1,0]",6,151289,800,C4_N2_over_C2_cubed,0.01649889784350281,0.011337868480725622,0.0051610293627771895,0.45520278979694817,,,analytic_flat,not_retained
89,3,tip,"[0,1,0]",6,151289,800,C4_coefficient,9.548960470572036e-07,1.417233560090703e-06,-4.6233751303349933e-07,-0.3262253491964371,1.7196415366028464e-07,0.12133790682269684,analytic_flat,reported_marginal_not_reconstructed
89,3,tip,"[0,1,0]",6,151289,800,C4_count,500228326161000.0,742426752868208.0,-242198426707208.0,-0.326225349196437,90084508162200.0,0.12133790682269685,analytic_flat,reported_marginal_not_reconstructed
89,3,tip,"[0,1,0]",6,151289,800,C4_dimension,4.10732598175,4,0.10732598174999985,0.026831495437499964,,,analytic_flat,not_retained
89,3,tip,"[0,1,0]",6,151289,800,cdf_grid_distance_d2,0.628437778734,0.0,0.628437778734,,,,sampled_flat_reference_25_point_grid,source_and_reference_joint_uncertainty_unavailable
89,3,tip,"[0,1,0]",6,151289,800,cdf_grid_distance_d3,0.309197778734,0.0,0.309197778734,,,,sampled_flat_reference_25_point_grid,source_and_reference_joint_uncertainty_unavailable
89,3,tip,"[0,1,0]",6,151289,800,cdf_grid_distance_d4,0.197481486786,0.0,0.197481486786,,,,sampled_flat_reference_25_point_grid,source_and_reference_joint_uncertainty_unavailable
89,3,tip,"[0,1,0]",6,151289,800,cdf_grid_distance_d5,0.29045187523400007,0.0,0.29045187523400007,,,,sampled_flat_reference_25_point_grid,source_and_reference_joint_uncertainty_unavailable
89,3,tip,"[0,1,0]",6,151289,800,cdf_grid_distance_d6,0.454374840406,0.0,0.454374840406,,,,sampled_flat_reference_25_point_grid,source_and_reference_joint_uncertainty_unavailable
89,3,tip,"[0,1,0]",6,151289,800,count_volume_coefficient,1.06213252894,1.0,0.0621325289400001,0.0621325289400001,,,supplied_continuum_volume,deterministic_finite_geometry_not_sampling_error
89,3,tip,"[0,1,0]",6,151289,800,empty_interval_weight,0.216661486786,0.0,0.216661486786,,,,continuum_zero_lattice_sensitive_control,not_retained
89,3,tip,"[0,1,0]",6,151289,800,interval_mean,0.0075952752996,0.009523809523809523,-0.0019285342242095233,-0.20249609354199993,,,analytic_flat,not_retained
89,3,tip,"[0,1,0]",6,151289,800,interval_mean_sampled_reference_d2,0.0075952752996,0.111230923338,-0.1036356480384,-0.9317161534610293,,,sampled_flat_reference,source_and_reference_joint_uncertainty_unavailable
89,3,tip,"[0,1,0]",6,151289,800,interval_mean_sampled_reference_d3,0.0075952752996,0.0334036486429,-0.0258083733433,-0.7726213869389867,,,sampled_flat_reference,source_and_reference_joint_uncertainty_unavailable
89,3,tip,"[0,1,0]",6,151289,800,interval_mean_sampled_reference_d4,0.0075952752996,0.00953169216111,-0.0019364168615100003,-0.20315562323872804,,,sampled_flat_reference,source_and_reference_joint_uncertainty_unavailable
89,3,tip,"[0,1,0]",6,151289,800,interval_mean_sampled_reference_d5,0.0075952752996,0.00264783067105,0.004947444628549999,1.8684898104107561,,,sampled_flat_reference,source_and_reference_joint_uncertainty_unavailable
89,3,tip,"[0,1,0]",6,151289,800,interval_mean_sampled_reference_d6,0.0075952752996,0.000728317610158,0.006866957689442,9.428520735551476,,,sampled_flat_reference,source_and_reference_joint_uncertainty_unavailable
89,3,tip,"[0,1,0]",6,151289,800,interval_second_moment_d2,0.000182365202968,0.0278764142498,-0.027694049046832,-0.9934580824730961,,,sampled_flat_reference,source_and_reference_joint_uncertainty_unavailable
89,3,tip,"[0,1,0]",6,151289,800,interval_second_moment_d3,0.000182365202968,0.00409438370913,-0.003912018506162,-0.9554596696539831,,,sampled_flat_reference,source_and_reference_joint_uncertainty_unavailable
89,3,tip,"[0,1,0]",6,151289,800,interval_second_moment_d4,0.000182365202968,0.000567225438714,-0.000384860235746,-0.6784960784173326,,,sampled_flat_reference,source_and_reference_joint_uncertainty_unavailable
89,3,tip,"[0,1,0]",6,151289,800,interval_second_moment_d5,0.000182365202968,7.71570990227e-05,0.0001052081039453,1.3635570190935673,,,sampled_flat_reference,source_and_reference_joint_uncertainty_unavailable
89,3,tip,"[0,1,0]",6,151289,800,interval_second_moment_d6,0.000182365202968,1.05269535255e-05,0.0001718382494425,16.3236447302866,,,sampled_flat_reference,source_and_reference_joint_uncertainty_unavailable
144,3,tip,"[0,1,0]",8,945016,400,C2_coefficient,0.04681014851618351,0.05,-0.0031898514838164943,-0.06379702967632983,0.0038023969145430563,0.07604793829086112,analytic_flat,reported_marginal_not_reconstructed
144,3,tip,"[0,1,0]",8,945016,400,C2_count,41804004193.2,44652714762.0,-2848710568.800003,-0.06379702967632983,3395746896.74,0.07604793829086112,analytic_flat,reported_marginal_not_reconstructed
144,3,tip,"[0,1,0]",8,945016,400,C2_dimension,4.07823296822,4,0.07823296822000003,0.019558242055000008,,,analytic_flat,not_retained
144,3,tip,"[0,1,0]",8,945016,400,C3_N_over_C2_squared,0.20020408764205666,0.19047619047619044,0.009727897165866223,0.051071460120797774,,,analytic_flat,not_retained
144,3,tip,"[0,1,0]",8,945016,400,C3_coefficient,0.0004386856598329289,0.0004761904761904762,-3.7504816357547316e-05,-0.0787601143508494,3.187281636044042e-05,0.06693291435692487,analytic_flat,reported_marginal_not_reconstructed
144,3,tip,"[0,1,0]",8,945016,400,C3_count,370228241353000.0,401880386553301.56,-31652145200301.562,-0.07876011435084929,26899025494900.0,0.06693291435692489,analytic_flat,reported_marginal_not_reconstructed
144,3,tip,"[0,1,0]",8,945016,400,C3_dimension,4.0388471297,4,0.038847129699999705,0.009711782424999926,,,analytic_flat,not_retained
144,3,tip,"[0,1,0]",8,945016,400,C4_N2_over_C2_cubed,0.011020413353607582,0.011337868480725622,-0.0003174551271180395,-0.027999542211811113,,,analytic_flat,not_retained
144,3,tip,"[0,1,0]",8,945016,400,C4_coefficient,1.1303666093604819e-06,1.417233560090703e-06,-2.868669507302211e-07,-0.20241332043524396,2.487794524213662e-07,0.17553878162851597,analytic_flat,reported_marginal_not_reconstructed
144,3,tip,"[0,1,0]",8,945016,400,C4_count,9.0151552283e+17,1.1303041361246881e+18,-2.2878861329468813e+17,-0.20241332043524396,1.98412210925e+17,0.17553878162851597,analytic_flat,reported_marginal_not_reconstructed
144,3,tip,"[0,1,0]",8,945016,400,C4_dimension,4.0615035517,4,0.061503551700000436,0.015375887925000109,,,analytic_flat,not_retained
144,3,tip,"[0,1,0]",8,945016,400,cdf_grid_distance_d2,0.663183280992,0.0,0.663183280992,,,,sampled_flat_reference_25_point_grid,source_and_reference_joint_uncertainty_unavailable
144,3,tip,"[0,1,0]",8,945016,400,cdf_grid_distance_d3,0.319659693591,0.0,0.319659693591,,,,sampled_flat_reference_25_point_grid,source_and_reference_joint_uncertainty_unavailable
144,3,tip,"[0,1,0]",8,945016,400,cdf_grid_distance_d4,0.0724040200668,0.0,0.0724040200668,,,,sampled_flat_reference_25_point_grid,source_and_reference_joint_uncertainty_unavailable
144,3,tip,"[0,1,0]",8,945016,400,cdf_grid_distance_d5,0.29084845486800004,0.0,0.29084845486800004,,,,sampled_flat_reference_25_point_grid,source_and_reference_joint_uncertainty_unavailable
144,3,tip,"[0,1,0]",8,945016,400,cdf_grid_distance_d6,0.5218844548680001,0.0,0.5218844548680001,,,,sampled_flat_reference_25_point_grid,source_and_reference_joint_uncertainty_unavailable
144,3,tip,"[0,1,0]",8,945016,400,count_volume_coefficient,1.01999218547,1.0,0.019992185470000035,0.019992185470000035,,,supplied_continuum_volume,deterministic_finite_geometry_not_sampling_error
144,3,tip,"[0,1,0]",8,945016,400,empty_interval_weight,0.0915840200668,0.0,0.0915840200668,,,,continuum_zero_lattice_sensitive_control,not_retained
144,3,tip,"[0,1,0]",8,945016,400,interval_mean,0.00902379622905,0.009523809523809523,-0.0005000132947595229,-0.052501395949749896,,,analytic_flat,not_retained
144,3,tip,"[0,1,0]",8,945016,400,interval_mean_sampled_reference_d2,0.00902379622905,0.111230923338,-0.10220712710895,-0.9188733136591056,,,sampled_flat_reference,source_and_reference_joint_uncertainty_unavailable
144,3,tip,"[0,1,0]",8,945016,400,interval_mean_sampled_reference_d3,0.00902379622905,0.0334036486429,-0.024379852413849996,-0.7298559709593873,,,sampled_flat_reference,source_and_reference_joint_uncertainty_unavailable
144,3,tip,"[0,1,0]",8,945016,400,interval_mean_sampled_reference_d4,0.00902379622905,0.00953169216111,-0.0005078959320599999,-0.05328497012652722,,,sampled_flat_reference,source_and_reference_joint_uncertainty_unavailable
144,3,tip,"[0,1,0]",8,945016,400,interval_mean_sampled_reference_d5,0.00902379622905,0.00264783067105,0.0063759655579999994,2.407995959753576,,,sampled_flat_reference,source_and_reference_joint_uncertainty_unavailable
144,3,tip,"[0,1,0]",8,945016,400,interval_mean_sampled_reference_d6,0.00902379622905,0.000728317610158,0.008295478618892,11.389919045198416,,,sampled_flat_reference,source_and_reference_joint_uncertainty_unavailable
144,3,tip,"[0,1,0]",8,945016,400,interval_second_moment_d2,0.000451157127943,0.0278764142498,-0.027425257121856998,-0.9838158120373665,,,sampled_flat_reference,source_and_reference_joint_uncertainty_unavailable
144,3,tip,"[0,1,0]",8,945016,400,interval_second_moment_d3,0.000451157127943,0.00409438370913,-0.0036432265811870003,-0.8898107358777899,,,sampled_flat_reference,source_and_reference_joint_uncertainty_unavailable
144,3,tip,"[0,1,0]",8,945016,400,interval_second_moment_d4,0.000451157127943,0.000567225438714,-0.00011606831077100001,-0.20462465688095255,,,sampled_flat_reference,source_and_reference_joint_uncertainty_unavailable
144,3,tip,"[0,1,0]",8,945016,400,interval_second_moment_d5,0.000451157127943,7.71570990227e-05,0.0003740000289203,4.847253637805477,,,sampled_flat_reference,source_and_reference_joint_uncertainty_unavailable
144,3,tip,"[0,1,0]",8,945016,400,interval_second_moment_d6,0.000451157127943,1.05269535255e-05,0.0004406301744175,41.85733064652922,,,sampled_flat_reference,source_and_reference_joint_uncertainty_unavailable
55,3,tip,"[1,-1,-1]",4,16311,800,C2_coefficient,0.03423605150214592,0.05,-0.015763948497854084,-0.3152789699570817,0.0022494687492324713,0.04498937498464942,analytic_flat,reported_marginal_not_reconstructed
55,3,tip,"[1,-1,-1]",4,16311,800,C2_count,9107899.29,13301620.5,-4193721.210000001,-0.3152789699570816,598431.592578,0.04498937498464943,analytic_flat,reported_marginal_not_reconstructed
55,3,tip,"[1,-1,-1]",4,16311,800,C2_dimension,4.44716035998,4,0.4471603599799998,0.11179008999499995,,,analytic_flat,not_retained
55,3,tip,"[1,-1,-1]",4,16311,800,C3_N_over_C2_squared,0.3122817987036527,0.19047619047619044,0.12180560822746225,0.639479443194177,,,analytic_flat,not_retained
55,3,tip,"[1,-1,-1]",4,16311,800,C3_coefficient,0.00036605019500088125,0.0004761904761904762,-0.00011014028118959494,-0.23129459049814938,2.9723181797862283e-05,0.0624186817755108,analytic_flat,reported_marginal_not_reconstructed
55,3,tip,"[1,-1,-1]",4,16311,800,C3_count,1588190244.52,2066058368.9,-477868124.3800001,-0.2312945904981495,128960639.858,0.0624186817755108,analytic_flat,reported_marginal_not_reconstructed
55,3,tip,"[1,-1,-1]",4,16311,800,C3_dimension,4.12443470166,4,0.12443470166000026,0.031108675415000064,,,analytic_flat,not_retained
55,3,tip,"[1,-1,-1]",4,16311,800,C4_N2_over_C2_cubed,0.0011854860618614375,0.011337868480725622,-0.010152382418864184,-0.8954401293438212,,,analytic_flat,not_retained
55,3,tip,"[1,-1,-1]",4,16311,800,C4_coefficient,4.758031926697213e-08,1.417233560090703e-06,-1.3696532408237308e-06,-0.9664273267252245,4.596379817889969e-09,0.0032432055995031623,analytic_flat,reported_marginal_not_reconstructed
55,3,tip,"[1,-1,-1]",4,16311,800,C4_count,3366587729.07,100277618690.53929,-96911030961.46928,-0.9664273267252245,325220934.442,0.0032432055995031623,analytic_flat,reported_marginal_not_reconstructed
55,3,tip,"[1,-1,-1]",4,16311,800,C4_dimension,4.91550612951,4,0.9155061295099998,0.22887653237749994,,,analytic_flat,not_retained
55,3,tip,"[1,-1,-1]",4,16311,800,cdf_grid_distance_d2,0.638627670607,0.0,0.638627670607,,,,sampled_flat_reference_25_point_grid,source_and_reference_joint_uncertainty_unavailable
55,3,tip,"[1,-1,-1]",4,16311,800,cdf_grid_distance_d3,0.636665670607,0.0,0.636665670607,,,,sampled_flat_reference_25_point_grid,source_and_reference_joint_uncertainty_unavailable
55,3,tip,"[1,-1,-1]",4,16311,800,cdf_grid_distance_d4,0.619506670607,0.0,0.619506670607,,,,sampled_flat_reference_25_point_grid,source_and_reference_joint_uncertainty_unavailable
55,3,tip,"[1,-1,-1]",4,16311,800,cdf_grid_distance_d5,0.5586796706070001,0.0,0.5586796706070001,,,,sampled_flat_reference_25_point_grid,source_and_reference_joint_uncertainty_unavailable
55,3,tip,"[1,-1,-1]",4,16311,800,cdf_grid_distance_d6,0.432920670607,0.0,0.432920670607,,,,sampled_flat_reference_25_point_grid,source_and_reference_joint_uncertainty_unavailable
55,3,tip,"[1,-1,-1]",4,16311,800,count_volume_coefficient,1.19332285143,1.0,0.19332285143000005,0.19332285143000005,,,supplied_continuum_volume,deterministic_finite_geometry_not_sampling_error
55,3,tip,"[1,-1,-1]",4,16311,800,empty_interval_weight,0.638686670607,0.0,0.638686670607,,,,continuum_zero_lattice_sensitive_control,not_retained
55,3,tip,"[1,-1,-1]",4,16311,800,interval_mean,0.0111176166178,0.009523809523809523,0.0015938070939904778,0.16734974486900023,,,analytic_flat,not_retained
55,3,tip,"[1,-1,-1]",4,16311,800,interval_mean_sampled_reference_d2,0.0111176166178,0.111230923338,-0.1001133067202,-0.9000492283605644,,,sampled_flat_reference,source_and_reference_joint_uncertainty_unavailable
55,3,tip,"[1,-1,-1]",4,16311,800,interval_mean_sampled_reference_d3,0.0111176166178,0.0334036486429,-0.022286032025099996,-0.6671735852375795,,,sampled_flat_reference,source_and_reference_joint_uncertainty_unavailable
55,3,tip,"[1,-1,-1]",4,16311,800,interval_mean_sampled_reference_d4,0.0111176166178,0.00953169216111,0.0015859244566900008,0.1663843554621589,,,sampled_flat_reference,source_and_reference_joint_uncertainty_unavailable
55,3,tip,"[1,-1,-1]",4,16311,800,interval_mean_sampled_reference_d5,0.0111176166178,0.00264783067105,0.00846978594675,3.1987641956693924,,,sampled_flat_reference,source_and_reference_joint_uncertainty_unavailable
55,3,tip,"[1,-1,-1]",4,16311,800,interval_mean_sampled_reference_d6,0.0111176166178,0.000728317610158,0.010389299007642001,14.264791710018056,,,sampled_flat_reference,source_and_reference_joint_uncertainty_unavailable
55,3,tip,"[1,-1,-1]",4,16311,800,interval_second_moment_d2,0.000504919548307,0.0278764142498,-0.027371494701493,-0.9818872131909641,,,sampled_flat_reference,source_and_reference_joint_uncertainty_unavailable
55,3,tip,"[1,-1,-1]",4,16311,800,interval_second_moment_d3,0.000504919548307,0.00409438370913,-0.0035894641608230004,-0.8766799635361269,,,sampled_flat_reference,source_and_reference_joint_uncertainty_unavailable
55,3,tip,"[1,-1,-1]",4,16311,800,interval_second_moment_d4,0.000504919548307,0.000567225438714,-6.2305890407e-05,-0.10984325834937592,,,sampled_flat_reference,source_and_reference_joint_uncertainty_unavailable
55,3,tip,"[1,-1,-1]",4,16311,800,interval_second_moment_d5,0.000504919548307,7.71570990227e-05,0.0004277624492843,5.544045262231155,,,sampled_flat_reference,source_and_reference_joint_uncertainty_unavailable
55,3,tip,"[1,-1,-1]",4,16311,800,interval_second_moment_d6,0.000504919548307,1.05269535255e-05,0.0004943925947815001,46.96445116660831,,,sampled_flat_reference,source_and_reference_joint_uncertainty_unavailable
89,3,tip,"[1,-1,-1]",6,151271,800,C2_coefficient,0.039671935942343806,0.05,-0.010328064057656197,-0.2065612811531239,0.0024572219896675184,0.04914443979335036,analytic_flat,reported_marginal_not_reconstructed
89,3,tip,"[1,-1,-1]",6,151271,800,C2_count,907803554.336,1144138208.5,-236334654.16400003,-0.2065612811531239,56228031.3029,0.04914443979335037,analytic_flat,reported_marginal_not_reconstructed
89,3,tip,"[1,-1,-1]",6,151271,800,C2_dimension,4.27381766224,4,0.2738176622399999,0.06845441555999998,,,analytic_flat,not_retained
89,3,tip,"[1,-1,-1]",6,151271,800,C3_N_over_C2_squared,0.26269149564999617,0.19047619047619044,0.07221530517380573,0.37913035216248003,,,analytic_flat,not_retained
89,3,tip,"[1,-1,-1]",6,151271,800,C3_coefficient,0.00041344302758995077,0.0004761904761904762,-6.274744860052542e-05,-0.13176964206110342,2.2739710166270615e-05,0.04775339134916829,analytic_flat,reported_marginal_not_reconstructed
89,3,tip,"[1,-1,-1]",6,151271,800,C3_count,1431113547500.0,1648310882491.3,-217197334991.30005,-0.13176964206110342,78712434636.7,0.04775339134916829,analytic_flat,reported_marginal_not_reconstructed
89,3,tip,"[1,-1,-1]",6,151271,800,C3_dimension,4.06688789559,4,0.06688789558999986,0.016721973897499964,,,analytic_flat,not_retained
89,3,tip,"[1,-1,-1]",6,151271,800,C4_N2_over_C2_cubed,0.017866266216435688,0.011337868480725622,0.006528397735710066,0.575804680289628,,,analytic_flat,not_retained
89,3,tip,"[1,-1,-1]",6,151271,800,C4_coefficient,1.1155591328304761e-06,1.417233560090703e-06,-3.0167442726022683e-07,-0.21286147587481608,1.6079364786152896e-07,0.11345599793109483,analytic_flat,reported_marginal_not_reconstructed
89,3,tip,"[1,-1,-1]",6,151271,800,C4_count,584114626868000.0,742073483847303.5,-157958856979303.5,-0.21286147587481608,84192687648100.0,0.11345599793109483,analytic_flat,reported_marginal_not_reconstructed
89,3,tip,"[1,-1,-1]",6,151271,800,C4_dimension,4.06508693009,4,0.06508693008999966,0.016271732522499915,,,analytic_flat,not_retained
89,3,tip,"[1,-1,-1]",6,151271,800,cdf_grid_distance_d2,0.653525380603,0.0,0.653525380603,,,,sampled_flat_reference_25_point_grid,source_and_reference_joint_uncertainty_unavailable
89,3,tip,"[1,-1,-1]",6,151271,800,cdf_grid_distance_d3,0.35049520910099996,0.0,0.35049520910099996,,,,sampled_flat_reference_25_point_grid,source_and_reference_joint_uncertainty_unavailable
89,3,tip,"[1,-1,-1]",6,151271,800,cdf_grid_distance_d4,0.241502129059,0.0,0.241502129059,,,,sampled_flat_reference_25_point_grid,source_and_reference_joint_uncertainty_unavailable
89,3,tip,"[1,-1,-1]",6,151271,800,cdf_grid_distance_d5,0.25073249733400005,0.0,0.25073249733400005,,,,sampled_flat_reference_25_point_grid,source_and_reference_joint_uncertainty_unavailable
89,3,tip,"[1,-1,-1]",6,151271,800,cdf_grid_distance_d6,0.423016806122,0.0,0.423016806122,,,,sampled_flat_reference_25_point_grid,source_and_reference_joint_uncertainty_unavailable
89,3,tip,"[1,-1,-1]",6,151271,800,count_volume_coefficient,1.06200615898,1.0,0.06200615898000006,0.06200615898000006,,,supplied_continuum_volume,deterministic_finite_geometry_not_sampling_error
89,3,tip,"[1,-1,-1]",6,151271,800,empty_interval_weight,0.260682129059,0.0,0.260682129059,,,,continuum_zero_lattice_sensitive_control,not_retained
89,3,tip,"[1,-1,-1]",6,151271,800,interval_mean,0.00962847593045,0.009523809523809523,0.00010466640664047629,0.010989972697249994,,,analytic_flat,not_retained
89,3,tip,"[1,-1,-1]",6,151271,800,interval_mean_sampled_reference_d2,0.00962847593045,0.111230923338,-0.10160244740755,-0.9134370583152338,,,sampled_flat_reference,source_and_reference_joint_uncertainty_unavailable
89,3,tip,"[1,-1,-1]",6,151271,800,interval_mean_sampled_reference_d3,0.00962847593045,0.0334036486429,-0.02377517271245,-0.7117537657822135,,,sampled_flat_reference,source_and_reference_joint_uncertainty_unavailable
89,3,tip,"[1,-1,-1]",6,151271,800,interval_mean_sampled_reference_d4,0.00962847593045,0.00953169216111,9.678376933999928e-05,0.010153891638977175,,,sampled_flat_reference,source_and_reference_joint_uncertainty_unavailable
89,3,tip,"[1,-1,-1]",6,151271,800,interval_mean_sampled_reference_d5,0.00962847593045,0.00264783067105,0.006980645259399999,2.63636392452234,,,sampled_flat_reference,source_and_reference_joint_uncertainty_unavailable
89,3,tip,"[1,-1,-1]",6,151271,800,interval_mean_sampled_reference_d6,0.00962847593045,0.000728317610158,0.008900158320292,12.220160814677012,,,sampled_flat_reference,source_and_reference_joint_uncertainty_unavailable
89,3,tip,"[1,-1,-1]",6,151271,800,interval_second_moment_d2,0.000726855736979,0.0278764142498,-0.027149558512820998,-0.9739257807526585,,,sampled_flat_reference,source_and_reference_joint_uncertainty_unavailable
89,3,tip,"[1,-1,-1]",6,151271,800,interval_second_moment_d3,0.000726855736979,0.00409438370913,-0.0033675279721510007,-0.8224749342964129,,,sampled_flat_reference,source_and_reference_joint_uncertainty_unavailable
89,3,tip,"[1,-1,-1]",6,151271,800,interval_second_moment_d4,0.000726855736979,0.000567225438714,0.00015963029826499995,0.2814230240218245,,,sampled_flat_reference,source_and_reference_joint_uncertainty_unavailable
89,3,tip,"[1,-1,-1]",6,151271,800,interval_second_moment_d5,0.000726855736979,7.71570990227e-05,0.0006496986379563,8.420464820290293,,,sampled_flat_reference,source_and_reference_joint_uncertainty_unavailable
89,3,tip,"[1,-1,-1]",6,151271,800,interval_second_moment_d6,0.000726855736979,1.05269535255e-05,0.0007163287834535,68.0471117990878,,,sampled_flat_reference,source_and_reference_joint_uncertainty_unavailable
144,3,tip,"[1,-1,-1]",8,949468,400,C2_coefficient,0.042219834917884384,0.05,-0.0077801650821156185,-0.1556033016423124,0.0035316636682015293,0.07063327336403058,analytic_flat,reported_marginal_not_reconstructed
144,3,tip,"[1,-1,-1]",8,949468,400,C2_count,38060697067.1,45074426677.8,-7013729610.700005,-0.1556033016423124,3183754301.26,0.07063327336403058,analytic_flat,reported_marginal_not_reconstructed
144,3,tip,"[1,-1,-1]",8,949468,400,C2_dimension,4.20036123233,4,0.2003612323299997,0.050090308082499924,,,analytic_flat,not_retained
144,3,tip,"[1,-1,-1]",8,949468,400,C3_N_over_C2_squared,0.22985430798804385,0.19047619047619044,0.03937811751185341,0.20673511693723046,,,analytic_flat,not_retained
144,3,tip,"[1,-1,-1]",8,949468,400,C3_coefficient,0.0004097190593207227,0.0004761904761904762,-6.647141686975347e-05,-0.13958997542648233,3.019923128859376e-05,0.0634183857060469,analytic_flat,reported_marginal_not_reconstructed
144,3,tip,"[1,-1,-1]",8,949468,400,C3_count,350691945603000.0,407587005714895.8,-56895060111895.81,-0.13958997542648233,25848509937200.0,0.0634183857060469,analytic_flat,reported_marginal_not_reconstructed
144,3,tip,"[1,-1,-1]",8,949468,400,C3_dimension,4.07116732794,4,0.07116732793999958,0.017791831984999895,,,analytic_flat,not_retained
144,3,tip,"[1,-1,-1]",8,949468,400,C4_N2_over_C2_cubed,0.015794833635779618,0.011337868480725622,0.004456965155053996,0.39310432667576256,,,analytic_flat,not_retained
144,3,tip,"[1,-1,-1]",8,949468,400,C4_coefficient,1.1886829152793253e-06,1.417233560090703e-06,-2.2855064481137765e-07,-0.16126533497890805,2.1062098078980864e-07,0.148614164045289,analytic_flat,reported_marginal_not_reconstructed
144,3,tip,"[1,-1,-1]",8,949468,400,C4_count,9.66016635379e+17,1.151754751134207e+18,-1.857381157552069e+17,-0.16126533497890816,1.71167069525e+17,0.14861416404528896,analytic_flat,reported_marginal_not_reconstructed
144,3,tip,"[1,-1,-1]",8,949468,400,C4_dimension,4.04783091113,4,0.04783091113000015,0.011957727782500038,,,analytic_flat,not_retained
144,3,tip,"[1,-1,-1]",8,949468,400,cdf_grid_distance_d2,0.646899188019,0.0,0.646899188019,,,,sampled_flat_reference_25_point_grid,source_and_reference_joint_uncertainty_unavailable
144,3,tip,"[1,-1,-1]",8,949468,400,cdf_grid_distance_d3,0.31673488727800003,0.0,0.31673488727800003,,,,sampled_flat_reference_25_point_grid,source_and_reference_joint_uncertainty_unavailable
144,3,tip,"[1,-1,-1]",8,949468,400,cdf_grid_distance_d4,0.089531946098,0.0,0.089531946098,,,,sampled_flat_reference_25_point_grid,source_and_reference_joint_uncertainty_unavailable
144,3,tip,"[1,-1,-1]",8,949468,400,cdf_grid_distance_d5,0.241069959519,0.0,0.241069959519,,,,sampled_flat_reference_25_point_grid,source_and_reference_joint_uncertainty_unavailable
144,3,tip,"[1,-1,-1]",8,949468,400,cdf_grid_distance_d6,0.46583903229600004,0.0,0.46583903229600004,,,,sampled_flat_reference_25_point_grid,source_and_reference_joint_uncertainty_unavailable
144,3,tip,"[1,-1,-1]",8,949468,400,count_volume_coefficient,1.02479740063,1.0,0.02479740063000002,0.02479740063000002,,,supplied_continuum_volume,deterministic_finite_geometry_not_sampling_error
144,3,tip,"[1,-1,-1]",8,949468,400,empty_interval_weight,0.0897760933026,0.0,0.0897760933026,,,,continuum_zero_lattice_sensitive_control,not_retained
144,3,tip,"[1,-1,-1]",8,949468,400,interval_mean,0.00779559893889,0.009523809523809523,-0.0017282105849195225,-0.1814621114165499,,,analytic_flat,not_retained
144,3,tip,"[1,-1,-1]",8,949468,400,interval_mean_sampled_reference_d2,0.00779559893889,0.111230923338,-0.10343532439911,-0.9299151827122631,,,sampled_flat_reference,source_and_reference_joint_uncertainty_unavailable
144,3,tip,"[1,-1,-1]",8,949468,400,interval_mean_sampled_reference_d3,0.00779559893889,0.0334036486429,-0.025608049704009997,-0.7666243283113036,,,sampled_flat_reference,source_and_reference_joint_uncertainty_unavailable
144,3,tip,"[1,-1,-1]",8,949468,400,interval_mean_sampled_reference_d4,0.00779559893889,0.00953169216111,-0.0017360932222199995,-0.1821390360573526,,,sampled_flat_reference,source_and_reference_joint_uncertainty_unavailable
144,3,tip,"[1,-1,-1]",8,949468,400,interval_mean_sampled_reference_d5,0.00779559893889,0.00264783067105,0.005147768267840001,1.9441455694742924,,,sampled_flat_reference,source_and_reference_joint_uncertainty_unavailable
144,3,tip,"[1,-1,-1]",8,949468,400,interval_mean_sampled_reference_d6,0.00779559893889,0.000728317610158,0.007067281328732001,9.703570571634037,,,sampled_flat_reference,source_and_reference_joint_uncertainty_unavailable
144,3,tip,"[1,-1,-1]",8,949468,400,interval_second_moment_d2,0.000229335244531,0.0278764142498,-0.027647079005269,-0.9917731440465789,,,sampled_flat_reference,source_and_reference_joint_uncertainty_unavailable
144,3,tip,"[1,-1,-1]",8,949468,400,interval_second_moment_d3,0.000229335244531,0.00409438370913,-0.0038650484645990006,-0.9439878475435487,,,sampled_flat_reference,source_and_reference_joint_uncertainty_unavailable
144,3,tip,"[1,-1,-1]",8,949468,400,interval_second_moment_d4,0.000229335244531,0.000567225438714,-0.000337890194183,-0.5956894227964398,,,sampled_flat_reference,source_and_reference_joint_uncertainty_unavailable
144,3,tip,"[1,-1,-1]",8,949468,400,interval_second_moment_d5,0.000229335244531,7.71570990227e-05,0.0001521781455083,1.9723155410952975,,,sampled_flat_reference,source_and_reference_joint_uncertainty_unavailable
144,3,tip,"[1,-1,-1]",8,949468,400,interval_second_moment_d6,0.000229335244531,1.05269535255e-05,0.0002188082910055,20.785528355897934,,,sampled_flat_reference,source_and_reference_joint_uncertainty_unavailable
55,3,tip,"[1,-1,1]",4,16369,800,C2_coefficient,0.03432337487781036,0.05,-0.01567662512218964,-0.3135325024437928,0.0025205293264014953,0.050410586528029905,analytic_flat,reported_marginal_not_reconstructed
55,3,tip,"[1,-1,1]",4,16369,800,C2_count,9196186.045,13396389.600000001,-4200203.555000002,-0.3135325024437928,675319.857094,0.050410586528029905,analytic_flat,reported_marginal_not_reconstructed
55,3,tip,"[1,-1,1]",4,16369,800,C2_dimension,4.44417036983,4,0.44417036983000013,0.11104259245750003,,,analytic_flat,not_retained
55,3,tip,"[1,-1,1]",4,16369,800,C3_N_over_C2_squared,0.3353589983772607,0.19047619047619044,0.14488280790107025,0.7606347414806189,,,analytic_flat,not_retained
55,3,tip,"[1,-1,1]",4,16369,800,C3_coefficient,0.00039510858405027486,0.0004761904761904762,-8.108189214020133e-05,-0.1702719734944228,3.392063170949401e-05,0.07123332658993742,analytic_flat,reported_marginal_not_reconstructed
55,3,tip,"[1,-1,1]",4,16369,800,C3_count,1732619957.78,2088178176.9828572,-355558219.20285726,-0.1702719734944228,148747878.059,0.0712333265899374,analytic_flat,reported_marginal_not_reconstructed
55,3,tip,"[1,-1,1]",4,16369,800,C3_dimension,4.08833689427,4,0.08833689427000024,0.02208422356750006,,,analytic_flat,not_retained
55,3,tip,"[1,-1,1]",4,16369,800,C4_N2_over_C2_cubed,0.0012362458161295409,0.011337868480725622,-0.01010162266459608,-0.8909631190173745,,,analytic_flat,not_retained
55,3,tip,"[1,-1,1]",4,16369,800,C4_coefficient,4.999820229039106e-08,1.417233560090703e-06,-1.367235357800312e-06,-0.9647212684639,4.7859689842117e-09,0.0033769797152597755,analytic_flat,reported_marginal_not_reconstructed
55,3,tip,"[1,-1,1]",4,16369,800,C4_count,3588259007.08,101711678703.87334,-98123419696.79333,-0.9647212684639,343478275.788,0.003376979715259776,analytic_flat,reported_marginal_not_reconstructed
55,3,tip,"[1,-1,1]",4,16369,800,C4_dimension,4.90223673824,4,0.9022367382400001,0.22555918456000001,,,analytic_flat,not_retained
55,3,tip,"[1,-1,1]",4,16369,800,cdf_grid_distance_d2,0.664846972713,0.0,0.664846972713,,,,sampled_flat_reference_25_point_grid,source_and_reference_joint_uncertainty_unavailable
55,3,tip,"[1,-1,1]",4,16369,800,cdf_grid_distance_d3,0.662884972713,0.0,0.662884972713,,,,sampled_flat_reference_25_point_grid,source_and_reference_joint_uncertainty_unavailable
55,3,tip,"[1,-1,1]",4,16369,800,cdf_grid_distance_d4,0.645725972713,0.0,0.645725972713,,,,sampled_flat_reference_25_point_grid,source_and_reference_joint_uncertainty_unavailable
55,3,tip,"[1,-1,1]",4,16369,800,cdf_grid_distance_d5,0.5848989727130001,0.0,0.5848989727130001,,,,sampled_flat_reference_25_point_grid,source_and_reference_joint_uncertainty_unavailable
55,3,tip,"[1,-1,1]",4,16369,800,cdf_grid_distance_d6,0.459139972713,0.0,0.459139972713,,,,sampled_flat_reference_25_point_grid,source_and_reference_joint_uncertainty_unavailable
55,3,tip,"[1,-1,1]",4,16369,800,count_volume_coefficient,1.19756616731,1.0,0.19756616730999998,0.19756616730999998,,,supplied_continuum_volume,deterministic_finite_geometry_not_sampling_error
55,3,tip,"[1,-1,1]",4,16369,800,empty_interval_weight,0.664905972713,0.0,0.664905972713,,,,continuum_zero_lattice_sensitive_control,not_retained
55,3,tip,"[1,-1,1]",4,16369,800,interval_mean,0.0195705422465,0.009523809523809523,0.010046732722690478,1.0549069358825003,,,analytic_flat,not_retained
55,3,tip,"[1,-1,1]",4,16369,800,interval_mean_sampled_reference_d2,0.0195705422465,0.111230923338,-0.0916603810915,-0.8240548432109069,,,sampled_flat_reference,source_and_reference_joint_uncertainty_unavailable
55,3,tip,"[1,-1,1]",4,16369,800,interval_mean_sampled_reference_d3,0.0195705422465,0.0334036486429,-0.013833106396399997,-0.41411962340647623,,,sampled_flat_reference,source_and_reference_joint_uncertainty_unavailable
55,3,tip,"[1,-1,1]",4,16369,800,interval_mean_sampled_reference_d4,0.0195705422465,0.00953169216111,0.01003885008539,1.0532075433939467,,,sampled_flat_reference,source_and_reference_joint_uncertainty_unavailable
55,3,tip,"[1,-1,1]",4,16369,800,interval_mean_sampled_reference_d5,0.0195705422465,0.00264783067105,0.01692271157545,6.391160794560658,,,sampled_flat_reference,source_and_reference_joint_uncertainty_unavailable
55,3,tip,"[1,-1,1]",4,16369,800,interval_mean_sampled_reference_d6,0.0195705422465,0.000728317610158,0.018842224636342,25.87088980624044,,,sampled_flat_reference,source_and_reference_joint_uncertainty_unavailable
55,3,tip,"[1,-1,1]",4,16369,800,interval_second_moment_d2,0.00219120126951,0.0278764142498,-0.025685212980289997,-0.9213958707215825,,,sampled_flat_reference,source_and_reference_joint_uncertainty_unavailable
55,3,tip,"[1,-1,1]",4,16369,800,interval_second_moment_d3,0.00219120126951,0.00409438370913,-0.0019031824396200003,-0.46482757230987526,,,sampled_flat_reference,source_and_reference_joint_uncertainty_unavailable
55,3,tip,"[1,-1,1]",4,16369,800,interval_second_moment_d4,0.00219120126951,0.000567225438714,0.001623975830796,2.8630165714673153,,,sampled_flat_reference,source_and_reference_joint_uncertainty_unavailable
55,3,tip,"[1,-1,1]",4,16369,800,interval_second_moment_d5,0.00219120126951,7.71570990227e-05,0.0021140441704873,27.399217923749802,,,sampled_flat_reference,source_and_reference_joint_uncertainty_unavailable
55,3,tip,"[1,-1,1]",4,16369,800,interval_second_moment_d6,0.00219120126951,1.05269535255e-05,0.0021806743159845,207.15150976036293,,,sampled_flat_reference,source_and_reference_joint_uncertainty_unavailable
89,3,tip,"[1,-1,1]",6,151151,800,C2_coefficient,0.037805731061870025,0.05,-0.012194268938129978,-0.24388537876259953,0.0024074193033899564,0.04814838606779913,analytic_flat,reported_marginal_not_reconstructed
89,3,tip,"[1,-1,1]",6,151151,800,C2_count,863727638.524,1142323682.5,-278596043.97599995,-0.24388537876259953,55001041.6794,0.04814838606779913,analytic_flat,reported_marginal_not_reconstructed
89,3,tip,"[1,-1,1]",6,151151,800,C2_dimension,4.33057997521,4,0.33057997521000004,0.08264499380250001,,,analytic_flat,not_retained
89,3,tip,"[1,-1,1]",6,151151,800,C3_N_over_C2_squared,0.28653907394028955,0.19047619047619044,0.09606288346409911,0.5043301381865204,,,analytic_flat,not_retained
89,3,tip,"[1,-1,1]",6,151151,800,C3_coefficient,0.0004095453576405318,0.0004761904761904762,-6.664511854994438e-05,-0.13995474895488325,2.2698285262187344e-05,0.047666399050593423,analytic_flat,reported_marginal_not_reconstructed
89,3,tip,"[1,-1,1]",6,151151,800,C3_count,1414250893910.0,1644391259868.5,-230140365958.5,-0.13995474895488313,78382209988.2,0.047666399050593423,analytic_flat,reported_marginal_not_reconstructed
89,3,tip,"[1,-1,1]",6,151151,800,C3_dimension,4.07136787624,4,0.07136787624000007,0.017841969060000018,,,analytic_flat,not_retained
89,3,tip,"[1,-1,1]",6,151151,800,C4_N2_over_C2_cubed,0.02047940778527447,0.011337868480725622,0.009141539304548847,0.8062837666612084,,,analytic_flat,not_retained
89,3,tip,"[1,-1,1]",6,151151,800,C4_coefficient,1.106621071075842e-06,1.417233560090703e-06,-3.106124890148609e-07,-0.21916817224888585,2.207774584571129e-07,0.15578057468733886,analytic_flat,reported_marginal_not_reconstructed
89,3,tip,"[1,-1,1]",6,151151,800,C4_count,577598151634000.0,739721577817274.0,-162123426183274.0,-0.21916817224888596,115234252501000.0,0.15578057468733886,analytic_flat,reported_marginal_not_reconstructed
89,3,tip,"[1,-1,1]",6,151151,800,C4_dimension,4.06727288111,4,0.06727288111000007,0.016818220277500018,,,analytic_flat,not_retained
89,3,tip,"[1,-1,1]",6,151151,800,cdf_grid_distance_d2,0.616863786035,0.0,0.616863786035,,,,sampled_flat_reference_25_point_grid,source_and_reference_joint_uncertainty_unavailable
89,3,tip,"[1,-1,1]",6,151151,800,cdf_grid_distance_d3,0.28786316493899994,0.0,0.28786316493899994,,,,sampled_flat_reference_25_point_grid,source_and_reference_joint_uncertainty_unavailable
89,3,tip,"[1,-1,1]",6,151151,800,cdf_grid_distance_d4,0.201951544368,0.0,0.201951544368,,,,sampled_flat_reference_25_point_grid,source_and_reference_joint_uncertainty_unavailable
89,3,tip,"[1,-1,1]",6,151151,800,cdf_grid_distance_d5,0.287843923443,0.0,0.287843923443,,,,sampled_flat_reference_25_point_grid,source_and_reference_joint_uncertainty_unavailable
89,3,tip,"[1,-1,1]",6,151151,800,cdf_grid_distance_d6,0.465983571658,0.0,0.465983571658,,,,sampled_flat_reference_25_point_grid,source_and_reference_joint_uncertainty_unavailable
89,3,tip,"[1,-1,1]",6,151151,800,count_volume_coefficient,1.06116369255,1.0,0.06116369255000009,0.06116369255000009,,,supplied_continuum_volume,deterministic_finite_geometry_not_sampling_error
89,3,tip,"[1,-1,1]",6,151151,800,empty_interval_weight,0.221131544368,0.0,0.221131544368,,,,continuum_zero_lattice_sensitive_control,not_retained
89,3,tip,"[1,-1,1]",6,151151,800,interval_mean,0.0103349691377,0.009523809523809523,0.0008111596138904772,0.0851717594585002,,,analytic_flat,not_retained
89,3,tip,"[1,-1,1]",6,151151,800,interval_mean_sampled_reference_d2,0.0103349691377,0.111230923338,-0.1008959542003,-0.9070854684331363,,,sampled_flat_reference,source_and_reference_joint_uncertainty_unavailable
89,3,tip,"[1,-1,1]",6,151151,800,interval_mean_sampled_reference_d3,0.0103349691377,0.0334036486429,-0.023068679505199998,-0.6906035850099652,,,sampled_flat_reference,source_and_reference_joint_uncertainty_unavailable
89,3,tip,"[1,-1,1]",6,151151,800,interval_mean_sampled_reference_d4,0.0103349691377,0.00953169216111,0.0008032769765900002,0.08427433062383494,,,sampled_flat_reference,source_and_reference_joint_uncertainty_unavailable
89,3,tip,"[1,-1,1]",6,151151,800,interval_mean_sampled_reference_d5,0.0103349691377,0.00264783067105,0.0076871384666499995,2.9031835572784783,,,sampled_flat_reference,source_and_reference_joint_uncertainty_unavailable
89,3,tip,"[1,-1,1]",6,151151,800,interval_mean_sampled_reference_d6,0.0103349691377,0.000728317610158,0.009606651527542,13.190195312533977,,,sampled_flat_reference,source_and_reference_joint_uncertainty_unavailable
89,3,tip,"[1,-1,1]",6,151151,800,interval_second_moment_d2,0.000586066214979,0.0278764142498,-0.027290348034821,-0.978976269697843,,,sampled_flat_reference,source_and_reference_joint_uncertainty_unavailable
89,3,tip,"[1,-1,1]",6,151151,800,interval_second_moment_d3,0.000586066214979,0.00409438370913,-0.0035083174941510004,-0.8568609449885851,,,sampled_flat_reference,source_and_reference_joint_uncertainty_unavailable
89,3,tip,"[1,-1,1]",6,151151,800,interval_second_moment_d4,0.000586066214979,0.000567225438714,1.8840776264999982e-05,0.033215675777368725,,,sampled_flat_reference,source_and_reference_joint_uncertainty_unavailable
89,3,tip,"[1,-1,1]",6,151151,800,interval_second_moment_d5,0.000586066214979,7.71570990227e-05,0.0005089091159563,6.595752333904835,,,sampled_flat_reference,source_and_reference_joint_uncertainty_unavailable
89,3,tip,"[1,-1,1]",6,151151,800,interval_second_moment_d6,0.000586066214979,1.05269535255e-05,0.0005755392614535,54.6729174836139,,,sampled_flat_reference,source_and_reference_joint_uncertainty_unavailable
144,3,tip,"[1,-1,1]",8,949468,400,C2_coefficient,0.04695306419287986,0.05,-0.003046935807120142,-0.06093871614240287,0.004259843050218285,0.0851968610043657,analytic_flat,reported_marginal_not_reconstructed
144,3,tip,"[1,-1,1]",8,949468,400,C2_count,42327648985.2,45074426677.8,-2746777692.600006,-0.06093871614240287,3840199664.52,0.0851968610043657,analytic_flat,reported_marginal_not_reconstructed
144,3,tip,"[1,-1,1]",8,949468,400,C2_dimension,4.0746192599,4,0.0746192599000004,0.0186548149750001,,,analytic_flat,not_retained
144,3,tip,"[1,-1,1]",8,949468,400,C3_N_over_C2_squared,0.18734375741335105,0.19047619047619044,-0.0031324330628393904,-0.016445273579906772,,,analytic_flat,not_retained
144,3,tip,"[1,-1,1]",8,949468,400,C3_coefficient,0.00041301665357366415,0.0004761904761904762,-6.317382261681204e-05,-0.1326650274953053,3.175450581103543e-05,0.06668446220317441,analytic_flat,reported_marginal_not_reconstructed
144,3,tip,"[1,-1,1]",8,949468,400,C3_count,353514464395000.0,407587005714895.8,-54072541319895.81,-0.1326650274953053,27179720277100.0,0.06668446220317441,analytic_flat,reported_marginal_not_reconstructed
144,3,tip,"[1,-1,1]",8,949468,400,C3_dimension,4.06737593133,4,0.06737593132999997,0.016843982832499993,,,analytic_flat,not_retained
144,3,tip,"[1,-1,1]",8,949468,400,C4_N2_over_C2_cubed,0.01286008318925187,0.011337868480725622,0.001522214708526249,0.1342593372920151,,,analytic_flat,not_retained
144,3,tip,"[1,-1,1]",8,949468,400,C4_coefficient,1.3311805698046294e-06,1.417233560090703e-06,-8.605299028607357e-08,-0.06071898994585356,3.6698645580556553e-07,0.25894564321640706,analytic_flat,reported_marginal_not_reconstructed
144,3,tip,"[1,-1,1]",8,949468,400,C4_count,1.08182136598e+18,1.151754751134207e+18,-6.993338515420698e+16,-0.06071898994585356,2.9824187486e+17,0.258945643216407,analytic_flat,reported_marginal_not_reconstructed
144,3,tip,"[1,-1,1]",8,949468,400,C4_dimension,4.01704279055,4,0.017042790549999687,0.004260697637499922,,,analytic_flat,not_retained
144,3,tip,"[1,-1,1]",8,949468,400,cdf_grid_distance_d2,0.673592302991,0.0,0.673592302991,,,,sampled_flat_reference_25_point_grid,source_and_reference_joint_uncertainty_unavailable
144,3,tip,"[1,-1,1]",8,949468,400,cdf_grid_distance_d3,0.350600565628,0.0,0.350600565628,,,,sampled_flat_reference_25_point_grid,source_and_reference_joint_uncertainty_unavailable
144,3,tip,"[1,-1,1]",8,949468,400,cdf_grid_distance_d4,0.05316596182400002,0.0,0.05316596182400002,,,,sampled_flat_reference_25_point_grid,source_and_reference_joint_uncertainty_unavailable
144,3,tip,"[1,-1,1]",8,949468,400,cdf_grid_distance_d5,0.31931671649700005,0.0,0.31931671649700005,,,,sampled_flat_reference_25_point_grid,source_and_reference_joint_uncertainty_unavailable
144,3,tip,"[1,-1,1]",8,949468,400,cdf_grid_distance_d6,0.521617756885,0.0,0.521617756885,,,,sampled_flat_reference_25_point_grid,source_and_reference_joint_uncertainty_unavailable
144,3,tip,"[1,-1,1]",8,949468,400,count_volume_coefficient,1.02479740063,1.0,0.02479740063000002,0.02479740063000002,,,supplied_continuum_volume,deterministic_finite_geometry_not_sampling_error
144,3,tip,"[1,-1,1]",8,949468,400,empty_interval_weight,0.0580182853961,0.0,0.0580182853961,,,,continuum_zero_lattice_sensitive_control,not_retained
144,3,tip,"[1,-1,1]",8,949468,400,interval_mean,0.0092479230386,0.009523809523809523,-0.0002758864852095231,-0.028968080946999875,,,analytic_flat,not_retained
144,3,tip,"[1,-1,1]",8,949468,400,interval_mean_sampled_reference_d2,0.0092479230386,0.111230923338,-0.1019830002994,-0.9168583451339506,,,sampled_flat_reference,source_and_reference_joint_uncertainty_unavailable
144,3,tip,"[1,-1,1]",8,949468,400,interval_mean_sampled_reference_d3,0.0092479230386,0.0334036486429,-0.0241557256043,-0.7231463204075563,,,sampled_flat_reference,source_and_reference_joint_uncertainty_unavailable
144,3,tip,"[1,-1,1]",8,949468,400,interval_mean_sampled_reference_d4,0.0092479230386,0.00953169216111,-0.0002837691225100001,-0.02977111699723145,,,sampled_flat_reference,source_and_reference_joint_uncertainty_unavailable
144,3,tip,"[1,-1,1]",8,949468,400,interval_mean_sampled_reference_d5,0.0092479230386,0.00264783067105,0.006600092367549999,2.4926414063074227,,,sampled_flat_reference,source_and_reference_joint_uncertainty_unavailable
144,3,tip,"[1,-1,1]",8,949468,400,interval_mean_sampled_reference_d6,0.0092479230386,0.000728317610158,0.008519605428442,11.697651285122394,,,sampled_flat_reference,source_and_reference_joint_uncertainty_unavailable
144,3,tip,"[1,-1,1]",8,949468,400,interval_second_moment_d2,0.000596220889288,0.0278764142498,-0.027280193360512,-0.9786119949307226,,,sampled_flat_reference,source_and_reference_joint_uncertainty_unavailable
144,3,tip,"[1,-1,1]",8,949468,400,interval_second_moment_d3,0.000596220889288,0.00409438370913,-0.0034981628198420007,-0.8543807977844147,,,sampled_flat_reference,source_and_reference_joint_uncertainty_unavailable
144,3,tip,"[1,-1,1]",8,949468,400,interval_second_moment_d4,0.000596220889288,0.000567225438714,2.899545057399996e-05,0.0511180363132826,,,sampled_flat_reference,source_and_reference_joint_uncertainty_unavailable
144,3,tip,"[1,-1,1]",8,949468,400,interval_second_moment_d5,0.000596220889288,7.71570990227e-05,0.0005190637902653,6.727362703366917,,,sampled_flat_reference,source_and_reference_joint_uncertainty_unavailable
144,3,tip,"[1,-1,1]",8,949468,400,interval_second_moment_d6,0.000596220889288,1.05269535255e-05,0.0005856939357625,55.63755310059481,,,sampled_flat_reference,source_and_reference_joint_uncertainty_unavailable
55,3,tip,"[1,0,0]",4,16188,800,C2_coefficient,0.03384953975412368,0.05,-0.016150460245876325,-0.3230092049175265,0.0021847101993291316,0.04369420398658263,analytic_flat,reported_marginal_not_reconstructed
55,3,tip,"[1,0,0]",4,16188,800,C2_count,8869769.43,13101757.8,-4231988.370000001,-0.3230092049175265,572470.877896,0.04369420398658263,analytic_flat,reported_marginal_not_reconstructed
55,3,tip,"[1,0,0]",4,16188,800,C2_dimension,4.46048425217,4,0.46048425216999966,0.11512106304249992,,,analytic_flat,not_retained
55,3,tip,"[1,0,0]",4,16188,800,C3_N_over_C2_squared,0.38164204233989174,0.19047619047619044,0.1911658518637013,1.003620722284432,,,analytic_flat,not_retained
55,3,tip,"[1,0,0]",4,16188,800,C3_coefficient,0.00043730916376300157,0.0004761904761904762,-3.888131242747462e-05,-0.08165075609769668,3.6866835950353647e-05,0.07742035549574265,analytic_flat,reported_marginal_not_reconstructed
55,3,tip,"[1,0,0]",4,16188,800,C3_count,1854759808.89,2019667159.5314286,-164907350.64142847,-0.08165075609769668,156363349.474,0.07742035549574267,analytic_flat,reported_marginal_not_reconstructed
55,3,tip,"[1,0,0]",4,16188,800,C3_dimension,4.04033459933,4,0.04033459933000039,0.010083649832500097,,,analytic_flat,not_retained
55,3,tip,"[1,0,0]",4,16188,800,C4_N2_over_C2_cubed,0.0011729878305196976,0.011337868480725622,-0.010164880650205925,-0.8965424733481626,,,analytic_flat,not_retained
55,3,tip,"[1,0,0]",4,16188,800,C4_coefficient,4.5502190485461456e-08,1.417233560090703e-06,-1.3717313696052416e-06,-0.9678936543934584,4.331647274583331e-09,0.0030564103169459984,analytic_flat,reported_marginal_not_reconstructed
55,3,tip,"[1,0,0]",4,16188,800,C4_count,3123518671.83,97286645764.92908,-94163127093.09908,-0.9678936543934584,297347907.817,0.0030564103169459984,analytic_flat,reported_marginal_not_reconstructed
55,3,tip,"[1,0,0]",4,16188,800,C4_dimension,4.92745912795,4,0.9274591279499997,0.23186478198749993,,,analytic_flat,not_retained
55,3,tip,"[1,0,0]",4,16188,800,cdf_grid_distance_d2,0.6056995698709999,0.0,0.6056995698709999,,,,sampled_flat_reference_25_point_grid,source_and_reference_joint_uncertainty_unavailable
55,3,tip,"[1,0,0]",4,16188,800,cdf_grid_distance_d3,0.6037375698709999,0.0,0.6037375698709999,,,,sampled_flat_reference_25_point_grid,source_and_reference_joint_uncertainty_unavailable
55,3,tip,"[1,0,0]",4,16188,800,cdf_grid_distance_d4,0.586578569871,0.0,0.586578569871,,,,sampled_flat_reference_25_point_grid,source_and_reference_joint_uncertainty_unavailable
55,3,tip,"[1,0,0]",4,16188,800,cdf_grid_distance_d5,0.525751569871,0.0,0.525751569871,,,,sampled_flat_reference_25_point_grid,source_and_reference_joint_uncertainty_unavailable
55,3,tip,"[1,0,0]",4,16188,800,cdf_grid_distance_d6,0.39999256987099996,0.0,0.39999256987099996,,,,sampled_flat_reference_25_point_grid,source_and_reference_joint_uncertainty_unavailable
55,3,tip,"[1,0,0]",4,16188,800,count_volume_coefficient,1.18432409533,1.0,0.18432409533000005,0.18432409533000005,,,supplied_continuum_volume,deterministic_finite_geometry_not_sampling_error
55,3,tip,"[1,0,0]",4,16188,800,empty_interval_weight,0.605758569871,0.0,0.605758569871,,,,continuum_zero_lattice_sensitive_control,not_retained
55,3,tip,"[1,0,0]",4,16188,800,interval_mean,0.0128905196919,0.009523809523809523,0.0033667101680904775,0.3535045676495001,,,analytic_flat,not_retained
55,3,tip,"[1,0,0]",4,16188,800,interval_mean_sampled_reference_d2,0.0128905196919,0.111230923338,-0.0983404036461,-0.8841102878133154,,,sampled_flat_reference,source_and_reference_joint_uncertainty_unavailable
55,3,tip,"[1,0,0]",4,16188,800,interval_mean_sampled_reference_d3,0.0128905196919,0.0334036486429,-0.020513128951,-0.6140984528455127,,,sampled_flat_reference,source_and_reference_joint_uncertainty_unavailable
55,3,tip,"[1,0,0]",4,16188,800,interval_mean_sampled_reference_d4,0.0128905196919,0.00953169216111,0.0033588275307900005,0.3523852296126664,,,sampled_flat_reference,source_and_reference_joint_uncertainty_unavailable
55,3,tip,"[1,0,0]",4,16188,800,interval_mean_sampled_reference_d5,0.0128905196919,0.00264783067105,0.01024268902085,3.868332341957596,,,sampled_flat_reference,source_and_reference_joint_uncertainty_unavailable
55,3,tip,"[1,0,0]",4,16188,800,interval_mean_sampled_reference_d6,0.0128905196919,0.000728317610158,0.012162202081742,16.69903612395635,,,sampled_flat_reference,source_and_reference_joint_uncertainty_unavailable
55,3,tip,"[1,0,0]",4,16188,800,interval_second_moment_d2,0.000560179631575,0.0278764142498,-0.027316234618224997,-0.9799048892531428,,,sampled_flat_reference,source_and_reference_joint_uncertainty_unavailable
55,3,tip,"[1,0,0]",4,16188,800,interval_second_moment_d3,0.000560179631575,0.00409438370913,-0.0035342040775550006,-0.8631834064975726,,,sampled_flat_reference,source_and_reference_joint_uncertainty_unavailable
55,3,tip,"[1,0,0]",4,16188,800,interval_second_moment_d4,0.000560179631575,0.000567225438714,-7.045807138999962e-06,-0.012421528828068906,,,sampled_flat_reference,source_and_reference_joint_uncertainty_unavailable
55,3,tip,"[1,0,0]",4,16188,800,interval_second_moment_d5,0.000560179631575,7.71570990227e-05,0.00048302253255230005,6.260247451892825,,,sampled_flat_reference,source_and_reference_joint_uncertainty_unavailable
55,3,tip,"[1,0,0]",4,16188,800,interval_second_moment_d6,0.000560179631575,1.05269535255e-05,0.0005496526780495001,52.213841043189475,,,sampled_flat_reference,source_and_reference_joint_uncertainty_unavailable
89,3,tip,"[1,0,0]",6,151289,800,C2_coefficient,0.0418064635000684,0.05,-0.008193536499931604,-0.16387072999863206,0.0025433439496467484,0.05086687899293497,analytic_flat,reported_marginal_not_reconstructed
89,3,tip,"[1,0,0]",6,151289,800,C2_count,956875125.646,1144410511.6000001,-187535385.95400012,-0.16387072999863217,58212591.0118,0.05086687899293496,analytic_flat,reported_marginal_not_reconstructed
89,3,tip,"[1,0,0]",6,151289,800,C2_dimension,4.21198216884,4,0.21198216883999965,0.05299554220999991,,,analytic_flat,not_retained
89,3,tip,"[1,0,0]",6,151289,800,C3_N_over_C2_squared,0.24040768753288536,0.19047619047619044,0.04993149705669492,0.26214035954764836,,,analytic_flat,not_retained
89,3,tip,"[1,0,0]",6,151289,800,C3_coefficient,0.00042018261933631217,0.0004761904761904762,-5.600785685416402e-05,-0.11761649939374441,2.2674963452783364e-05,0.047617423250845066,analytic_flat,reported_marginal_not_reconstructed
89,3,tip,"[1,0,0]",6,151289,800,C3_count,1454961591680.0,1648899362556.4685,-193937770876.4685,-0.11761649939374441,78516338844.9,0.047617423250845066,analytic_flat,reported_marginal_not_reconstructed
89,3,tip,"[1,0,0]",6,151289,800,C3_dimension,4.05923902364,4,0.05923902364,0.01480975591,,,analytic_flat,not_retained
89,3,tip,"[1,0,0]",6,151289,800,C4_N2_over_C2_cubed,0.016487532484457095,0.011337868480725622,0.0051496640037314734,0.454200365129116,,,analytic_flat,not_retained
89,3,tip,"[1,0,0]",6,151289,800,C4_coefficient,1.2047434388526552e-06,1.417233560090703e-06,-2.1249012123804774e-07,-0.14993302954556653,2.4101107379500076e-07,0.17005741366975252,analytic_flat,reported_marginal_not_reconstructed
89,3,tip,"[1,0,0]",6,151289,800,C4_count,631112460595000.0,742426752868208.0,-111314292273208.0,-0.14993302954556642,126255173432000.0,0.17005741366975255,analytic_flat,reported_marginal_not_reconstructed
89,3,tip,"[1,0,0]",6,151289,800,C4_dimension,4.044182467,4,0.044182466999999725,0.011045616749999931,,,analytic_flat,not_retained
89,3,tip,"[1,0,0]",6,151289,800,cdf_grid_distance_d2,0.661593190058,0.0,0.661593190058,,,,sampled_flat_reference_25_point_grid,source_and_reference_joint_uncertainty_unavailable
89,3,tip,"[1,0,0]",6,151289,800,cdf_grid_distance_d3,0.32936718555,0.0,0.32936718555,,,,sampled_flat_reference_25_point_grid,source_and_reference_joint_uncertainty_unavailable
89,3,tip,"[1,0,0]",6,151289,800,cdf_grid_distance_d4,0.25019877444300004,0.0,0.25019877444300004,,,,sampled_flat_reference_25_point_grid,source_and_reference_joint_uncertainty_unavailable
89,3,tip,"[1,0,0]",6,151289,800,cdf_grid_distance_d5,0.263420857184,0.0,0.263420857184,,,,sampled_flat_reference_25_point_grid,source_and_reference_joint_uncertainty_unavailable
89,3,tip,"[1,0,0]",6,151289,800,cdf_grid_distance_d6,0.423255981351,0.0,0.423255981351,,,,sampled_flat_reference_25_point_grid,source_and_reference_joint_uncertainty_unavailable
89,3,tip,"[1,0,0]",6,151289,800,count_volume_coefficient,1.06213252894,1.0,0.0621325289400001,0.0621325289400001,,,supplied_continuum_volume,deterministic_finite_geometry_not_sampling_error
89,3,tip,"[1,0,0]",6,151289,800,empty_interval_weight,0.269378774443,0.0,0.269378774443,,,,continuum_zero_lattice_sensitive_control,not_retained
89,3,tip,"[1,0,0]",6,151289,800,interval_mean,0.00799132556203,0.009523809523809523,-0.0015324839617795235,-0.16091081598684998,,,analytic_flat,not_retained
89,3,tip,"[1,0,0]",6,151289,800,interval_mean_sampled_reference_d2,0.00799132556203,0.111230923338,-0.10323959777597,-0.9281555405438237,,,sampled_flat_reference,source_and_reference_joint_uncertainty_unavailable
89,3,tip,"[1,0,0]",6,151289,800,interval_mean_sampled_reference_d3,0.00799132556203,0.0334036486429,-0.02541232308087,-0.760764889863953,,,sampled_flat_reference,source_and_reference_joint_uncertainty_unavailable
89,3,tip,"[1,0,0]",6,151289,800,interval_mean_sampled_reference_d4,0.00799132556203,0.00953169216111,-0.0015403665990800005,-0.16160473639348205,,,sampled_flat_reference,source_and_reference_joint_uncertainty_unavailable
89,3,tip,"[1,0,0]",6,151289,800,interval_mean_sampled_reference_d5,0.00799132556203,0.00264783067105,0.005343494890979999,2.018065184229107,,,sampled_flat_reference,source_and_reference_joint_uncertainty_unavailable
89,3,tip,"[1,0,0]",6,151289,800,interval_mean_sampled_reference_d6,0.00799132556203,0.000728317610158,0.007263007951872,9.972308578803105,,,sampled_flat_reference,source_and_reference_joint_uncertainty_unavailable
89,3,tip,"[1,0,0]",6,151289,800,interval_second_moment_d2,0.000328856607522,0.0278764142498,-0.027547557642278,-0.9882030520649061,,,sampled_flat_reference,source_and_reference_joint_uncertainty_unavailable
89,3,tip,"[1,0,0]",6,151289,800,interval_second_moment_d3,0.000328856607522,0.00409438370913,-0.0037655271016080005,-0.9196810482640677,,,sampled_flat_reference,source_and_reference_joint_uncertainty_unavailable
89,3,tip,"[1,0,0]",6,151289,800,interval_second_moment_d4,0.000328856607522,0.000567225438714,-0.00023836883119200003,-0.42023649667832985,,,sampled_flat_reference,source_and_reference_joint_uncertainty_unavailable
89,3,tip,"[1,0,0]",6,151289,800,interval_second_moment_d5,0.000328856607522,7.71570990227e-05,0.0002516995084993,3.2621691547170366,,,sampled_flat_reference,source_and_reference_joint_uncertainty_unavailable
89,3,tip,"[1,0,0]",6,151289,800,interval_second_moment_d6,0.000328856607522,1.05269535255e-05,0.0003183296539965,30.23948507280792,,,sampled_flat_reference,source_and_reference_joint_uncertainty_unavailable
144,3,tip,"[1,0,0]",8,945016,400,C2_coefficient,0.04467336232762689,0.05,-0.005326637672373111,-0.10653275344746216,0.0039582079934681125,0.07916415986936225,analytic_flat,reported_marginal_not_reconstructed
144,3,tip,"[1,0,0]",8,945016,400,C2_count,39895738109.5,44652714762.0,-4756976652.5,-0.10653275344746216,3534894650.02,0.07916415986936226,analytic_flat,reported_marginal_not_reconstructed
144,3,tip,"[1,0,0]",8,945016,400,C2_dimension,4.13357217767,4,0.13357217766999963,0.033393044417499906,,,analytic_flat,not_retained
144,3,tip,"[1,0,0]",8,945016,400,C3_N_over_C2_squared,0.19272837002916093,0.19047619047619044,0.0022521795529704958,0.011823942653095054,,,analytic_flat,not_retained
144,3,tip,"[1,0,0]",8,945016,400,C3_coefficient,0.00038463020776971914,0.0004761904761904762,-9.156026842075705e-05,-0.1922765636835898,3.08694385996114e-05,0.06482582105918394,analytic_flat,reported_marginal_not_reconstructed
144,3,tip,"[1,0,0]",8,945016,400,C3_count,324608206815000.0,401880386553301.56,-77272179738301.56,-0.1922765636835898,26052226025900.0,0.06482582105918394,analytic_flat,reported_marginal_not_reconstructed
144,3,tip,"[1,0,0]",8,945016,400,C3_dimension,4.10104162275,4,0.10104162275000039,0.025260405687500098,,,analytic_flat,not_retained
144,3,tip,"[1,0,0]",8,945016,400,C4_N2_over_C2_cubed,0.009938258994492051,0.011337868480725622,-0.0013996094862335703,-0.12344555668580093,,,analytic_flat,not_retained
144,3,tip,"[1,0,0]",8,945016,400,C4_coefficient,8.860487380332383e-07,1.417233560090703e-06,-5.311848220574647e-07,-0.3748040104437471,1.5503975898638738e-07,0.10939605394079494,analytic_flat,reported_marginal_not_reconstructed
144,3,tip,"[1,0,0]",8,945016,400,C4_count,7.06661612884e+17,1.1303041361246881e+18,-4.236425232406881e+17,-0.3748040104437471,1.23650812245e+17,0.10939605394079494,analytic_flat,reported_marginal_not_reconstructed
144,3,tip,"[1,0,0]",8,945016,400,C4_dimension,4.1276380414,4,0.1276380414,0.03190951035,,,analytic_flat,not_retained
144,3,tip,"[1,0,0]",8,945016,400,cdf_grid_distance_d2,0.675978200087,0.0,0.675978200087,,,,sampled_flat_reference_25_point_grid,source_and_reference_joint_uncertainty_unavailable
144,3,tip,"[1,0,0]",8,945016,400,cdf_grid_distance_d3,0.31427120008700005,0.0,0.31427120008700005,,,,sampled_flat_reference_25_point_grid,source_and_reference_joint_uncertainty_unavailable
144,3,tip,"[1,0,0]",8,945016,400,cdf_grid_distance_d4,0.0621072824506,0.0,0.0621072824506,,,,sampled_flat_reference_25_point_grid,source_and_reference_joint_uncertainty_unavailable
144,3,tip,"[1,0,0]",8,945016,400,cdf_grid_distance_d5,0.298128637662,0.0,0.298128637662,,,,sampled_flat_reference_25_point_grid,source_and_reference_joint_uncertainty_unavailable
144,3,tip,"[1,0,0]",8,945016,400,cdf_grid_distance_d6,0.5008565872170001,0.0,0.5008565872170001,,,,sampled_flat_reference_25_point_grid,source_and_reference_joint_uncertainty_unavailable
144,3,tip,"[1,0,0]",8,945016,400,count_volume_coefficient,1.01999218547,1.0,0.019992185470000035,0.019992185470000035,,,supplied_continuum_volume,deterministic_finite_geometry_not_sampling_error
144,3,tip,"[1,0,0]",8,945016,400,empty_interval_weight,0.0812872824506,0.0,0.0812872824506,,,,continuum_zero_lattice_sensitive_control,not_retained
144,3,tip,"[1,0,0]",8,945016,400,interval_mean,0.00760982932787,0.009523809523809523,-0.0019139801959395233,-0.20096792057364998,,,analytic_flat,not_retained
144,3,tip,"[1,0,0]",8,945016,400,interval_mean_sampled_reference_d2,0.00760982932787,0.111230923338,-0.10362109401013,-0.9315853082982524,,,sampled_flat_reference,source_and_reference_joint_uncertainty_unavailable
144,3,tip,"[1,0,0]",8,945016,400,interval_mean_sampled_reference_d3,0.00760982932787,0.0334036486429,-0.025793819315029998,-0.772185685185996,,,sampled_flat_reference,source_and_reference_joint_uncertainty_unavailable
144,3,tip,"[1,0,0]",8,945016,400,interval_mean_sampled_reference_d4,0.00760982932787,0.00953169216111,-0.0019218628332400003,-0.20162871405786065,,,sampled_flat_reference,source_and_reference_joint_uncertainty_unavailable
144,3,tip,"[1,0,0]",8,945016,400,interval_mean_sampled_reference_d5,0.00760982932787,0.00264783067105,0.00496199865682,1.8739863961362428,,,sampled_flat_reference,source_and_reference_joint_uncertainty_unavailable
144,3,tip,"[1,0,0]",8,945016,400,interval_mean_sampled_reference_d6,0.00760982932787,0.000728317610158,0.006881511717712,9.448503814454158,,,sampled_flat_reference,source_and_reference_joint_uncertainty_unavailable
144,3,tip,"[1,0,0]",8,945016,400,interval_second_moment_d2,0.000336037945402,0.0278764142498,-0.027540376304397998,-0.9879454386639985,,,sampled_flat_reference,source_and_reference_joint_uncertainty_unavailable
144,3,tip,"[1,0,0]",8,945016,400,interval_second_moment_d3,0.000336037945402,0.00409438370913,-0.0037583457637280003,-0.9179270998336881,,,sampled_flat_reference,source_and_reference_joint_uncertainty_unavailable
144,3,tip,"[1,0,0]",8,945016,400,interval_second_moment_d4,0.000336037945402,0.000567225438714,-0.00023118749331200002,-0.4075760315618827,,,sampled_flat_reference,source_and_reference_joint_uncertainty_unavailable
144,3,tip,"[1,0,0]",8,945016,400,interval_second_moment_d5,0.000336037945402,7.71570990227e-05,0.0002588808463793,3.355243388597801,,,sampled_flat_reference,source_and_reference_joint_uncertainty_unavailable
144,3,tip,"[1,0,0]",8,945016,400,interval_second_moment_d6,0.000336037945402,1.05269535255e-05,0.0003255109918765,30.92167084123601,,,sampled_flat_reference,source_and_reference_joint_uncertainty_unavailable
55,3,tip,"[1,1,-1]",4,16369,800,C2_coefficient,0.029939287023460413,0.05,-0.02006071297653959,-0.4012142595307918,0.0020841769939155845,0.041683539878311686,analytic_flat,reported_marginal_not_reconstructed
55,3,tip,"[1,1,-1]",4,16369,800,C2_count,8021567.06625,13396389.600000001,-5374822.533750001,-0.4012142595307918,558408.940117,0.041683539878311686,analytic_flat,reported_marginal_not_reconstructed
55,3,tip,"[1,1,-1]",4,16369,800,C2_dimension,4.60426566125,4,0.6042656612500004,0.1510664153125001,,,analytic_flat,not_retained
55,3,tip,"[1,1,-1]",4,16369,800,C3_N_over_C2_squared,0.4038098353008995,0.19047619047619044,0.21333364482470904,1.1200016353297229,,,analytic_flat,not_retained
55,3,tip,"[1,1,-1]",4,16369,800,C3_coefficient,0.00036198146560907586,0.0004761904761904762,-0.00011420901058140033,-0.23983892222094072,3.1910910957477486e-05,0.06701291301070272,analytic_flat,reported_marginal_not_reconstructed
55,3,tip,"[1,1,-1]",4,16369,800,C3_count,1587351773.61,2088178176.9828572,-500826403.37285733,-0.23983892222094072,139934902.525,0.06701291301070272,analytic_flat,reported_marginal_not_reconstructed
55,3,tip,"[1,1,-1]",4,16369,800,C3_dimension,4.1297139674,4,0.12971396739999985,0.03242849184999996,,,analytic_flat,not_retained
55,3,tip,"[1,1,-1]",4,16369,800,C4_N2_over_C2_cubed,0.0014962187137298388,0.011337868480725622,-0.009841649766995784,-0.8680335094490281,,,analytic_flat,not_retained
55,3,tip,"[1,1,-1]",4,16369,800,C4_coefficient,4.016049408735458e-08,1.417233560090703e-06,-1.3770730660033484e-06,-0.9716627553719626,4.108727053129932e-09,0.00289911780868848,analytic_flat,reported_marginal_not_reconstructed
55,3,tip,"[1,1,-1]",4,16369,800,C4_count,2882228720.96,101711678703.87334,-98829449982.91333,-0.9716627553719626,294874139.082,0.00289911780868848,analytic_flat,reported_marginal_not_reconstructed
55,3,tip,"[1,1,-1]",4,16369,800,C4_dimension,4.96087152441,4,0.9608715244099999,0.24021788110249997,,,analytic_flat,not_retained
55,3,tip,"[1,1,-1]",4,16369,800,cdf_grid_distance_d2,0.648662931858,0.0,0.648662931858,,,,sampled_flat_reference_25_point_grid,source_and_reference_joint_uncertainty_unavailable
55,3,tip,"[1,1,-1]",4,16369,800,cdf_grid_distance_d3,0.6467009318579999,0.0,0.6467009318579999,,,,sampled_flat_reference_25_point_grid,source_and_reference_joint_uncertainty_unavailable
55,3,tip,"[1,1,-1]",4,16369,800,cdf_grid_distance_d4,0.629541931858,0.0,0.629541931858,,,,sampled_flat_reference_25_point_grid,source_and_reference_joint_uncertainty_unavailable
55,3,tip,"[1,1,-1]",4,16369,800,cdf_grid_distance_d5,0.568714931858,0.0,0.568714931858,,,,sampled_flat_reference_25_point_grid,source_and_reference_joint_uncertainty_unavailable
55,3,tip,"[1,1,-1]",4,16369,800,cdf_grid_distance_d6,0.442955931858,0.0,0.442955931858,,,,sampled_flat_reference_25_point_grid,source_and_reference_joint_uncertainty_unavailable
55,3,tip,"[1,1,-1]",4,16369,800,count_volume_coefficient,1.19756616731,1.0,0.19756616730999998,0.19756616730999998,,,supplied_continuum_volume,deterministic_finite_geometry_not_sampling_error
55,3,tip,"[1,1,-1]",4,16369,800,empty_interval_weight,0.648721931858,0.0,0.648721931858,,,,continuum_zero_lattice_sensitive_control,not_retained
55,3,tip,"[1,1,-1]",4,16369,800,interval_mean,0.0132585131585,0.009523809523809523,0.003734703634690478,0.39214388164250025,,,analytic_flat,not_retained
55,3,tip,"[1,1,-1]",4,16369,800,interval_mean_sampled_reference_d2,0.0132585131585,0.111230923338,-0.0979724101795,-0.8808019140665492,,,sampled_flat_reference,source_and_reference_joint_uncertainty_unavailable
55,3,tip,"[1,1,-1]",4,16369,800,interval_mean_sampled_reference_d3,0.0132585131585,0.0334036486429,-0.020145135484399997,-0.6030818878428683,,,sampled_flat_reference,source_and_reference_joint_uncertainty_unavailable
55,3,tip,"[1,1,-1]",4,16369,800,interval_mean_sampled_reference_d4,0.0132585131585,0.00953169216111,0.003726820997390001,0.3909925891853392,,,sampled_flat_reference,source_and_reference_joint_uncertainty_unavailable
55,3,tip,"[1,1,-1]",4,16369,800,interval_mean_sampled_reference_d5,0.0132585131585,0.00264783067105,0.01061068248745,4.007311571491965,,,sampled_flat_reference,source_and_reference_joint_uncertainty_unavailable
55,3,tip,"[1,1,-1]",4,16369,800,interval_mean_sampled_reference_d6,0.0132585131585,0.000728317610158,0.012530195548342001,17.204301219111976,,,sampled_flat_reference,source_and_reference_joint_uncertainty_unavailable
55,3,tip,"[1,1,-1]",4,16369,800,interval_second_moment_d2,0.000698729046473,0.0278764142498,-0.027177685203326998,-0.9749347588175544,,,sampled_flat_reference,source_and_reference_joint_uncertainty_unavailable
55,3,tip,"[1,1,-1]",4,16369,800,interval_second_moment_d3,0.000698729046473,0.00409438370913,-0.0033956546626570006,-0.8293445128469725,,,sampled_flat_reference,source_and_reference_joint_uncertainty_unavailable
55,3,tip,"[1,1,-1]",4,16369,800,interval_second_moment_d4,0.000698729046473,0.000567225438714,0.00013150360775899996,0.23183658345285396,,,sampled_flat_reference,source_and_reference_joint_uncertainty_unavailable
55,3,tip,"[1,1,-1]",4,16369,800,interval_second_moment_d5,0.000698729046473,7.71570990227e-05,0.0006215719474503,8.055926872878286,,,sampled_flat_reference,source_and_reference_joint_uncertainty_unavailable
55,3,tip,"[1,1,-1]",4,16369,800,interval_second_moment_d6,0.000698729046473,1.05269535255e-05,0.0006882020929474999,65.37523807628023,,,sampled_flat_reference,source_and_reference_joint_uncertainty_unavailable
89,3,tip,"[1,1,-1]",6,151151,800,C2_coefficient,0.04058436156137383,0.05,-0.009415638438626174,-0.18831276877252345,0.0027006683950982517,0.05401336790196503,analytic_flat,reported_marginal_not_reconstructed
89,3,tip,"[1,1,-1]",6,151151,800,C2_count,927209547.014,1142323682.5,-215114135.48599994,-0.18831276877252345,61700749.326,0.05401336790196504,analytic_flat,reported_marginal_not_reconstructed
89,3,tip,"[1,1,-1]",6,151151,800,C2_dimension,4.24700059938,4,0.24700059937999974,0.061750149844999935,,,analytic_flat,not_retained
89,3,tip,"[1,1,-1]",6,151151,800,C3_N_over_C2_squared,0.24314904310024185,0.19047619047619044,0.052672852624051414,0.27653247627627,,,analytic_flat,not_retained
89,3,tip,"[1,1,-1]",6,151151,800,C3_coefficient,0.00040049110509965673,0.0004761904761904762,-7.569937109081946e-05,-0.1589686792907209,2.291544944663193e-05,0.048122443837927055,analytic_flat,reported_marginal_not_reconstructed
89,3,tip,"[1,1,-1]",6,151151,800,C3_count,1382984553050.0,1644391259868.5,-261406706818.5,-0.1589686792907209,79132126050.6,0.048122443837927055,analytic_flat,reported_marginal_not_reconstructed
89,3,tip,"[1,1,-1]",6,151151,800,C3_dimension,4.08193966995,4,0.08193966994999968,0.02048491748749992,,,analytic_flat,not_retained
89,3,tip,"[1,1,-1]",6,151151,800,C4_N2_over_C2_cubed,0.013187184880095213,0.011337868480725622,0.0018493163993695914,0.16310970642439804,,,analytic_flat,not_retained
89,3,tip,"[1,1,-1]",6,151151,800,C4_coefficient,8.81529539815356e-07,1.417233560090703e-06,-5.35704020275347e-07,-0.37799275670628485,1.6919692206984055e-07,0.1193853482124795,analytic_flat,reported_marginal_not_reconstructed
89,3,tip,"[1,1,-1]",6,151151,800,C4_count,460112179423000.0,739721577817274.0,-279609398394274.0,-0.37799275670628485,88311918148000.0,0.1193853482124795,analytic_flat,reported_marginal_not_reconstructed
89,3,tip,"[1,1,-1]",6,151151,800,C4_dimension,4.12902572691,4,0.12902572691000014,0.032256431727500035,,,analytic_flat,not_retained
89,3,tip,"[1,1,-1]",6,151151,800,cdf_grid_distance_d2,0.561017458822,0.0,0.561017458822,,,,sampled_flat_reference_25_point_grid,source_and_reference_joint_uncertainty_unavailable
89,3,tip,"[1,1,-1]",6,151151,800,cdf_grid_distance_d3,0.23687907551999998,0.0,0.23687907551999998,,,,sampled_flat_reference_25_point_grid,source_and_reference_joint_uncertainty_unavailable
89,3,tip,"[1,1,-1]",6,151151,800,cdf_grid_distance_d4,0.178094109769,0.0,0.178094109769,,,,sampled_flat_reference_25_point_grid,source_and_reference_joint_uncertainty_unavailable
89,3,tip,"[1,1,-1]",6,151151,800,cdf_grid_distance_d5,0.33923700941600005,0.0,0.33923700941600005,,,,sampled_flat_reference_25_point_grid,source_and_reference_joint_uncertainty_unavailable
89,3,tip,"[1,1,-1]",6,151151,800,cdf_grid_distance_d6,0.49516078178399997,0.0,0.49516078178399997,,,,sampled_flat_reference_25_point_grid,source_and_reference_joint_uncertainty_unavailable
89,3,tip,"[1,1,-1]",6,151151,800,count_volume_coefficient,1.06116369255,1.0,0.06116369255000009,0.06116369255000009,,,supplied_continuum_volume,deterministic_finite_geometry_not_sampling_error
89,3,tip,"[1,1,-1]",6,151151,800,empty_interval_weight,0.197274109769,0.0,0.197274109769,,,,continuum_zero_lattice_sensitive_control,not_retained
89,3,tip,"[1,1,-1]",6,151151,800,interval_mean,0.0102294990038,0.009523809523809523,0.0007056894799904768,0.07409739539900007,,,analytic_flat,not_retained
89,3,tip,"[1,1,-1]",6,151151,800,interval_mean_sampled_reference_d2,0.0102294990038,0.111230923338,-0.1010014243342,-0.9080336771752278,,,sampled_flat_reference,source_and_reference_joint_uncertainty_unavailable
89,3,tip,"[1,1,-1]",6,151151,800,interval_mean_sampled_reference_d3,0.0102294990038,0.0334036486429,-0.0231741496391,-0.693761028528412,,,sampled_flat_reference,source_and_reference_joint_uncertainty_unavailable
89,3,tip,"[1,1,-1]",6,151151,800,interval_mean_sampled_reference_d4,0.0102294990038,0.00953169216111,0.0006978068426899998,0.07320912497962362,,,sampled_flat_reference,source_and_reference_joint_uncertainty_unavailable
89,3,tip,"[1,1,-1]",6,151151,800,interval_mean_sampled_reference_d5,0.0102294990038,0.00264783067105,0.007581668332749999,2.863350899150768,,,sampled_flat_reference,source_and_reference_joint_uncertainty_unavailable
89,3,tip,"[1,1,-1]",6,151151,800,interval_mean_sampled_reference_d6,0.0102294990038,0.000728317610158,0.009501181393642,13.045381933825313,,,sampled_flat_reference,source_and_reference_joint_uncertainty_unavailable
89,3,tip,"[1,1,-1]",6,151151,800,interval_second_moment_d2,0.000305842212349,0.0278764142498,-0.027570572037451,-0.9890286387048078,,,sampled_flat_reference,source_and_reference_joint_uncertainty_unavailable
89,3,tip,"[1,1,-1]",6,151151,800,interval_second_moment_d3,0.000305842212349,0.00409438370913,-0.0037885414967810003,-0.9253020151318482,,,sampled_flat_reference,source_and_reference_joint_uncertainty_unavailable
89,3,tip,"[1,1,-1]",6,151151,800,interval_second_moment_d4,0.000305842212349,0.000567225438714,-0.000261383226365,-0.46081012684762834,,,sampled_flat_reference,source_and_reference_joint_uncertainty_unavailable
89,3,tip,"[1,1,-1]",6,151151,800,interval_second_moment_d5,0.000305842212349,7.71570990227e-05,0.00022868511332630001,2.96388946996335,,,sampled_flat_reference,source_and_reference_joint_uncertainty_unavailable
89,3,tip,"[1,1,-1]",6,151151,800,interval_second_moment_d6,0.000305842212349,1.05269535255e-05,0.0002953152588235,28.05324998425633,,,sampled_flat_reference,source_and_reference_joint_uncertainty_unavailable
144,3,tip,"[1,1,-1]",8,949468,400,C2_coefficient,0.048292278720587445,0.05,-0.001707721279412558,-0.0341544255882511,0.004223710824984634,0.08447421649969267,analytic_flat,reported_marginal_not_reconstructed
144,3,tip,"[1,1,-1]",8,949468,400,C2_count,43534935525.9,45074426677.8,-1539491151.9000015,-0.0341544255882511,3807626877.78,0.08447421649969267,analytic_flat,reported_marginal_not_reconstructed
144,3,tip,"[1,1,-1]",8,949468,400,C2_dimension,4.04126314029,4,0.04126314028999989,0.010315785072499972,,,analytic_flat,not_retained
144,3,tip,"[1,1,-1]",8,949468,400,C3_N_over_C2_squared,0.1868192000814178,0.19047619047619044,-0.00365699039477263,-0.019199199572556336,,,analytic_flat,not_retained
144,3,tip,"[1,1,-1]",8,949468,400,C3_coefficient,0.0004356897698127021,0.0004761904761904762,-4.05007063777741e-05,-0.08505148339332558,3.1017288626375416e-05,0.06513630611538837,analytic_flat,reported_marginal_not_reconstructed
144,3,tip,"[1,1,-1]",8,949468,400,C3_count,372921126267000.0,407587005714895.8,-34665879447895.812,-0.08505148339332569,26548711972900.0,0.06513630611538837,analytic_flat,reported_marginal_not_reconstructed
144,3,tip,"[1,1,-1]",8,949468,400,C3_dimension,4.04209048537,4,0.04209048537000015,0.010522621342500038,,,analytic_flat,not_retained
144,3,tip,"[1,1,-1]",8,949468,400,C4_N2_over_C2_cubed,0.011073782125232568,0.011337868480725622,-0.0002640863554930536,-0.023292416554487327,,,analytic_flat,not_retained
144,3,tip,"[1,1,-1]",8,949468,400,C4_coefficient,1.247183746316287e-06,1.417233560090703e-06,-1.70049813774416e-07,-0.11998714859922788,2.066800661084669e-07,0.14583345464613426,analytic_flat,reported_marginal_not_reconstructed
144,3,tip,"[1,1,-1]",8,949468,400,C4_count,1.01355898266e+18,1.151754751134207e+18,-1.3819576847420698e+17,-0.11998714859922799,1.67964374263e+17,0.14583345464613423,analytic_flat,reported_marginal_not_reconstructed
144,3,tip,"[1,1,-1]",8,949468,400,C4_dimension,4.03476927327,4,0.034769273270000234,0.008692318317500058,,,analytic_flat,not_retained
144,3,tip,"[1,1,-1]",8,949468,400,cdf_grid_distance_d2,0.721387718222,0.0,0.721387718222,,,,sampled_flat_reference_25_point_grid,source_and_reference_joint_uncertainty_unavailable
144,3,tip,"[1,1,-1]",8,949468,400,cdf_grid_distance_d3,0.37771190823100004,0.0,0.37771190823100004,,,,sampled_flat_reference_25_point_grid,source_and_reference_joint_uncertainty_unavailable
144,3,tip,"[1,1,-1]",8,949468,400,cdf_grid_distance_d4,0.085195718222,0.0,0.085195718222,,,,sampled_flat_reference_25_point_grid,source_and_reference_joint_uncertainty_unavailable
144,3,tip,"[1,1,-1]",8,949468,400,cdf_grid_distance_d5,0.249156146992,0.0,0.249156146992,,,,sampled_flat_reference_25_point_grid,source_and_reference_joint_uncertainty_unavailable
144,3,tip,"[1,1,-1]",8,949468,400,cdf_grid_distance_d6,0.46302137330900006,0.0,0.46302137330900006,,,,sampled_flat_reference_25_point_grid,source_and_reference_joint_uncertainty_unavailable
144,3,tip,"[1,1,-1]",8,949468,400,count_volume_coefficient,1.02479740063,1.0,0.02479740063000002,0.02479740063000002,,,supplied_continuum_volume,deterministic_finite_geometry_not_sampling_error
144,3,tip,"[1,1,-1]",8,949468,400,empty_interval_weight,0.0755467191399,0.0,0.0755467191399,,,,continuum_zero_lattice_sensitive_control,not_retained
144,3,tip,"[1,1,-1]",8,949468,400,interval_mean,0.00535824725269,0.009523809523809523,-0.004165562271119523,-0.4373840384675499,,,analytic_flat,not_retained
144,3,tip,"[1,1,-1]",8,949468,400,interval_mean_sampled_reference_d2,0.00535824725269,0.111230923338,-0.10587267608531,-0.9518277193797289,,,sampled_flat_reference,source_and_reference_joint_uncertainty_unavailable
144,3,tip,"[1,1,-1]",8,949468,400,interval_mean_sampled_reference_d3,0.00535824725269,0.0334036486429,-0.028045401390209997,-0.8395909587610603,,,sampled_flat_reference,source_and_reference_joint_uncertainty_unavailable
144,3,tip,"[1,1,-1]",8,949468,400,interval_mean_sampled_reference_d4,0.00535824725269,0.00953169216111,-0.00417344490842,-0.4378493176109862,,,sampled_flat_reference,source_and_reference_joint_uncertainty_unavailable
144,3,tip,"[1,1,-1]",8,949468,400,interval_mean_sampled_reference_d5,0.00535824725269,0.00264783067105,0.00271041658164,1.0236366740797593,,,sampled_flat_reference,source_and_reference_joint_uncertainty_unavailable
144,3,tip,"[1,1,-1]",8,949468,400,interval_mean_sampled_reference_d6,0.00535824725269,0.000728317610158,0.004629929642532,6.3570200390013785,,,sampled_flat_reference,source_and_reference_joint_uncertainty_unavailable
144,3,tip,"[1,1,-1]",8,949468,400,interval_second_moment_d2,0.000130049558701,0.0278764142498,-0.027746364691099,-0.9953347816711422,,,sampled_flat_reference,source_and_reference_joint_uncertainty_unavailable
144,3,tip,"[1,1,-1]",8,949468,400,interval_second_moment_d3,0.000130049558701,0.00409438370913,-0.003964334150429001,-0.9682370857399113,,,sampled_flat_reference,source_and_reference_joint_uncertainty_unavailable
144,3,tip,"[1,1,-1]",8,949468,400,interval_second_moment_d4,0.000130049558701,0.000567225438714,-0.000437175880013,-0.770726857744876,,,sampled_flat_reference,source_and_reference_joint_uncertainty_unavailable
144,3,tip,"[1,1,-1]",8,949468,400,interval_second_moment_d5,0.000130049558701,7.71570990227e-05,5.289245967829999e-05,0.6855164378683907,,,sampled_flat_reference,source_and_reference_joint_uncertainty_unavailable
144,3,tip,"[1,1,-1]",8,949468,400,interval_second_moment_d6,0.000130049558701,1.05269535255e-05,0.00011952260517549999,11.353959612909282,,,sampled_flat_reference,source_and_reference_joint_uncertainty_unavailable
55,3,tip,"[1,1,1]",4,16417,800,C2_coefficient,0.031728115862573104,0.05,-0.0182718841374269,-0.36543768274853794,0.0021497026519506357,0.042994053039012714,analytic_flat,reported_marginal_not_reconstructed
55,3,tip,"[1,1,1]",4,16417,800,C2_count,8550773.92875,13475073.600000001,-4924299.671250001,-0.36543768274853805,579348.029063,0.04299405303901271,analytic_flat,reported_marginal_not_reconstructed
55,3,tip,"[1,1,1]",4,16417,800,C2_dimension,4.53635448123,4,0.5363544812300001,0.13408862030750002,,,analytic_flat,not_retained
55,3,tip,"[1,1,1]",4,16417,800,C3_N_over_C2_squared,0.37624738496171867,0.19047619047619044,0.18577119448552823,0.9752987710490233,,,analytic_flat,not_retained
55,3,tip,"[1,1,1]",4,16417,800,C3_coefficient,0.0003787812841603842,0.0004761904761904762,-9.740919203009198e-05,-0.20455930326319316,3.296391035010625e-05,0.06922421173522313,analytic_flat,reported_marginal_not_reconstructed
55,3,tip,"[1,1,1]",4,16417,800,C3_count,1675677895.52,2106603172.8,-430925277.28,-0.20455930326319305,145827944.076,0.06922421173522311,analytic_flat,reported_marginal_not_reconstructed
55,3,tip,"[1,1,1]",4,16417,800,C3_dimension,4.10828292639,4,0.10828292639000026,0.027070731597500064,,,analytic_flat,not_retained
55,3,tip,"[1,1,1]",4,16417,800,C4_N2_over_C2_cubed,0.0012354016890246146,0.011337868480725622,-0.010102466791701008,-0.8910375710280289,,,analytic_flat,not_retained
55,3,tip,"[1,1,1]",4,16417,800,C4_coefficient,3.946575448678349e-08,1.417233560090703e-06,-1.3777678056039194e-06,-0.9721529636341256,3.861420422749662e-09,0.0027246182502921614,analytic_flat,reported_marginal_not_reconstructed
55,3,tip,"[1,1,1]",4,16417,800,C4_count,2865740541.13,102910072852.2,-100044332311.06999,-0.9721529636341256,280390662.632,0.0027246182502921614,analytic_flat,reported_marginal_not_reconstructed
55,3,tip,"[1,1,1]",4,16417,800,C4_dimension,4.96553933184,4,0.9655393318399996,0.2413848329599999,,,analytic_flat,not_retained
55,3,tip,"[1,1,1]",4,16417,800,cdf_grid_distance_d2,0.628295200716,0.0,0.628295200716,,,,sampled_flat_reference_25_point_grid,source_and_reference_joint_uncertainty_unavailable
55,3,tip,"[1,1,1]",4,16417,800,cdf_grid_distance_d3,0.626333200716,0.0,0.626333200716,,,,sampled_flat_reference_25_point_grid,source_and_reference_joint_uncertainty_unavailable
55,3,tip,"[1,1,1]",4,16417,800,cdf_grid_distance_d4,0.609174200716,0.0,0.609174200716,,,,sampled_flat_reference_25_point_grid,source_and_reference_joint_uncertainty_unavailable
55,3,tip,"[1,1,1]",4,16417,800,cdf_grid_distance_d5,0.548347200716,0.0,0.548347200716,,,,sampled_flat_reference_25_point_grid,source_and_reference_joint_uncertainty_unavailable
55,3,tip,"[1,1,1]",4,16417,800,cdf_grid_distance_d6,0.422588200716,0.0,0.422588200716,,,,sampled_flat_reference_25_point_grid,source_and_reference_joint_uncertainty_unavailable
55,3,tip,"[1,1,1]",4,16417,800,count_volume_coefficient,1.20107787701,1.0,0.2010778770099999,0.2010778770099999,,,supplied_continuum_volume,deterministic_finite_geometry_not_sampling_error
55,3,tip,"[1,1,1]",4,16417,800,empty_interval_weight,0.628354200716,0.0,0.628354200716,,,,continuum_zero_lattice_sensitive_control,not_retained
55,3,tip,"[1,1,1]",4,16417,800,interval_mean,0.0137229856008,0.009523809523809523,0.004199176076990477,0.4409134880840002,,,analytic_flat,not_retained
55,3,tip,"[1,1,1]",4,16417,800,interval_mean_sampled_reference_d2,0.0137229856008,0.111230923338,-0.0975079377372,-0.876626164838175,,,sampled_flat_reference,source_and_reference_joint_uncertainty_unavailable
55,3,tip,"[1,1,1]",4,16417,800,interval_mean_sampled_reference_d3,0.0137229856008,0.0334036486429,-0.019680663042099998,-0.5891770462710563,,,sampled_flat_reference,source_and_reference_joint_uncertainty_unavailable
55,3,tip,"[1,1,1]",4,16417,800,interval_mean_sampled_reference_d4,0.0137229856008,0.00953169216111,0.00419129343969,0.4397218635313027,,,sampled_flat_reference,source_and_reference_joint_uncertainty_unavailable
55,3,tip,"[1,1,1]",4,16417,800,interval_mean_sampled_reference_d5,0.0137229856008,0.00264783067105,0.01107515492975,4.182727789522181,,,sampled_flat_reference,source_and_reference_joint_uncertainty_unavailable
55,3,tip,"[1,1,1]",4,16417,800,interval_mean_sampled_reference_d6,0.0137229856008,0.000728317610158,0.012994667990642,17.842034586837684,,,sampled_flat_reference,source_and_reference_joint_uncertainty_unavailable
55,3,tip,"[1,1,1]",4,16417,800,interval_second_moment_d2,0.000710708140844,0.0278764142498,-0.027165706108956,-0.9745050373238338,,,sampled_flat_reference,source_and_reference_joint_uncertainty_unavailable
55,3,tip,"[1,1,1]",4,16417,800,interval_second_moment_d3,0.000710708140844,0.00409438370913,-0.0033836755682860003,-0.826418774757431,,,sampled_flat_reference,source_and_reference_joint_uncertainty_unavailable
55,3,tip,"[1,1,1]",4,16417,800,interval_second_moment_d4,0.000710708140844,0.000567225438714,0.00014348270212999998,0.25295533722059527,,,sampled_flat_reference,source_and_reference_joint_uncertainty_unavailable
55,3,tip,"[1,1,1]",4,16417,800,interval_second_moment_d5,0.000710708140844,7.71570990227e-05,0.0006335510418213,8.211182766668122,,,sampled_flat_reference,source_and_reference_joint_uncertainty_unavailable
55,3,tip,"[1,1,1]",4,16417,800,interval_second_moment_d6,0.000710708140844,1.05269535255e-05,0.0007001811873184999,66.5131830992142,,,sampled_flat_reference,source_and_reference_joint_uncertainty_unavailable
89,3,tip,"[1,1,1]",6,151359,800,C2_coefficient,0.04270585301076457,0.05,-0.007294146989235431,-0.14588293978470857,0.0027858438844801225,0.05571687768960245,analytic_flat,reported_marginal_not_reconstructed
89,3,tip,"[1,1,1]",6,151359,800,C2_count,978365277.728,1145469776.1000001,-167104498.3720001,-0.14588293978470868,63821999.4121,0.05571687768960244,analytic_flat,reported_marginal_not_reconstructed
89,3,tip,"[1,1,1]",6,151359,800,C2_dimension,4.18683799225,4,0.18683799225000008,0.04670949806250002,,,analytic_flat,not_retained
89,3,tip,"[1,1,1]",6,151359,800,C3_N_over_C2_squared,0.20515711209594029,0.19047619047619044,0.014680921619749848,0.0770748385036868,,,analytic_flat,not_retained
89,3,tip,"[1,1,1]",6,151359,800,C3_coefficient,0.0003741659371923141,0.0004761904761904762,-0.00010202453899816211,-0.21425153189614043,2.1345345387627142e-05,0.044825225314016996,analytic_flat,reported_marginal_not_reconstructed
89,3,tip,"[1,1,1]",6,151359,800,C3_count,1297419406160.0,1651189227630.1685,-353769821470.16846,-0.21425153189614043,74014929164.6,0.044825225314017,analytic_flat,reported_marginal_not_reconstructed
89,3,tip,"[1,1,1]",6,151359,800,C3_dimension,4.11407546551,4,0.11407546551000003,0.028518866377500007,,,analytic_flat,not_retained
89,3,tip,"[1,1,1]",6,151359,800,C4_N2_over_C2_cubed,0.01302946007895358,0.011337868480725622,0.0016915915982279577,0.1491983789637059,,,analytic_flat,not_retained
89,3,tip,"[1,1,1]",6,151359,800,C4_coefficient,1.0148391908621348e-06,1.417233560090703e-06,-4.023943692285682e-07,-0.28392946692767773,1.5921407775837422e-07,0.11234145326630884,analytic_flat,reported_marginal_not_reconstructed
89,3,tip,"[1,1,1]",6,151359,800,C4_count,532614534243000.0,743801776003547.0,-211187241760547.0,-0.2839294669276776,83559772458300.0,0.11234145326630886,analytic_flat,reported_marginal_not_reconstructed
89,3,tip,"[1,1,1]",6,151359,800,C4_dimension,4.09079350189,4,0.09079350189000035,0.022698375472500087,,,analytic_flat,not_retained
89,3,tip,"[1,1,1]",6,151359,800,cdf_grid_distance_d2,0.648317187938,0.0,0.648317187938,,,,sampled_flat_reference_25_point_grid,source_and_reference_joint_uncertainty_unavailable
89,3,tip,"[1,1,1]",6,151359,800,cdf_grid_distance_d3,0.33465947707899996,0.0,0.33465947707899996,,,,sampled_flat_reference_25_point_grid,source_and_reference_joint_uncertainty_unavailable
89,3,tip,"[1,1,1]",6,151359,800,cdf_grid_distance_d4,0.184408290147,0.0,0.184408290147,,,,sampled_flat_reference_25_point_grid,source_and_reference_joint_uncertainty_unavailable
89,3,tip,"[1,1,1]",6,151359,800,cdf_grid_distance_d5,0.22519973234900004,0.0,0.22519973234900004,,,,sampled_flat_reference_25_point_grid,source_and_reference_joint_uncertainty_unavailable
89,3,tip,"[1,1,1]",6,151359,800,cdf_grid_distance_d6,0.44644840318800005,0.0,0.44644840318800005,,,,sampled_flat_reference_25_point_grid,source_and_reference_joint_uncertainty_unavailable
89,3,tip,"[1,1,1]",6,151359,800,count_volume_coefficient,1.06262396769,1.0,0.06262396769,0.06262396769,,,supplied_continuum_volume,deterministic_finite_geometry_not_sampling_error
89,3,tip,"[1,1,1]",6,151359,800,empty_interval_weight,0.203588290147,0.0,0.203588290147,,,,continuum_zero_lattice_sensitive_control,not_retained
89,3,tip,"[1,1,1]",6,151359,800,interval_mean,0.00844459286509,0.009523809523809523,-0.0010792166587195225,-0.11331774916554993,,,analytic_flat,not_retained
89,3,tip,"[1,1,1]",6,151359,800,interval_mean_sampled_reference_d2,0.00844459286509,0.111230923338,-0.10278633047291,-0.9240805289422149,,,sampled_flat_reference,source_and_reference_joint_uncertainty_unavailable
89,3,tip,"[1,1,1]",6,151359,800,interval_mean_sampled_reference_d3,0.00844459286509,0.0334036486429,-0.024959055777809998,-0.7471954948584663,,,sampled_flat_reference,source_and_reference_joint_uncertainty_unavailable
89,3,tip,"[1,1,1]",6,151359,800,interval_mean_sampled_reference_d4,0.00844459286509,0.00953169216111,-0.0010870992960199995,-0.11405102867835415,,,sampled_flat_reference,source_and_reference_joint_uncertainty_unavailable
89,3,tip,"[1,1,1]",6,151359,800,interval_mean_sampled_reference_d5,0.00844459286509,0.00264783067105,0.00579676219404,2.189249583600181,,,sampled_flat_reference,source_and_reference_joint_uncertainty_unavailable
89,3,tip,"[1,1,1]",6,151359,800,interval_mean_sampled_reference_d6,0.00844459286509,0.000728317610158,0.007716275254932001,10.59465698386456,,,sampled_flat_reference,source_and_reference_joint_uncertainty_unavailable
89,3,tip,"[1,1,1]",6,151359,800,interval_second_moment_d2,0.000497004615475,0.0278764142498,-0.027379409634325,-0.9821711425644148,,,sampled_flat_reference,source_and_reference_joint_uncertainty_unavailable
89,3,tip,"[1,1,1]",6,151359,800,interval_second_moment_d3,0.000497004615475,0.00409438370913,-0.0035973790936550004,-0.8786130829978789,,,sampled_flat_reference,source_and_reference_joint_uncertainty_unavailable
89,3,tip,"[1,1,1]",6,151359,800,interval_second_moment_d4,0.000497004615475,0.000567225438714,-7.022082323900004e-05,-0.1237970275067406,,,sampled_flat_reference,source_and_reference_joint_uncertainty_unavailable
89,3,tip,"[1,1,1]",6,151359,800,interval_second_moment_d5,0.000497004615475,7.71570990227e-05,0.0004198475164523,5.441463219460581,,,sampled_flat_reference,source_and_reference_joint_uncertainty_unavailable
89,3,tip,"[1,1,1]",6,151359,800,interval_second_moment_d6,0.000497004615475,1.05269535255e-05,0.00048647766194949996,46.212578099739794,,,sampled_flat_reference,source_and_reference_joint_uncertainty_unavailable
144,3,tip,"[1,1,1]",8,949468,400,C2_coefficient,0.04022832547103852,0.05,-0.00977167452896148,-0.19543349057922954,0.003926116508424938,0.07852233016849876,analytic_flat,reported_marginal_not_reconstructed
144,3,tip,"[1,1,1]",8,949468,400,C2_count,36265374136.3,45074426677.8,-8809052541.5,-0.19543349057922954,3539349013.75,0.07852233016849874,analytic_flat,reported_marginal_not_reconstructed
144,3,tip,"[1,1,1]",8,949468,400,C2_dimension,4.25739470097,4,0.25739470096999995,0.06434867524249999,,,analytic_flat,not_retained
144,3,tip,"[1,1,1]",8,949468,400,C3_N_over_C2_squared,0.21756045878612476,0.19047619047619044,0.027084268309934323,0.14219240862715532,,,analytic_flat,not_retained
144,3,tip,"[1,1,1]",8,949468,400,C3_coefficient,0.0003520824143925801,0.0004761904761904762,-0.00012410806179789606,-0.2606269297755818,2.5670368618727488e-05,0.053907774099327725,analytic_flat,reported_marginal_not_reconstructed
144,3,tip,"[1,1,1]",8,949468,400,C3_count,301358855799000.0,407587005714895.8,-106228149915895.81,-0.2606269297755818,21972108229900.0,0.05390777409932772,analytic_flat,reported_marginal_not_reconstructed
144,3,tip,"[1,1,1]",8,949468,400,C3_dimension,4.14280732477,4,0.1428073247699997,0.03570183119249992,,,analytic_flat,not_retained
144,3,tip,"[1,1,1]",8,949468,400,C4_N2_over_C2_cubed,0.01408229158021935,0.011337868480725622,0.0027444230994937285,0.24205811737534688,,,analytic_flat,not_retained
144,3,tip,"[1,1,1]",8,949468,400,C4_coefficient,9.167914830753463e-07,1.417233560090703e-06,-5.004420770153567e-07,-0.35311192954203563,2.2038950609414055e-07,0.15550683550002556,analytic_flat,reported_marginal_not_reconstructed
144,3,tip,"[1,1,1]",8,949468,400,C4_count,7.45056408602e+17,1.151754751134207e+18,-4.06698342532207e+17,-0.35311192954203574,1.79105736621e+17,0.15550683550002556,analytic_flat,reported_marginal_not_reconstructed
144,3,tip,"[1,1,1]",8,949468,400,C4_dimension,4.11838077484,4,0.11838077484000031,0.02959519371000008,,,analytic_flat,not_retained
144,3,tip,"[1,1,1]",8,949468,400,cdf_grid_distance_d2,0.594343535163,0.0,0.594343535163,,,,sampled_flat_reference_25_point_grid,source_and_reference_joint_uncertainty_unavailable
144,3,tip,"[1,1,1]",8,949468,400,cdf_grid_distance_d3,0.308414270561,0.0,0.308414270561,,,,sampled_flat_reference_25_point_grid,source_and_reference_joint_uncertainty_unavailable
144,3,tip,"[1,1,1]",8,949468,400,cdf_grid_distance_d4,0.083919667519,0.0,0.083919667519,,,,sampled_flat_reference_25_point_grid,source_and_reference_joint_uncertainty_unavailable
144,3,tip,"[1,1,1]",8,949468,400,cdf_grid_distance_d5,0.281733702565,0.0,0.281733702565,,,,sampled_flat_reference_25_point_grid,source_and_reference_joint_uncertainty_unavailable
144,3,tip,"[1,1,1]",8,949468,400,cdf_grid_distance_d6,0.453513989134,0.0,0.453513989134,,,,sampled_flat_reference_25_point_grid,source_and_reference_joint_uncertainty_unavailable
144,3,tip,"[1,1,1]",8,949468,400,count_volume_coefficient,1.02479740063,1.0,0.02479740063000002,0.02479740063000002,,,supplied_continuum_volume,deterministic_finite_geometry_not_sampling_error
144,3,tip,"[1,1,1]",8,949468,400,empty_interval_weight,0.103099667519,0.0,0.103099667519,,,,continuum_zero_lattice_sensitive_control,not_retained
144,3,tip,"[1,1,1]",8,949468,400,interval_mean,0.0137165644751,0.009523809523809523,0.004192754951290477,0.4402392698855002,,,analytic_flat,not_retained
144,3,tip,"[1,1,1]",8,949468,400,interval_mean_sampled_reference_d2,0.0137165644751,0.111230923338,-0.0975143588629,-0.8766838927209194,,,sampled_flat_reference,source_and_reference_joint_uncertainty_unavailable
144,3,tip,"[1,1,1]",8,949468,400,interval_mean_sampled_reference_d3,0.0137165644751,0.0334036486429,-0.019687084167799997,-0.58936927454434,,,sampled_flat_reference,source_and_reference_joint_uncertainty_unavailable
144,3,tip,"[1,1,1]",8,949468,400,interval_mean_sampled_reference_d4,0.0137165644751,0.00953169216111,0.00418487231399,0.43904820290615176,,,sampled_flat_reference,source_and_reference_joint_uncertainty_unavailable
144,3,tip,"[1,1,1]",8,949468,400,interval_mean_sampled_reference_d5,0.0137165644751,0.00264783067105,0.01106873380405,4.180302738037505,,,sampled_flat_reference,source_and_reference_joint_uncertainty_unavailable
144,3,tip,"[1,1,1]",8,949468,400,interval_mean_sampled_reference_d6,0.0137165644751,0.000728317610158,0.012988246864942,17.83321820561822,,,sampled_flat_reference,source_and_reference_joint_uncertainty_unavailable
144,3,tip,"[1,1,1]",8,949468,400,interval_second_moment_d2,0.000958142443452,0.0278764142498,-0.026918271806348,-0.9656289207476219,,,sampled_flat_reference,source_and_reference_joint_uncertainty_unavailable
144,3,tip,"[1,1,1]",8,949468,400,interval_second_moment_d3,0.000958142443452,0.00409438370913,-0.0031362412656780005,-0.7659861626267579,,,sampled_flat_reference,source_and_reference_joint_uncertainty_unavailable
144,3,tip,"[1,1,1]",8,949468,400,interval_second_moment_d4,0.000958142443452,0.000567225438714,0.000390917004738,0.689173965159739,,,sampled_flat_reference,source_and_reference_joint_uncertainty_unavailable
144,3,tip,"[1,1,1]",8,949468,400,interval_second_moment_d5,0.000958142443452,7.71570990227e-05,0.0008809853444293,11.418072420920202,,,sampled_flat_reference,source_and_reference_joint_uncertainty_unavailable
144,3,tip,"[1,1,1]",8,949468,400,interval_second_moment_d6,0.000958142443452,1.05269535255e-05,0.0009476154899264999,90.01801780838497,,,sampled_flat_reference,source_and_reference_joint_uncertainty_unavailable
